zip,lat,lng
00601,18.181,-66.75
00602,18.362,-67.176
00603,18.455,-67.12
00606,18.158,-66.933
00610,18.295,-67.125
00612,18.402,-66.711
00616,18.42,-66.672
00617,18.445,-66.56
00622,17.991,-67.154
00623,18.083,-67.154
00624,18.065,-66.717
00627,18.413,-66.864
00631,18.191,-66.832
00637,18.077,-66.947
00638,18.296,-66.516
00641,18.263,-66.713
00646,18.433,-66.286
00647,17.964,-66.947
00650,18.349,-66.578
00652,18.448,-66.594
00653,17.985,-66.887
00656,18.054,-66.793
00659,18.407,-66.809
00660,18.135,-67.116
00662,18.468,-67.016
00664,18.21,-66.592
00667,18.003,-67.036
00669,18.277,-66.87
00670,18.24,-66.989
00674,18.423,-66.489
00676,18.378,-67.08
00677,18.333,-67.227
00678,18.434,-66.927
00680,18.182,-67.133
00682,18.221,-67.156
00683,18.108,-67.037
00685,18.333,-66.96
00687,18.319,-66.421
00688,18.382,-66.626
00690,18.496,-67.099
00692,18.41,-66.337
00693,18.423,-66.397
00694,18.482,-66.391
00698,18.065,-66.856
00703,18.248,-66.131
00704,17.966,-66.22
00705,18.129,-66.267
00707,18.014,-65.921
00714,18.003,-66.046
00715,18.011,-66.56
00716,17.992,-66.606
00717,18.003,-66.614
00718,18.232,-65.76
00719,18.29,-66.253
00720,18.218,-66.428
00723,18.043,-66.015
00725,18.219,-66.042
00727,18.215,-66.074
00728,17.99,-66.664
00729,18.324,-65.883
00730,18.031,-66.617
00731,18.11,-66.636
00735,18.253,-65.682
00736,18.104,-66.152
00738,18.304,-65.699
00739,18.177,-66.161
00740,18.331,-65.634
00741,18.164,-65.754
00745,18.352,-65.817
00751,18.001,-66.252
00754,18.147,-65.976
00757,17.995,-66.391
00765,18.13,-65.439
00766,18.133,-66.477
00767,18.069,-65.896
00769,18.104,-66.358
00771,18.187,-65.871
00772,18.439,-65.905
00773,18.343,-65.723
00775,18.327,-65.308
00777,18.224,-65.909
00778,18.264,-65.979
00780,18.103,-66.568
00782,18.226,-66.222
00783,18.304,-66.326
00784,18.011,-66.134
00786,18.155,-66.23
00791,18.137,-65.821
00794,18.199,-66.31
00795,18.06,-66.501
00801,18.35,-64.974
00802,18.341,-64.923
00820,17.743,-64.687
00823,17.724,-64.746
00824,17.745,-64.683
00830,18.339,-64.737
00831,18.327,-64.787
00840,17.748,-64.881
00841,17.768,-64.808
00850,17.71,-64.75
00851,17.732,-64.771
00901,18.465,-66.105
00906,18.464,-66.095
00907,18.453,-66.078
00909,18.442,-66.067
00911,18.451,-66.056
00912,18.445,-66.06
00913,18.45,-66.043
00915,18.437,-66.046
00917,18.421,-66.05
00918,18.421,-66.066
00920,18.414,-66.088
00921,18.392,-66.089
00923,18.409,-66.039
00924,18.399,-66.012
00925,18.4,-66.051
00926,18.345,-66.052
00927,18.388,-66.072
00934,18.411,-66.124
00936,18.395,-66.074
00949,18.431,-66.213
00950,18.46,-66.233
00951,18.428,-66.254
00952,18.427,-66.182
00953,18.361,-66.252
00956,18.321,-66.17
00957,18.368,-66.188
00959,18.392,-66.155
00960,18.417,-66.146
00961,18.413,-66.165
00962,18.445,-66.149
00965,18.434,-66.115
00966,18.402,-66.118
00968,18.406,-66.101
00969,18.368,-66.108
00971,18.319,-66.119
00976,18.336,-65.994
00979,18.444,-66.03
00982,18.411,-65.992
00983,18.418,-65.976
00985,18.411,-65.948
00987,18.338,-65.941
01001,42.062,-72.626
01002,42.364,-72.459
01003,42.39,-72.524
01005,42.419,-72.107
01007,42.279,-72.4
01008,42.19,-72.954
01009,42.212,-72.341
01010,42.128,-72.205
01011,42.3,-72.969
01012,42.375,-72.858
01013,42.155,-72.603
01020,42.173,-72.562
01022,42.198,-72.543
01026,42.465,-72.918
01027,42.295,-72.752
01028,42.062,-72.498
01029,42.193,-73.045
01030,42.073,-72.687
01031,42.329,-72.198
01032,42.458,-72.815
01033,42.245,-72.5
01034,42.099,-72.962
01035,42.356,-72.569
01036,42.063,-72.417
01037,42.373,-72.195
01038,42.385,-72.607
01039,42.404,-72.689
01040,42.212,-72.642
01050,42.287,-72.87
01053,42.356,-72.714
01054,42.469,-72.485
01056,42.184,-72.458
01057,42.094,-72.321
01060,42.321,-72.631
01062,42.328,-72.704
01063,42.319,-72.639
01066,42.407,-72.655
01068,42.351,-72.044
01069,42.188,-72.308
01070,42.518,-72.919
01071,42.16,-72.874
01072,42.457,-72.417
01073,42.227,-72.742
01074,42.388,-72.093
01075,42.256,-72.581
01077,42.053,-72.777
01079,42.198,-72.33
01080,42.186,-72.362
01081,42.061,-72.234
01082,42.294,-72.279
01083,42.204,-72.195
01084,42.392,-72.882
01085,42.154,-72.772
01086,42.13,-72.794
01088,42.392,-72.646
01089,42.125,-72.65
01092,42.192,-72.235
01093,42.442,-72.662
01094,42.359,-72.137
01095,42.138,-72.421
01096,42.397,-72.764
01097,42.178,-72.833
01098,42.394,-72.943
01103,42.104,-72.592
01104,42.134,-72.565
01105,42.1,-72.581
01106,42.048,-72.571
01107,42.121,-72.607
01108,42.081,-72.561
01109,42.12,-72.55
01118,42.094,-72.525
01119,42.125,-72.511
01128,42.092,-72.489
01129,42.119,-72.488
01151,42.152,-72.509
01199,42.121,-72.604
01201,42.448,-73.274
01220,42.624,-73.117
01222,42.059,-73.322
01223,42.312,-73.11
01224,42.513,-73.196
01225,42.563,-73.153
01226,42.481,-73.135
01229,42.276,-73.336
01230,42.173,-73.324
01235,42.426,-73.063
01236,42.266,-73.378
01237,42.548,-73.268
01238,42.298,-73.23
01240,42.368,-73.27
01242,42.334,-73.249
01243,42.35,-73.024
01244,42.118,-73.257
01245,42.187,-73.223
01247,42.699,-73.084
01253,42.207,-73.113
01254,42.382,-73.365
01255,42.107,-73.119
01256,42.594,-73.022
01257,42.085,-73.367
01258,42.109,-73.463
01259,42.075,-73.234
01260,42.296,-73.343
01262,42.292,-73.319
01264,42.232,-73.202
01266,42.312,-73.388
01267,42.672,-73.247
01270,42.515,-73.031
01301,42.627,-72.602
01330,42.514,-72.822
01331,42.562,-72.191
01337,42.689,-72.582
01338,42.573,-72.824
01339,42.604,-72.89
01340,42.695,-72.711
01341,42.497,-72.709
01342,42.544,-72.609
01343,42.658,-72.979
01344,42.613,-72.426
01346,42.693,-72.823
01347,42.559,-72.519
01349,42.563,-72.482
01350,42.728,-72.985
01351,42.54,-72.522
01354,42.624,-72.509
01355,42.459,-72.327
01360,42.677,-72.454
01364,42.605,-72.292
01366,42.476,-72.192
01367,42.696,-72.909
01368,42.679,-72.177
01370,42.593,-72.727
01373,42.475,-72.615
01375,42.467,-72.547
01376,42.595,-72.555
01378,42.674,-72.353
01379,42.556,-72.407
01420,42.585,-71.817
01430,42.657,-71.923
01431,42.676,-71.833
01432,42.567,-71.575
01434,42.539,-71.612
01436,42.602,-72.087
01438,42.562,-72.031
01440,42.584,-71.989
01450,42.612,-71.565
01451,42.502,-71.568
01452,42.49,-72.003
01453,42.52,-71.763
01460,42.536,-71.491
01462,42.583,-71.72
01463,42.671,-71.603
01464,42.574,-71.641
01467,42.49,-71.61
01468,42.543,-72.068
01469,42.665,-71.695
01473,42.555,-71.905
01474,42.67,-71.753
01475,42.668,-72.056
01501,42.199,-71.846
01503,42.385,-71.634
01504,42.04,-71.532
01505,42.355,-71.716
01506,42.181,-72.108
01507,42.134,-71.968
01510,42.412,-71.69
01515,42.21,-72.04
01516,42.053,-71.752
01518,42.127,-72.119
01519,42.203,-71.68
01520,42.336,-71.851
01521,42.047,-72.18
01522,42.376,-71.867
01523,42.484,-71.676
01524,42.25,-71.919
01525,42.107,-71.631
01527,42.192,-71.778
01529,42.037,-71.579
01531,42.319,-72.131
01532,42.323,-71.646
01534,42.142,-71.643
01535,42.268,-72.067
01536,42.231,-71.693
01537,42.159,-71.897
01540,42.116,-71.857
01541,42.454,-71.878
01542,42.204,-71.909
01543,42.388,-71.97
01545,42.285,-71.714
01550,42.06,-72.034
01560,42.175,-71.674
01561,42.444,-71.686
01562,42.247,-71.992
01564,42.448,-71.776
01566,42.103,-72.08
01568,42.177,-71.604
01569,42.056,-71.631
01570,42.048,-71.847
01571,42.054,-71.935
01581,42.268,-71.613
01583,42.369,-71.785
01585,42.241,-72.163
01588,42.119,-71.672
01590,42.132,-71.75
01602,42.269,-71.851
01603,42.244,-71.844
01604,42.253,-71.768
01605,42.29,-71.788
01606,42.315,-71.796
01607,42.226,-71.789
01608,42.262,-71.801
01609,42.285,-71.83
01610,42.247,-71.808
01611,42.238,-71.876
01612,42.297,-71.929
01701,42.32,-71.443
01702,42.282,-71.437
01718,42.52,-71.429
01719,42.486,-71.521
01720,42.484,-71.438
01721,42.258,-71.474
01730,42.499,-71.282
01731,42.457,-71.279
01740,42.44,-71.602
01741,42.537,-71.362
01742,42.463,-71.364
01745,42.292,-71.499
01746,42.196,-71.453
01747,42.123,-71.531
01748,42.224,-71.54
01749,42.389,-71.546
01752,42.35,-71.547
01754,42.426,-71.456
01756,42.094,-71.545
01757,42.159,-71.521
01760,42.285,-71.349
01770,42.232,-71.373
01772,42.303,-71.531
01773,42.426,-71.311
01775,42.43,-71.513
01776,42.383,-71.421
01778,42.344,-71.381
01801,42.489,-71.154
01803,42.503,-71.202
01810,42.648,-71.162
01821,42.549,-71.252
01824,42.591,-71.355
01826,42.68,-71.301
01827,42.676,-71.5
01830,42.796,-71.053
01832,42.791,-71.133
01833,42.728,-70.982
01834,42.754,-71.016
01835,42.751,-71.094
01840,42.707,-71.16
01841,42.712,-71.165
01843,42.69,-71.16
01844,42.742,-71.179
01845,42.674,-71.091
01850,42.656,-71.303
01851,42.628,-71.335
01852,42.632,-71.296
01854,42.649,-71.348
01860,42.839,-71.012
01862,42.579,-71.296
01863,42.634,-71.389
01864,42.578,-71.084
01867,42.535,-71.105
01876,42.612,-71.228
01879,42.668,-71.429
01880,42.502,-71.067
01886,42.586,-71.44
01887,42.565,-71.165
01890,42.453,-71.144
01901,42.46,-70.946
01902,42.471,-70.942
01904,42.492,-70.974
01905,42.466,-70.976
01906,42.468,-71.014
01907,42.474,-70.907
01908,42.428,-70.926
01913,42.851,-70.956
01915,42.571,-70.868
01921,42.683,-71.018
01922,42.757,-70.914
01923,42.574,-70.951
01929,42.64,-70.771
01930,42.62,-70.682
01937,42.586,-70.984
01938,42.684,-70.843
01940,42.534,-71.038
01944,42.577,-70.767
01945,42.502,-70.859
01949,42.607,-71.01
01950,42.812,-70.891
01951,42.773,-70.85
01952,42.845,-70.841
01960,42.534,-70.97
01966,42.641,-70.62
01969,42.721,-70.891
01970,42.524,-70.871
01982,42.626,-70.857
01983,42.641,-70.943
01984,42.601,-70.883
01985,42.8,-70.964
02019,42.077,-71.474
02021,42.176,-71.125
02025,42.236,-70.814
02026,42.247,-71.179
02030,42.234,-71.291
02032,42.157,-71.216
02035,42.061,-71.246
02038,42.085,-71.411
02043,42.216,-70.881
02045,42.292,-70.924
02047,42.134,-70.686
02048,42.017,-71.216
02050,42.115,-70.71
02052,42.185,-71.305
02053,42.156,-71.43
02054,42.173,-71.364
02056,42.114,-71.334
02061,42.165,-70.819
02062,42.187,-71.196
02066,42.202,-70.758
02067,42.108,-71.182
02071,42.103,-71.274
02072,42.119,-71.104
02081,42.147,-71.271
02090,42.22,-71.217
02093,42.053,-71.357
02108,42.358,-71.065
02109,42.367,-71.05
02110,42.362,-71.048
02111,42.351,-71.059
02113,42.365,-71.055
02114,42.363,-71.069
02115,42.337,-71.106
02116,42.351,-71.076
02118,42.338,-71.07
02119,42.324,-71.085
02120,42.332,-71.097
02121,42.306,-71.086
02122,42.291,-71.042
02124,42.286,-71.071
02125,42.316,-71.056
02126,42.274,-71.097
02127,42.335,-71.039
02128,42.361,-71.007
02129,42.38,-71.061
02130,42.309,-71.114
02131,42.284,-71.126
02132,42.28,-71.162
02134,42.358,-71.129
02135,42.35,-71.154
02136,42.255,-71.129
02138,42.38,-71.135
02139,42.363,-71.103
02140,42.392,-71.134
02141,42.37,-71.083
02142,42.361,-71.082
02143,42.381,-71.097
02144,42.4,-71.123
02145,42.392,-71.09
02148,42.429,-71.059
02149,42.406,-71.055
02150,42.397,-71.031
02151,42.418,-71.001
02152,42.373,-70.975
02155,42.424,-71.108
02163,42.366,-71.123
02169,42.248,-71.002
02170,42.266,-71.016
02171,42.293,-71.018
02176,42.456,-71.059
02180,42.474,-71.098
02184,42.206,-71.002
02186,42.242,-71.082
02188,42.205,-70.958
02189,42.21,-70.928
02190,42.167,-70.952
02191,42.243,-70.942
02199,42.347,-71.082
02203,42.361,-71.059
02210,42.347,-71.039
02215,42.348,-71.103
02301,42.078,-71.042
02302,42.089,-70.998
02322,42.132,-71.054
02324,41.972,-70.979
02330,41.879,-70.743
02332,42.044,-70.706
02333,42.037,-70.94
02338,42.003,-70.863
02339,42.123,-70.856
02341,42.05,-70.867
02343,42.14,-70.997
02346,41.878,-70.869
02347,41.834,-70.957
02351,42.12,-70.957
02356,42.061,-71.12
02357,42.055,-71.081
02359,42.068,-70.806
02360,41.882,-70.631
02364,41.987,-70.742
02366,41.851,-70.655
02367,41.959,-70.803
02368,42.176,-71.052
02370,42.13,-70.911
02375,42.003,-71.077
02379,42.022,-71.027
02382,42.079,-70.939
02420,42.457,-71.215
02421,42.439,-71.24
02445,42.325,-71.135
02446,42.344,-71.122
02451,42.398,-71.256
02452,42.393,-71.214
02453,42.37,-71.241
02457,42.299,-71.274
02458,42.354,-71.188
02459,42.315,-71.192
02460,42.352,-71.208
02461,42.317,-71.207
02462,42.329,-71.256
02464,42.313,-71.219
02465,42.349,-71.226
02466,42.344,-71.249
02467,42.314,-71.153
02468,42.329,-71.23
02472,42.369,-71.178
02474,42.421,-71.156
02476,42.416,-71.176
02478,42.395,-71.18
02481,42.312,-71.276
02482,42.293,-71.299
02492,42.276,-71.245
02493,42.361,-71.303
02494,42.299,-71.233
02532,41.752,-70.598
02534,41.669,-70.619
02535,41.337,-70.761
02536,41.596,-70.567
02537,41.728,-70.436
02538,41.777,-70.642
02539,41.378,-70.522
02540,41.574,-70.632
02542,41.708,-70.546
02543,41.479,-70.767
02553,41.712,-70.623
02554,41.291,-70.093
02556,41.639,-70.625
02557,41.442,-70.576
02558,41.745,-70.654
02559,41.69,-70.616
02561,41.767,-70.541
02562,41.787,-70.527
02563,41.728,-70.477
02564,41.272,-69.984
02568,41.459,-70.613
02571,41.761,-70.696
02575,41.4,-70.657
02576,41.772,-70.763
02584,41.259,-70.007
02601,41.658,-70.298
02630,41.707,-70.313
02631,41.748,-70.066
02632,41.659,-70.347
02633,41.69,-69.972
02635,41.624,-70.439
02637,41.706,-70.271
02638,41.73,-70.197
02639,41.668,-70.137
02641,41.751,-70.153
02642,41.841,-69.977
02643,41.798,-69.937
02644,41.683,-70.511
02645,41.711,-70.058
02646,41.671,-70.071
02647,41.63,-70.31
02648,41.671,-70.415
02649,41.617,-70.49
02650,41.702,-69.961
02651,41.875,-70.003
02652,42.05,-70.095
02653,41.769,-69.974
02655,41.628,-70.392
02657,42.06,-70.2
02659,41.681,-70.024
02660,41.708,-70.159
02663,41.894,-70.012
02664,41.675,-70.196
02666,41.991,-70.046
02667,41.922,-70.023
02668,41.716,-70.363
02669,41.667,-69.99
02670,41.66,-70.171
02671,41.671,-70.113
02672,41.636,-70.314
02673,41.656,-70.247
02675,41.704,-70.232
02702,41.785,-71.059
02703,41.932,-71.295
02713,41.441,-70.902
02715,41.804,-71.153
02717,41.76,-70.973
02718,41.862,-71.012
02719,41.634,-70.871
02720,41.725,-71.121
02721,41.675,-71.148
02723,41.693,-71.13
02724,41.684,-71.177
02725,41.72,-71.188
02726,41.76,-71.145
02738,41.704,-70.752
02739,41.666,-70.815
02740,41.637,-70.938
02743,41.718,-70.901
02744,41.606,-70.914
02745,41.701,-70.951
02746,41.661,-70.94
02747,41.665,-71.016
02748,41.553,-70.971
02760,41.973,-71.334
02762,42.013,-71.337
02763,41.967,-71.309
02764,41.852,-71.154
02766,41.965,-71.182
02767,41.941,-71.048
02769,41.847,-71.245
02770,41.76,-70.838
02771,41.842,-71.322
02777,41.758,-71.214
02779,41.838,-71.078
02780,41.909,-71.118
02790,41.599,-71.082
02791,41.529,-71.078
02802,41.952,-71.456
02804,41.435,-71.77
02806,41.735,-71.32
02807,41.177,-71.577
02808,41.408,-71.75
02809,41.676,-71.273
02812,41.479,-71.652
02813,41.394,-71.67
02814,41.896,-71.7
02815,41.775,-71.648
02816,41.696,-71.623
02817,41.637,-71.678
02818,41.643,-71.486
02822,41.57,-71.627
02825,41.782,-71.727
02826,41.983,-71.653
02827,41.699,-71.739
02828,41.88,-71.564
02830,41.975,-71.651
02831,41.775,-71.62
02832,41.515,-71.73
02833,41.492,-71.77
02835,41.51,-71.378
02836,41.455,-71.62
02837,41.519,-71.167
02838,41.965,-71.476
02839,41.941,-71.642
02840,41.478,-71.322
02841,41.512,-71.332
02842,41.519,-71.282
02852,41.589,-71.46
02857,41.823,-71.634
02858,41.964,-71.651
02859,41.959,-71.757
02860,41.871,-71.389
02861,41.879,-71.353
02863,41.89,-71.393
02864,41.967,-71.429
02865,41.915,-71.45
02871,41.587,-71.261
02872,41.597,-71.321
02873,41.533,-71.781
02874,41.509,-71.482
02875,41.456,-71.639
02876,41.994,-71.585
02878,41.609,-71.178
02879,41.424,-71.534
02881,41.478,-71.525
02882,41.415,-71.465
02885,41.725,-71.259
02886,41.704,-71.456
02888,41.748,-71.406
02889,41.701,-71.377
02891,41.362,-71.79
02892,41.492,-71.595
02893,41.679,-71.519
02894,41.444,-71.703
02895,42.002,-71.5
02896,41.975,-71.544
02898,41.518,-71.669
02903,41.818,-71.409
02904,41.858,-71.436
02905,41.785,-71.396
02906,41.84,-71.39
02907,41.799,-71.425
02908,41.84,-71.437
02909,41.821,-71.453
02910,41.775,-71.436
02911,41.855,-71.473
02912,41.826,-71.402
02914,41.815,-71.365
02915,41.773,-71.355
02916,41.843,-71.352
02917,41.906,-71.523
02919,41.827,-71.52
02920,41.767,-71.466
02921,41.768,-71.516
03031,42.875,-71.601
03032,42.997,-71.363
03033,42.749,-71.676
03034,43.057,-71.341
03036,42.985,-71.255
03037,43.141,-71.248
03038,42.893,-71.277
03042,43.054,-71.084
03043,42.997,-71.818
03044,43.0,-71.119
03045,43.022,-71.563
03046,43.116,-71.595
03047,42.939,-71.879
03048,42.743,-71.762
03049,42.75,-71.585
03051,42.761,-71.409
03052,42.846,-71.468
03053,42.87,-71.388
03054,42.852,-71.52
03055,42.819,-71.673
03057,42.909,-71.694
03060,42.741,-71.458
03062,42.722,-71.501
03063,42.782,-71.518
03064,42.779,-71.475
03070,42.981,-71.678
03071,42.746,-71.874
03076,42.731,-71.337
03077,43.038,-71.205
03079,42.788,-71.222
03082,42.896,-71.768
03084,42.827,-71.875
03086,42.832,-71.76
03087,42.811,-71.303
03101,42.989,-71.466
03102,43.012,-71.491
03103,42.951,-71.447
03104,43.01,-71.44
03106,43.083,-71.447
03109,42.964,-71.4
03110,42.936,-71.537
03215,43.943,-71.448
03216,43.451,-71.798
03217,43.726,-71.643
03218,43.338,-71.277
03220,43.474,-71.482
03221,43.258,-71.96
03222,43.643,-71.789
03223,43.855,-71.685
03224,43.362,-71.558
03225,43.364,-71.242
03226,43.712,-71.504
03227,43.841,-71.481
03229,43.202,-71.697
03230,43.509,-71.89
03231,43.473,-71.762
03233,43.424,-71.931
03234,43.205,-71.349
03235,43.449,-71.674
03237,43.423,-71.387
03238,43.984,-71.911
03240,43.575,-71.952
03241,43.752,-71.817
03242,43.169,-71.831
03243,43.528,-71.769
03244,43.128,-71.917
03245,43.762,-71.583
03246,43.576,-71.482
03249,43.519,-71.376
03251,44.101,-71.494
03253,43.631,-71.499
03254,43.718,-71.369
03255,43.314,-72.025
03256,43.623,-71.633
03257,43.418,-71.991
03258,43.265,-71.409
03259,43.876,-71.395
03260,43.343,-71.924
03261,43.212,-71.223
03262,44.0,-71.714
03263,43.289,-71.309
03264,43.739,-71.703
03266,43.783,-71.885
03268,43.386,-71.773
03269,43.524,-71.602
03273,43.302,-71.927
03275,43.171,-71.417
03276,43.431,-71.576
03278,43.309,-71.836
03279,43.966,-71.859
03280,43.19,-72.094
03281,43.078,-71.704
03282,43.859,-71.924
03284,43.473,-72.014
03285,43.948,-71.636
03287,43.443,-71.923
03290,43.13,-71.132
03291,43.179,-71.143
03293,43.971,-71.68
03301,43.239,-71.556
03303,43.312,-71.665
03304,43.133,-71.537
03307,43.334,-71.447
03431,42.965,-72.295
03440,43.05,-71.982
03441,42.781,-72.447
03442,43.02,-71.904
03443,42.876,-72.456
03444,42.889,-72.07
03445,43.021,-72.214
03446,42.858,-72.296
03447,42.753,-72.153
03448,43.053,-72.274
03449,42.977,-71.998
03450,42.949,-72.069
03451,42.809,-72.505
03452,42.829,-72.06
03455,42.902,-72.173
03456,43.139,-72.209
03457,42.999,-72.122
03458,42.868,-71.94
03461,42.757,-72.013
03462,42.889,-72.389
03464,43.091,-72.127
03465,42.829,-72.189
03466,42.89,-72.503
03467,42.968,-72.431
03470,42.771,-72.354
03561,44.343,-71.795
03570,44.505,-71.155
03574,44.26,-71.609
03575,44.314,-71.403
03576,44.912,-71.385
03579,44.965,-71.026
03580,44.163,-71.693
03581,44.29,-71.152
03582,44.563,-71.442
03583,44.397,-71.465
03584,44.484,-71.546
03585,44.222,-71.877
03586,44.218,-71.8
03588,44.623,-71.212
03590,44.75,-71.479
03592,45.116,-71.261
03593,44.301,-71.3
03595,44.305,-71.497
03597,44.745,-71.382
03598,44.379,-71.629
03601,43.239,-72.286
03602,43.141,-72.348
03603,43.247,-72.384
03604,43.127,-72.377
03605,43.237,-72.185
03607,43.197,-72.268
03608,43.077,-72.396
03609,43.144,-72.446
03740,44.184,-71.979
03741,43.677,-72.007
03743,43.361,-72.327
03745,43.476,-72.334
03746,43.494,-72.257
03748,43.589,-72.132
03750,43.721,-72.185
03751,43.45,-72.092
03752,43.272,-72.101
03753,43.517,-72.149
03754,43.377,-72.138
03755,43.728,-72.143
03765,44.035,-72.05
03766,43.633,-72.235
03768,43.817,-72.094
03770,43.531,-72.259
03771,44.297,-71.981
03773,43.371,-72.203
03774,44.1,-71.985
03777,43.883,-72.034
03779,43.962,-72.001
03780,44.047,-71.989
03781,43.56,-72.299
03782,43.39,-72.093
03784,43.638,-72.306
03785,44.044,-71.912
03801,43.075,-70.805
03809,43.465,-71.2
03810,43.513,-71.295
03811,42.839,-71.167
03812,44.081,-71.297
03813,44.127,-71.061
03814,43.771,-71.182
03816,43.689,-71.259
03817,43.887,-71.229
03818,43.96,-71.274
03819,42.928,-71.12
03820,43.191,-70.888
03823,43.175,-70.941
03824,43.117,-70.919
03825,43.216,-71.039
03826,42.89,-71.131
03827,42.904,-70.996
03830,43.614,-70.994
03832,43.907,-71.048
03833,42.978,-70.988
03835,43.373,-71.083
03836,43.842,-71.075
03837,43.422,-71.336
03838,44.111,-71.223
03839,43.263,-70.991
03840,43.04,-70.846
03841,42.882,-71.182
03842,42.94,-70.837
03844,42.925,-70.886
03845,44.095,-71.121
03846,44.188,-71.156
03847,44.072,-71.124
03848,42.914,-71.074
03849,43.902,-71.13
03850,43.691,-71.298
03851,43.437,-71.025
03852,43.495,-70.986
03853,43.643,-71.283
03854,43.062,-70.717
03855,43.464,-71.152
03856,43.039,-70.968
03857,43.071,-70.947
03858,42.87,-71.046
03860,44.036,-71.117
03861,43.119,-71.007
03862,42.98,-70.829
03864,43.69,-71.103
03865,42.846,-71.093
03867,43.304,-70.988
03868,43.323,-70.934
03869,43.22,-70.843
03870,43.009,-70.758
03871,42.981,-70.777
03872,43.571,-71.043
03873,42.934,-71.184
03874,42.883,-70.861
03875,43.895,-71.189
03878,43.253,-70.888
03882,43.747,-71.042
03883,43.809,-71.32
03884,43.275,-71.17
03885,43.015,-70.903
03886,43.864,-71.296
03887,43.5,-71.074
03890,43.801,-71.201
03894,43.604,-71.177
03901,43.299,-70.842
03902,43.215,-70.629
03903,43.146,-70.774
03904,43.108,-70.729
03905,43.086,-70.687
03906,43.352,-70.779
03907,43.256,-70.611
03908,43.23,-70.752
03909,43.166,-70.679
03910,43.185,-70.603
03911,43.142,-70.626
04001,43.52,-70.923
04002,43.489,-70.662
04003,43.727,-69.957
04005,43.492,-70.487
04006,43.444,-70.345
04008,44.044,-69.864
04009,44.048,-70.743
04010,43.931,-70.919
04011,43.896,-69.973
04015,43.976,-70.521
04017,43.739,-70.088
04019,43.686,-70.103
04020,43.767,-70.809
04021,43.792,-70.265
04022,43.996,-70.814
04024,43.836,-70.685
04027,43.4,-70.913
04029,43.903,-70.69
04030,43.589,-70.696
04032,43.845,-70.09
04037,44.102,-70.943
04038,43.704,-70.464
04039,43.905,-70.367
04040,44.143,-70.82
04041,43.849,-70.831
04042,43.631,-70.614
04043,43.393,-70.577
04046,43.43,-70.474
04047,43.733,-70.899
04048,43.688,-70.782
04049,43.746,-70.7
04050,43.686,-70.154
04051,44.192,-70.886
04055,43.976,-70.639
04056,43.66,-70.884
04057,44.102,-70.699
04061,43.634,-70.739
04062,43.795,-70.405
04063,43.5,-70.395
04064,43.525,-70.388
04066,43.766,-69.967
04068,43.838,-70.947
04069,43.904,-70.182
04071,43.927,-70.451
04072,43.55,-70.466
04073,43.419,-70.748
04074,43.59,-70.366
04076,43.554,-70.833
04079,43.791,-69.972
04083,43.464,-70.814
04084,43.762,-70.567
04085,43.773,-70.617
04086,43.965,-69.956
04087,43.569,-70.744
04088,44.203,-70.722
04090,43.331,-70.646
04091,43.839,-70.745
04092,43.708,-70.353
04093,43.636,-70.539
04095,43.629,-70.914
04096,43.788,-70.156
04097,43.846,-70.242
04101,43.663,-70.258
04102,43.655,-70.298
04103,43.694,-70.288
04105,43.74,-70.277
04106,43.631,-70.286
04107,43.587,-70.236
04108,43.66,-70.186
04109,43.638,-70.171
04110,43.746,-70.18
04210,44.085,-70.25
04216,44.709,-70.855
04217,44.38,-70.815
04219,44.401,-70.558
04220,44.343,-70.347
04221,44.482,-70.277
04222,43.956,-70.132
04224,44.56,-70.416
04226,44.594,-70.693
04227,44.568,-70.293
04228,44.433,-70.115
04231,44.263,-70.875
04234,44.624,-70.192
04236,44.19,-70.145
04237,44.495,-70.734
04238,44.209,-70.389
04239,44.517,-70.202
04240,44.09,-70.172
04250,44.011,-70.127
04252,44.037,-70.059
04253,44.412,-70.216
04254,44.445,-70.138
04255,44.346,-70.656
04256,44.105,-70.405
04257,44.553,-70.495
04258,44.138,-70.336
04259,44.234,-70.015
04260,43.958,-70.296
04261,44.504,-70.962
04263,44.295,-70.133
04265,44.279,-70.043
04267,44.207,-70.792
04268,44.226,-70.61
04270,44.117,-70.527
04271,44.264,-70.498
04274,44.048,-70.394
04275,44.703,-70.648
04276,44.56,-70.625
04280,44.117,-70.063
04281,44.248,-70.491
04282,44.265,-70.248
04284,44.363,-70.061
04285,44.698,-70.449
04286,44.401,-70.865
04287,44.051,-69.968
04289,44.319,-70.523
04290,44.461,-70.452
04292,44.386,-70.45
04294,44.638,-70.275
04330,44.352,-69.748
04342,44.086,-69.737
04343,44.329,-69.892
04344,44.261,-69.828
04345,44.195,-69.794
04346,44.237,-69.751
04347,44.287,-69.818
04348,44.211,-69.499
04349,44.434,-70.067
04350,44.172,-69.934
04351,44.342,-69.862
04352,44.466,-69.96
04353,44.198,-69.62
04354,44.396,-69.431
04355,44.384,-69.95
04357,44.117,-69.83
04358,44.414,-69.535
04359,44.178,-69.763
04360,44.555,-70.0
04363,44.315,-69.571
04364,44.31,-69.963
04401,44.849,-68.85
04406,45.229,-69.597
04408,44.894,-68.304
04410,45.088,-68.907
04411,44.868,-68.586
04412,44.785,-68.735
04413,45.561,-67.765
04414,45.443,-69.115
04415,45.4,-69.058
04416,44.624,-68.75
04417,45.232,-68.342
04418,45.086,-68.466
04419,44.8,-69.003
04421,44.409,-68.816
04422,45.078,-69.031
04424,45.68,-67.876
04426,45.213,-69.189
04427,44.981,-69.011
04428,44.806,-68.554
04429,44.721,-68.617
04430,45.637,-68.575
04431,44.561,-68.673
04434,44.764,-69.128
04435,44.963,-69.125
04438,44.599,-68.928
04441,45.702,-69.623
04442,45.498,-69.727
04443,45.228,-69.353
04444,44.729,-68.95
04448,45.296,-68.711
04449,44.993,-68.888
04450,44.916,-68.928
04451,45.607,-68.222
04453,45.162,-68.761
04454,45.552,-67.561
04455,45.299,-68.26
04456,44.877,-68.997
04457,45.413,-68.48
04459,45.589,-68.34
04460,45.713,-68.521
04461,44.955,-68.582
04462,45.973,-69.012
04463,45.287,-68.895
04464,45.442,-69.305
04468,45.025,-68.735
04469,44.901,-68.668
04471,45.917,-67.857
04472,44.576,-68.67
04473,44.882,-68.739
04474,44.689,-68.763
04475,45.184,-68.59
04476,44.483,-68.706
04478,45.865,-69.816
04479,45.124,-69.287
04481,45.246,-69.093
04485,45.358,-69.63
04487,45.388,-68.104
04488,44.872,-69.114
04489,44.91,-68.69
04490,45.437,-67.868
04491,45.573,-67.471
04492,45.367,-67.681
04493,45.237,-68.525
04495,45.477,-68.339
04496,44.651,-68.909
04497,45.755,-68.061
04530,43.888,-69.827
04535,44.098,-69.629
04537,43.875,-69.621
04538,43.852,-69.628
04539,43.974,-69.502
04541,43.894,-69.477
04543,44.022,-69.491
04544,43.844,-69.582
04547,43.979,-69.333
04548,43.833,-69.739
04551,43.976,-69.431
04553,44.052,-69.568
04554,43.863,-69.512
04555,44.101,-69.483
04556,43.976,-69.611
04558,43.885,-69.514
04562,43.771,-69.819
04563,44.014,-69.259
04564,43.922,-69.465
04568,43.872,-69.558
04570,43.809,-69.631
04571,43.897,-69.674
04572,44.122,-69.383
04573,43.951,-69.552
04574,44.261,-69.392
04575,43.852,-69.662
04576,43.813,-69.663
04578,43.982,-69.693
04579,43.96,-69.769
04605,44.673,-68.392
04606,44.541,-67.712
04607,44.467,-68.087
04609,44.397,-68.264
04611,44.467,-67.613
04612,44.232,-68.415
04613,44.377,-68.03
04614,44.403,-68.569
04616,44.261,-68.54
04617,44.35,-68.766
04619,45.143,-67.218
04622,44.751,-67.967
04623,44.744,-67.734
04624,44.424,-67.986
04625,44.256,-68.266
04626,44.669,-67.222
04627,44.237,-68.608
04628,44.873,-67.281
04629,44.423,-68.506
04630,44.87,-67.477
04631,44.911,-67.009
04634,44.651,-68.221
04635,44.172,-68.351
04637,45.197,-67.816
04640,44.525,-68.285
04642,44.331,-68.81
04643,44.538,-67.819
04644,44.414,-68.252
04645,44.067,-68.616
04646,44.246,-68.225
04648,44.666,-67.595
04649,44.547,-67.49
04650,44.293,-68.723
04652,44.82,-67.062
04653,44.209,-68.335
04654,44.757,-67.54
04655,44.656,-67.379
04657,44.97,-67.416
04658,44.508,-67.878
04660,44.336,-68.346
04662,44.301,-68.292
04664,44.54,-68.12
04666,44.981,-67.224
04667,44.984,-67.101
04668,45.213,-67.586
04669,44.408,-68.015
04671,45.067,-67.15
04673,44.317,-68.68
04674,44.274,-68.459
04675,44.301,-68.251
04676,44.347,-68.634
04677,44.477,-68.182
04679,44.279,-68.325
04680,44.478,-67.947
04681,44.15,-68.645
04683,44.245,-68.788
04684,44.467,-68.507
04685,44.152,-68.465
04686,44.997,-67.694
04691,44.76,-67.255
04693,44.376,-68.094
04694,45.115,-67.478
04730,46.191,-67.861
04732,46.327,-68.939
04733,45.757,-68.404
04734,46.468,-67.956
04735,46.415,-67.861
04736,46.911,-68.029
04739,46.996,-68.673
04740,46.633,-67.848
04741,47.454,-69.223
04742,46.776,-67.859
04743,47.2,-68.614
04745,47.282,-68.389
04746,47.256,-68.137
04747,46.005,-68.234
04750,46.955,-67.857
04756,47.322,-68.298
04757,46.668,-68.169
04758,46.559,-67.853
04760,46.339,-67.955
04761,46.117,-67.975
04762,46.958,-68.125
04763,46.075,-68.115
04764,46.399,-68.585
04765,46.159,-68.591
04766,46.892,-68.216
04768,46.863,-68.892
04769,46.689,-67.992
04772,47.23,-68.311
04773,47.267,-68.223
04774,47.077,-69.154
04776,45.872,-68.325
04777,45.843,-68.501
04779,47.125,-68.324
04780,46.239,-68.285
04781,47.15,-68.613
04783,47.04,-68.175
04785,47.132,-67.978
04786,46.795,-68.192
04787,46.533,-67.966
04841,44.134,-69.134
04843,44.238,-69.064
04847,44.241,-69.189
04848,44.299,-68.915
04849,44.316,-69.026
04851,43.877,-68.869
04852,43.767,-69.31
04853,44.136,-68.867
04854,44.076,-69.08
04855,43.938,-69.265
04856,44.181,-69.122
04858,44.047,-69.154
04859,43.999,-69.144
04860,43.98,-69.216
04861,44.108,-69.171
04862,44.263,-69.278
04863,44.069,-68.853
04864,44.128,-69.244
04901,44.541,-69.573
04910,44.508,-69.445
04911,44.77,-69.973
04912,44.981,-69.69
04915,44.464,-69.038
04917,44.488,-69.839
04918,44.517,-69.866
04920,45.142,-69.854
04921,44.561,-69.137
04922,44.688,-69.385
04923,45.029,-69.446
04924,44.782,-69.546
04925,45.212,-69.903
04926,44.48,-69.514
04927,44.665,-69.541
04928,44.943,-69.258
04929,44.773,-69.302
04930,45.028,-69.318
04932,44.698,-69.144
04933,44.816,-69.231
04936,45.422,-70.624
04937,44.652,-69.661
04938,44.662,-70.103
04939,45.077,-69.159
04940,44.624,-70.083
04941,44.47,-69.284
04942,45.077,-69.586
04943,44.88,-69.52
04944,44.687,-69.644
04945,45.87,-70.266
04947,45.049,-70.269
04949,44.369,-69.336
04950,44.826,-69.8
04951,44.607,-69.071
04952,44.413,-69.155
04953,44.86,-69.237
04955,44.647,-69.993
04956,44.808,-70.11
04957,44.702,-69.843
04958,44.897,-69.917
04961,45.138,-70.144
04962,44.489,-69.626
04963,44.589,-69.887
04964,44.867,-70.774
04965,44.843,-69.368
04966,44.815,-70.427
04967,44.77,-69.434
04969,44.785,-69.236
04970,45.008,-70.618
04971,44.93,-69.391
04973,44.368,-69.186
04974,44.471,-68.929
04975,44.625,-69.588
04976,44.789,-69.668
04978,44.642,-69.8
04979,44.939,-69.808
04981,44.514,-68.839
04982,45.098,-70.431
04983,44.979,-70.367
04984,44.697,-70.267
04985,45.369,-69.931
04986,44.549,-69.211
04987,44.674,-69.252
04988,44.57,-69.362
04989,44.429,-69.648
04992,44.664,-70.163
05001,43.672,-72.38
05031,43.702,-72.595
05032,43.802,-72.658
05033,44.012,-72.158
05034,43.575,-72.643
05035,43.612,-72.686
05036,44.024,-72.588
05037,43.458,-72.493
05038,43.99,-72.455
05039,44.063,-72.313
05040,44.07,-72.199
05041,43.957,-72.539
05042,44.222,-72.097
05043,43.805,-72.205
05045,43.918,-72.18
05046,44.232,-72.258
05048,43.581,-72.428
05050,44.267,-72.064
05051,44.104,-72.122
05052,43.597,-72.36
05053,43.719,-72.489
05055,43.778,-72.324
05056,43.509,-72.694
05058,43.881,-72.272
05059,43.638,-72.428
05060,43.967,-72.709
05061,43.917,-72.57
05062,43.496,-72.6
05065,43.782,-72.423
05067,43.677,-72.518
05068,43.781,-72.548
05069,44.204,-72.131
05070,43.852,-72.343
05071,43.562,-72.546
05072,43.899,-72.372
05075,43.845,-72.283
05076,44.142,-72.231
05077,43.909,-72.459
05079,43.957,-72.327
05081,44.123,-72.066
05083,43.919,-72.268
05084,43.73,-72.451
05086,44.109,-72.301
05089,43.496,-72.442
05091,43.631,-72.57
05101,43.182,-72.493
05141,43.151,-72.569
05142,43.398,-72.58
05143,43.278,-72.64
05146,43.185,-72.634
05148,43.231,-72.791
05149,43.381,-72.712
05150,43.334,-72.531
05151,43.395,-72.497
05152,43.233,-72.939
05153,43.418,-72.643
05154,43.135,-72.546
05155,43.092,-72.914
05156,43.311,-72.462
05158,43.084,-72.47
05161,43.321,-72.803
05201,42.869,-73.129
05250,43.104,-73.173
05251,43.264,-73.064
05252,43.082,-73.067
05253,43.246,-73.002
05254,43.152,-73.061
05255,43.138,-73.022
05257,42.959,-73.261
05260,42.821,-73.274
05261,42.77,-73.179
05262,42.974,-73.075
05301,42.839,-72.66
05340,43.169,-72.972
05341,42.975,-72.801
05342,42.777,-72.795
05343,43.103,-72.82
05345,42.987,-72.685
05346,43.038,-72.537
05350,42.791,-72.973
05352,42.808,-73.076
05353,43.071,-72.682
05354,42.764,-72.522
05355,43.019,-72.812
05356,42.976,-72.865
05358,42.773,-72.705
05359,43.153,-72.716
05360,43.0,-72.947
05361,42.781,-72.879
05362,42.935,-72.66
05363,42.883,-72.893
05401,44.477,-73.21
05403,44.445,-73.173
05404,44.496,-73.185
05405,44.474,-73.196
05408,44.512,-73.25
05439,44.495,-73.165
05440,44.958,-73.292
05441,44.806,-72.72
05442,44.757,-72.671
05443,44.139,-73.04
05444,44.65,-72.897
05445,44.31,-73.221
05446,44.541,-73.184
05447,44.932,-72.702
05448,44.75,-72.901
05450,44.895,-72.795
05452,44.539,-73.05
05454,44.71,-73.029
05455,44.802,-72.967
05456,44.221,-73.265
05457,44.959,-72.922
05458,44.718,-73.307
05459,44.95,-73.005
05461,44.333,-73.087
05462,44.313,-72.952
05463,44.871,-73.349
05464,44.646,-72.819
05465,44.464,-72.951
05468,44.657,-73.144
05471,44.828,-72.578
05472,44.103,-73.155
05473,44.242,-73.195
05474,44.788,-73.298
05476,44.955,-72.643
05477,44.417,-72.962
05478,44.808,-73.083
05481,44.773,-73.205
05482,44.381,-73.211
05483,44.89,-72.963
05485,44.9,-72.971
05486,44.642,-73.308
05487,44.21,-72.993
05488,44.921,-73.125
05489,44.571,-72.902
05491,44.112,-73.311
05492,44.738,-72.762
05494,44.607,-73.004
05495,44.429,-73.096
05602,44.275,-72.609
05640,44.342,-72.5
05641,44.189,-72.472
05647,44.409,-72.259
05648,44.383,-72.492
05649,44.167,-72.347
05650,44.385,-72.436
05651,44.282,-72.489
05652,44.724,-72.611
05653,44.715,-72.473
05654,44.14,-72.476
05655,44.624,-72.57
05656,44.648,-72.689
05657,44.536,-72.527
05658,44.365,-72.355
05660,44.254,-72.734
05661,44.532,-72.62
05663,44.148,-72.691
05664,44.167,-72.653
05667,44.269,-72.389
05669,44.054,-72.713
05672,44.492,-72.713
05673,44.199,-72.841
05674,44.113,-72.874
05675,44.076,-72.423
05676,44.296,-72.827
05677,44.408,-72.71
05678,44.157,-72.475
05679,44.109,-72.532
05680,44.541,-72.472
05681,44.458,-72.379
05682,44.393,-72.563
05701,43.625,-72.91
05730,43.438,-72.789
05732,43.644,-73.211
05733,43.81,-73.09
05734,43.982,-73.332
05735,43.635,-73.168
05736,43.633,-73.008
05737,43.773,-72.906
05738,43.523,-72.86
05739,43.343,-73.0
05740,43.972,-73.105
05742,43.42,-72.911
05743,43.677,-73.305
05744,43.694,-73.08
05747,44.005,-72.841
05748,43.905,-72.918
05751,43.658,-72.784
05753,43.998,-73.178
05757,43.48,-73.124
05758,43.451,-72.758
05759,43.532,-72.965
05760,43.801,-73.29
05761,43.361,-73.152
05762,43.804,-72.837
05763,43.73,-72.995
05764,43.54,-73.189
05765,43.652,-73.035
05766,43.985,-72.997
05767,43.879,-72.832
05769,43.932,-73.12
05770,43.882,-73.325
05772,43.751,-72.761
05773,43.42,-72.987
05774,43.443,-73.191
05775,43.366,-73.228
05776,43.253,-73.197
05777,43.556,-73.049
05778,43.876,-73.213
05819,44.405,-71.983
05820,44.763,-72.375
05821,44.311,-72.115
05822,44.752,-72.14
05824,44.439,-71.826
05825,44.863,-72.244
05826,44.648,-72.402
05827,44.677,-72.363
05828,44.438,-72.125
05829,44.967,-72.068
05830,44.972,-71.987
05832,44.578,-71.917
05833,44.842,-71.959
05836,44.512,-72.266
05837,44.664,-71.805
05839,44.674,-72.207
05841,44.608,-72.289
05842,44.559,-72.232
05843,44.519,-72.349
05845,44.801,-72.291
05846,44.801,-71.863
05847,44.793,-72.458
05850,44.541,-72.015
05851,44.557,-72.081
05853,44.896,-71.941
05855,44.927,-72.192
05857,44.929,-72.313
05858,44.559,-71.817
05859,44.967,-72.443
05860,44.803,-72.104
05862,44.318,-72.216
05866,44.641,-72.111
05867,44.665,-72.036
05868,44.902,-72.378
05871,44.689,-71.937
05872,44.869,-72.048
05873,44.423,-72.195
05874,44.883,-72.485
05875,44.71,-72.247
05901,44.941,-71.655
05902,45.01,-71.488
05903,44.935,-71.588
05904,44.416,-71.707
05905,44.702,-71.679
05906,44.471,-71.706
05907,44.911,-71.819
06001,41.787,-72.852
06002,41.845,-72.741
06010,41.682,-72.941
06013,41.749,-72.949
06016,41.902,-72.547
06018,42.025,-73.31
06019,41.858,-72.903
06020,41.835,-72.929
06021,42.017,-73.105
06022,41.865,-72.927
06023,41.613,-72.72
06024,42.012,-73.274
06026,41.93,-72.745
06027,42.005,-72.916
06029,41.914,-72.446
06031,41.955,-73.317
06032,41.731,-72.857
06033,41.707,-72.539
06035,41.961,-72.804
06037,41.605,-72.778
06039,41.953,-73.459
06040,41.761,-72.526
06042,41.803,-72.521
06043,41.765,-72.438
06051,41.665,-72.77
06052,41.656,-72.803
06053,41.688,-72.793
06057,41.841,-72.999
06058,41.97,-73.178
06059,41.957,-72.942
06060,42.009,-72.847
06061,41.876,-72.967
06062,41.674,-72.86
06063,41.925,-72.971
06065,41.975,-73.008
06066,41.838,-72.459
06067,41.657,-72.662
06068,42.007,-73.422
06069,41.861,-73.449
06070,41.876,-72.809
06071,41.993,-72.454
06073,41.664,-72.555
06074,41.838,-72.578
06076,41.984,-72.263
06078,41.992,-72.652
06081,41.905,-72.773
06082,41.984,-72.556
06084,41.883,-72.359
06085,41.749,-72.889
06088,41.918,-72.583
06089,41.833,-72.825
06090,41.946,-72.863
06091,42.027,-72.98
06092,41.873,-72.861
06093,42.013,-72.717
06095,41.871,-72.675
06096,41.928,-72.66
06098,41.956,-73.086
06103,41.767,-72.674
06105,41.775,-72.705
06106,41.749,-72.696
06107,41.752,-72.758
06108,41.78,-72.624
06109,41.702,-72.669
06110,41.733,-72.734
06111,41.687,-72.731
06112,41.793,-72.696
06114,41.741,-72.671
06117,41.785,-72.764
06118,41.749,-72.61
06119,41.763,-72.727
06120,41.79,-72.664
06160,41.767,-72.691
06226,41.708,-72.209
06231,41.633,-72.367
06232,41.733,-72.375
06234,41.794,-71.953
06235,41.791,-72.13
06237,41.694,-72.306
06238,41.78,-72.344
06239,41.794,-71.855
06241,41.854,-71.847
06242,41.896,-72.093
06243,41.845,-71.805
06247,41.768,-72.075
06248,41.689,-72.409
06249,41.633,-72.24
06250,41.773,-72.198
06254,41.621,-72.143
06255,41.991,-71.902
06256,41.732,-72.157
06259,41.872,-71.988
06260,41.908,-71.87
06262,42.019,-71.948
06263,41.835,-71.9
06264,41.694,-72.1
06266,41.674,-72.173
06268,41.8,-72.248
06269,41.804,-72.293
06277,41.958,-71.844
06278,41.897,-72.171
06279,41.897,-72.252
06280,41.691,-72.13
06281,41.973,-72.014
06282,41.949,-72.085
06320,41.347,-72.102
06330,41.636,-72.078
06331,41.694,-72.009
06332,41.731,-71.902
06333,41.386,-72.229
06334,41.545,-72.174
06335,41.435,-72.059
06336,41.581,-72.196
06339,41.442,-71.991
06340,41.357,-72.042
06350,41.649,-72.068
06351,41.59,-71.948
06353,41.464,-72.15
06354,41.709,-71.855
06355,41.367,-71.976
06357,41.327,-72.215
06359,41.471,-71.873
06360,41.548,-72.089
06365,41.519,-72.007
06370,41.467,-72.189
06371,41.362,-72.324
06373,41.678,-71.796
06374,41.682,-71.911
06375,41.406,-72.123
06376,41.294,-72.254
06377,41.731,-71.819
06378,41.383,-71.908
06379,41.363,-71.853
06380,41.563,-72.052
06382,41.469,-72.123
06384,41.579,-71.831
06385,41.362,-72.157
06387,41.741,-71.913
06389,41.564,-72.129
06390,41.274,-71.969
06401,41.344,-73.07
06403,41.444,-73.052
06405,41.285,-72.794
06409,41.351,-72.42
06410,41.512,-72.904
06412,41.412,-72.487
06413,41.296,-72.529
06414,41.572,-72.552
06415,41.55,-72.349
06416,41.617,-72.662
06417,41.368,-72.477
06418,41.326,-73.083
06419,41.374,-72.578
06420,41.489,-72.258
06422,41.469,-72.685
06423,41.457,-72.389
06424,41.561,-72.502
06426,41.351,-72.397
06437,41.332,-72.697
06438,41.455,-72.504
06441,41.468,-72.582
06442,41.342,-72.434
06443,41.344,-72.625
06444,41.563,-72.933
06447,41.636,-72.454
06450,41.536,-72.776
06451,41.542,-72.823
06455,41.514,-72.718
06456,41.517,-72.554
06457,41.549,-72.657
06460,41.214,-73.051
06461,41.24,-73.075
06467,41.568,-72.9
06468,41.339,-73.223
06469,41.511,-72.443
06470,41.395,-73.318
06471,41.332,-72.781
06472,41.383,-72.775
06473,41.381,-72.856
06475,41.3,-72.383
06477,41.285,-73.025
06478,41.444,-73.148
06479,41.575,-72.912
06480,41.599,-72.589
06481,41.537,-72.698
06482,41.408,-73.242
06483,41.385,-73.084
06484,41.305,-73.139
06488,41.476,-73.23
06489,41.614,-72.87
06492,41.459,-72.805
06498,41.304,-72.478
06510,41.307,-72.926
06511,41.317,-72.927
06512,41.278,-72.875
06513,41.317,-72.871
06514,41.376,-72.943
06515,41.328,-72.971
06516,41.273,-72.965
06517,41.349,-72.907
06518,41.431,-72.912
06519,41.294,-72.932
06524,41.423,-72.994
06525,41.364,-73.004
06604,41.183,-73.208
06605,41.162,-73.218
06606,41.212,-73.207
06607,41.171,-73.168
06608,41.186,-73.181
06610,41.209,-73.165
06611,41.268,-73.214
06612,41.265,-73.3
06614,41.232,-73.13
06615,41.172,-73.132
06702,41.556,-73.046
06704,41.589,-73.035
06705,41.547,-72.993
06706,41.532,-73.025
06708,41.551,-73.069
06710,41.569,-73.046
06712,41.499,-72.976
06716,41.596,-72.969
06750,41.724,-73.268
06751,41.636,-73.211
06752,41.52,-73.361
06754,41.775,-73.363
06755,41.651,-73.479
06756,41.85,-73.234
06757,41.744,-73.46
06758,41.674,-73.246
06759,41.754,-73.212
06762,41.531,-73.122
06763,41.694,-73.21
06770,41.488,-73.053
06776,41.601,-73.423
06777,41.691,-73.334
06778,41.713,-73.112
06779,41.596,-73.081
06782,41.652,-73.043
06783,41.556,-73.296
06784,41.576,-73.492
06785,41.695,-73.465
06786,41.673,-73.018
06787,41.671,-73.085
06790,41.834,-73.131
06791,41.761,-73.06
06793,41.634,-73.289
06794,41.649,-73.324
06795,41.624,-73.126
06796,41.866,-73.342
06798,41.562,-73.206
06801,41.37,-73.39
06804,41.47,-73.394
06807,41.057,-73.592
06810,41.374,-73.458
06811,41.423,-73.478
06812,41.48,-73.487
06820,41.076,-73.48
06824,41.173,-73.281
06825,41.197,-73.243
06830,41.038,-73.624
06831,41.089,-73.659
06840,41.16,-73.5
06850,41.127,-73.447
06851,41.138,-73.402
06853,41.066,-73.438
06854,41.084,-73.427
06855,41.084,-73.395
06856,41.111,-73.421
06870,41.024,-73.571
06877,41.311,-73.5
06878,41.03,-73.584
06880,41.133,-73.349
06883,41.227,-73.367
06890,41.149,-73.288
06896,41.305,-73.393
06897,41.211,-73.441
06901,41.054,-73.538
06902,41.059,-73.544
06903,41.136,-73.571
06905,41.088,-73.543
06906,41.071,-73.523
06907,41.101,-73.521
07001,40.582,-74.272
07002,40.662,-74.11
07003,40.809,-74.187
07004,40.883,-74.305
07005,40.933,-74.417
07006,40.851,-74.283
07008,40.584,-74.227
07009,40.858,-74.23
07010,40.822,-73.988
07011,40.878,-74.144
07012,40.848,-74.16
07013,40.869,-74.173
07014,40.831,-74.135
07016,40.656,-74.305
07017,40.772,-74.207
07018,40.756,-74.218
07020,40.824,-73.974
07021,40.828,-74.276
07022,40.821,-74.003
07023,40.642,-74.386
07024,40.851,-73.971
07026,40.88,-74.108
07027,40.651,-74.323
07028,40.805,-74.205
07029,40.744,-74.155
07030,40.745,-74.032
07031,40.786,-74.126
07032,40.752,-74.123
07033,40.677,-74.289
07034,40.879,-74.38
07035,40.928,-74.308
07036,40.625,-74.238
07039,40.786,-74.329
07040,40.731,-74.269
07041,40.722,-74.302
07042,40.813,-74.219
07043,40.845,-74.201
07044,40.834,-74.243
07045,40.909,-74.364
07046,40.89,-74.44
07047,40.794,-74.025
07050,40.768,-74.236
07052,40.786,-74.265
07054,40.854,-74.402
07055,40.856,-74.127
07057,40.853,-74.106
07058,40.873,-74.342
07059,40.635,-74.519
07060,40.617,-74.422
07062,40.632,-74.401
07063,40.605,-74.445
07064,40.573,-74.246
07065,40.607,-74.281
07066,40.621,-74.315
07067,40.589,-74.311
07068,40.822,-74.31
07069,40.643,-74.436
07070,40.82,-74.106
07071,40.798,-74.113
07072,40.826,-74.062
07073,40.817,-74.085
07074,40.838,-74.055
07075,40.85,-74.087
07076,40.633,-74.373
07077,40.554,-74.253
07078,40.742,-74.334
07079,40.749,-74.262
07080,40.574,-74.415
07081,40.698,-74.335
07082,40.927,-74.343
07083,40.695,-74.269
07086,40.768,-74.021
07087,40.767,-74.032
07088,40.718,-74.286
07090,40.652,-74.343
07092,40.681,-74.36
07093,40.788,-74.011
07094,40.782,-74.068
07095,40.553,-74.287
07102,40.736,-74.174
07103,40.739,-74.196
07104,40.768,-74.168
07105,40.723,-74.139
07106,40.742,-74.23
07107,40.763,-74.187
07108,40.723,-74.2
07109,40.795,-74.162
07110,40.821,-74.156
07111,40.724,-74.233
07112,40.709,-74.21
07114,40.697,-74.17
07201,40.689,-74.165
07202,40.652,-74.217
07203,40.652,-74.26
07204,40.665,-74.267
07205,40.696,-74.229
07206,40.652,-74.184
07208,40.674,-74.226
07302,40.719,-74.046
07304,40.716,-74.073
07305,40.697,-74.082
07306,40.735,-74.072
07307,40.751,-74.057
07310,40.73,-74.037
07311,40.72,-74.033
07401,41.033,-74.134
07403,41.021,-74.333
07405,40.988,-74.378
07407,40.905,-74.12
07410,40.936,-74.118
07416,41.113,-74.6
07417,41.008,-74.206
07418,41.242,-74.486
07419,41.153,-74.572
07420,41.032,-74.303
07421,41.174,-74.352
07422,41.182,-74.444
07423,40.999,-74.097
07424,40.883,-74.206
07430,41.083,-74.186
07432,40.996,-74.141
07435,41.036,-74.449
07436,41.029,-74.243
07438,41.028,-74.519
07439,41.076,-74.602
07440,40.946,-74.293
07442,41.003,-74.285
07444,40.967,-74.307
07446,41.059,-74.146
07450,40.982,-74.114
07452,40.959,-74.125
07456,41.102,-74.273
07457,40.996,-74.315
07458,41.047,-74.097
07460,41.112,-74.495
07461,41.247,-74.611
07462,41.198,-74.496
07463,41.014,-74.126
07465,41.055,-74.333
07470,40.946,-74.245
07480,41.088,-74.376
07481,40.999,-74.169
07495,41.104,-74.163
07501,40.912,-74.171
07502,40.919,-74.194
07503,40.898,-74.154
07504,40.913,-74.142
07505,40.916,-74.172
07506,40.957,-74.159
07508,40.955,-74.184
07512,40.903,-74.22
07513,40.906,-74.149
07514,40.927,-74.144
07522,40.925,-74.179
07524,40.932,-74.157
07601,40.889,-74.046
07603,40.874,-74.03
07604,40.863,-74.075
07605,40.863,-73.988
07606,40.858,-74.048
07607,40.903,-74.063
07608,40.853,-74.06
07620,40.969,-73.917
07621,40.922,-73.998
07624,40.973,-73.96
07626,40.94,-73.959
07627,40.955,-73.957
07628,40.945,-73.992
07630,40.975,-74.023
07631,40.891,-73.973
07632,40.89,-73.942
07640,40.992,-73.98
07641,40.962,-73.997
07642,41.007,-74.045
07643,40.844,-74.036
07644,40.878,-74.082
07645,41.055,-74.047
07646,40.934,-74.019
07647,41.006,-73.943
07648,40.992,-73.951
07649,40.957,-74.033
07650,40.847,-73.997
07652,40.947,-74.07
07656,41.036,-74.044
07657,40.829,-74.017
07660,40.855,-74.02
07661,40.927,-74.04
07662,40.911,-74.083
07663,40.903,-74.095
07666,40.89,-74.011
07670,40.918,-73.951
07675,41.004,-74.002
07676,40.988,-74.065
07677,41.026,-74.061
07701,40.362,-74.078
07702,40.326,-74.057
07703,40.316,-74.04
07704,40.362,-74.039
07711,40.239,-74.008
07712,40.25,-74.054
07716,40.401,-74.033
07717,40.191,-74.015
07718,40.42,-74.085
07719,40.169,-74.073
07720,40.202,-74.012
07721,40.438,-74.231
07722,40.281,-74.169
07723,40.25,-73.997
07724,40.299,-74.074
07726,40.282,-74.347
07727,40.204,-74.149
07728,40.226,-74.286
07730,40.425,-74.176
07731,40.15,-74.204
07732,40.43,-73.99
07733,40.375,-74.174
07734,40.444,-74.137
07735,40.45,-74.172
07737,40.412,-74.065
07738,40.338,-74.127
07739,40.337,-74.035
07740,40.295,-73.99
07746,40.323,-74.255
07747,40.415,-74.254
07748,40.396,-74.115
07750,40.336,-73.986
07751,40.36,-74.261
07753,40.215,-74.079
07755,40.264,-74.023
07756,40.212,-74.007
07757,40.316,-74.016
07758,40.434,-74.101
07760,40.37,-74.002
07762,40.153,-74.034
07764,40.288,-74.02
07801,40.917,-74.555
07803,40.878,-74.601
07820,40.931,-74.812
07821,40.966,-74.754
07822,41.139,-74.708
07823,40.829,-75.039
07825,40.971,-74.976
07826,41.193,-74.778
07827,41.281,-74.73
07828,40.884,-74.75
07830,40.719,-74.794
07832,40.962,-75.054
07833,40.893,-75.069
07834,40.887,-74.49
07836,40.843,-74.711
07838,40.888,-74.912
07840,40.854,-74.835
07842,40.942,-74.512
07843,40.939,-74.659
07846,40.966,-74.877
07847,40.889,-74.624
07848,41.104,-74.687
07849,40.97,-74.607
07850,40.907,-74.662
07851,41.231,-74.847
07852,40.883,-74.668
07853,40.781,-74.789
07856,40.916,-74.627
07857,40.897,-74.7
07860,41.057,-74.819
07863,40.808,-74.958
07865,40.794,-74.898
07866,40.955,-74.489
07869,40.842,-74.578
07870,40.804,-74.82
07871,41.052,-74.628
07874,40.923,-74.736
07876,40.854,-74.657
07878,40.872,-74.474
07880,40.871,-74.889
07881,41.121,-74.89
07882,40.753,-75.014
07885,40.911,-74.6
07901,40.715,-74.366
07920,40.679,-74.564
07921,40.656,-74.679
07922,40.676,-74.425
07924,40.73,-74.593
07926,40.801,-74.57
07927,40.822,-74.454
07928,40.726,-74.413
07930,40.781,-74.684
07931,40.681,-74.617
07932,40.777,-74.393
07933,40.704,-74.459
07934,40.723,-74.676
07935,40.736,-74.446
07936,40.819,-74.364
07939,40.667,-74.554
07940,40.76,-74.419
07945,40.782,-74.6
07946,40.678,-74.509
07950,40.846,-74.482
07960,40.784,-74.5
07961,40.781,-74.433
07970,40.808,-74.573
07974,40.697,-74.404
07976,40.728,-74.479
07977,40.705,-74.67
07979,40.701,-74.73
07980,40.68,-74.489
07981,40.82,-74.422
08001,39.548,-75.346
08002,39.932,-75.028
08003,39.883,-74.972
08004,39.765,-74.871
08005,39.768,-74.313
08006,39.753,-74.106
08007,39.866,-75.054
08008,39.543,-74.298
08009,39.761,-74.933
08010,40.055,-74.917
08011,39.973,-74.713
08012,39.784,-75.056
08014,39.816,-75.348
08015,39.932,-74.544
08016,40.07,-74.824
08019,39.777,-74.534
08020,39.792,-75.224
08021,39.806,-75.0
08022,40.068,-74.706
08023,39.687,-75.496
08026,39.833,-74.967
08027,39.835,-75.289
08028,39.696,-75.121
08029,39.841,-75.067
08030,39.889,-75.118
08031,39.866,-75.095
08033,39.892,-75.037
08034,39.906,-75.0
08035,39.879,-75.066
08036,39.971,-74.832
08037,39.64,-74.759
08038,39.47,-75.49
08039,39.686,-75.277
08041,40.039,-74.679
08042,40.015,-74.662
08043,39.849,-74.953
08045,39.867,-75.03
08046,40.028,-74.887
08048,39.959,-74.802
08049,39.854,-75.039
08050,39.713,-74.231
08051,39.784,-75.176
08052,39.952,-74.995
08053,39.857,-74.901
08054,39.949,-74.9
08055,39.863,-74.822
08056,39.784,-75.255
08057,39.98,-74.941
08059,39.885,-75.093
08060,40.008,-74.79
08061,39.799,-75.205
08062,39.716,-75.219
08063,39.867,-75.186
08064,39.963,-74.641
08065,40.003,-75.035
08066,39.834,-75.228
08067,39.739,-75.411
08068,39.961,-74.666
08069,39.699,-75.445
08070,39.619,-75.516
08071,39.732,-75.134
08072,39.544,-75.419
08073,40.01,-74.867
08074,39.716,-75.163
08075,40.03,-74.949
08077,40.0,-74.992
08078,39.853,-75.076
08079,39.542,-75.432
08080,39.757,-75.122
08081,39.733,-74.977
08083,39.841,-75.029
08084,39.829,-75.015
08085,39.761,-75.324
08086,39.855,-75.199
08087,39.596,-74.381
08088,39.851,-74.693
08089,39.718,-74.827
08090,39.799,-75.151
08091,39.807,-74.924
08092,39.647,-74.285
08093,39.865,-75.137
08094,39.651,-74.959
08095,39.649,-74.858
08096,39.827,-75.127
08097,39.813,-75.151
08098,39.64,-75.33
08102,39.953,-75.121
08103,39.936,-75.114
08104,39.916,-75.113
08105,39.95,-75.096
08106,39.891,-75.073
08107,39.908,-75.084
08108,39.915,-75.061
08109,39.951,-75.05
08110,39.972,-75.058
08201,39.424,-74.493
08202,39.095,-74.731
08203,39.426,-74.393
08204,38.971,-74.921
08205,39.482,-74.453
08210,39.122,-74.834
08212,38.933,-74.954
08215,39.587,-74.564
08217,39.574,-74.72
08221,39.344,-74.571
08223,39.279,-74.656
08224,39.606,-74.467
08225,39.363,-74.531
08226,39.264,-74.608
08230,39.207,-74.72
08232,39.388,-74.515
08234,39.388,-74.621
08240,39.488,-74.534
08241,39.535,-74.476
08242,39.019,-74.889
08243,39.151,-74.696
08244,39.319,-74.588
08246,39.181,-74.766
08247,39.052,-74.784
08248,39.196,-74.657
08251,39.028,-74.93
08260,38.998,-74.843
08270,39.272,-74.786
08302,39.439,-75.261
08310,39.531,-74.897
08311,39.328,-75.204
08312,39.664,-75.078
08314,39.222,-74.94
08316,39.27,-74.95
08317,39.401,-74.83
08318,39.558,-75.178
08319,39.37,-74.811
08320,39.385,-75.161
08321,39.224,-75.143
08322,39.611,-75.049
08323,39.396,-75.368
08324,39.215,-74.997
08326,39.538,-74.928
08327,39.252,-74.963
08328,39.578,-75.059
08329,39.276,-75.008
08330,39.482,-74.737
08332,39.377,-75.023
08340,39.437,-74.876
08341,39.525,-74.953
08343,39.636,-75.168
08344,39.562,-74.986
08345,39.282,-75.16
08346,39.566,-74.846
08348,39.31,-74.971
08349,39.274,-75.071
08350,39.488,-74.882
08352,39.476,-75.128
08353,39.462,-75.292
08360,39.496,-75.009
08361,39.449,-74.959
08401,39.377,-74.451
08402,39.326,-74.504
08403,39.318,-74.542
08406,39.342,-74.481
08501,40.164,-74.566
08502,40.448,-74.653
08505,40.103,-74.733
08510,40.191,-74.417
08511,40.042,-74.557
08512,40.324,-74.526
08514,40.134,-74.492
08515,40.119,-74.663
08518,40.115,-74.802
08520,40.255,-74.53
08525,40.398,-74.779
08527,40.109,-74.359
08528,40.387,-74.619
08530,40.37,-74.91
08533,40.071,-74.5
08534,40.329,-74.793
08535,40.244,-74.432
08536,40.332,-74.581
08540,40.363,-74.655
08542,40.353,-74.66
08550,40.28,-74.615
08551,40.447,-74.837
08553,40.4,-74.639
08554,40.117,-74.778
08555,40.218,-74.471
08558,40.413,-74.704
08559,40.429,-74.979
08560,40.316,-74.857
08561,40.251,-74.581
08562,40.062,-74.592
08608,40.219,-74.768
08609,40.226,-74.741
08610,40.191,-74.717
08611,40.184,-74.74
08618,40.249,-74.79
08619,40.242,-74.696
08620,40.17,-74.651
08628,40.264,-74.827
08629,40.221,-74.731
08638,40.254,-74.763
08640,40.004,-74.591
08641,40.02,-74.59
08648,40.284,-74.718
08690,40.225,-74.66
08691,40.209,-74.592
08701,40.077,-74.2
08720,40.135,-74.098
08721,39.902,-74.153
08722,39.928,-74.202
08723,40.039,-74.112
08724,40.086,-74.111
08730,40.105,-74.063
08731,39.866,-74.259
08732,39.942,-74.144
08733,40.024,-74.321
08734,39.863,-74.172
08735,39.982,-74.071
08736,40.12,-74.053
08738,40.023,-74.059
08740,39.928,-74.131
08741,39.937,-74.167
08742,40.081,-74.059
08750,40.133,-74.042
08751,39.952,-74.088
08752,39.843,-74.093
08753,39.979,-74.16
08755,40.009,-74.222
08757,39.942,-74.251
08758,39.779,-74.239
08759,39.975,-74.345
08801,40.623,-74.886
08802,40.671,-75.018
08804,40.647,-75.096
08805,40.574,-74.538
08807,40.592,-74.619
08808,40.732,-75.049
08809,40.652,-74.934
08810,40.368,-74.491
08812,40.599,-74.479
08816,40.429,-74.416
08817,40.515,-74.393
08820,40.577,-74.366
08821,40.52,-74.686
08822,40.525,-74.865
08823,40.439,-74.57
08824,40.422,-74.553
08825,40.514,-75.027
08826,40.717,-74.912
08827,40.668,-74.968
08828,40.379,-74.424
08829,40.67,-74.89
08830,40.57,-74.315
08831,40.319,-74.429
08832,40.517,-74.307
08833,40.646,-74.816
08835,40.541,-74.589
08836,40.596,-74.557
08837,40.513,-74.344
08840,40.543,-74.359
08844,40.498,-74.671
08846,40.575,-74.498
08848,40.594,-75.097
08850,40.448,-74.439
08852,40.388,-74.55
08853,40.53,-74.742
08854,40.546,-74.461
08857,40.393,-74.33
08858,40.683,-74.737
08859,40.459,-74.303
08861,40.52,-74.273
08863,40.527,-74.316
08865,40.708,-75.147
08867,40.574,-74.966
08869,40.571,-74.646
08872,40.444,-74.357
08873,40.497,-74.532
08876,40.59,-74.685
08879,40.466,-74.279
08880,40.554,-74.527
08882,40.446,-74.378
08884,40.398,-74.389
08886,40.688,-75.101
08887,40.521,-74.795
08889,40.609,-74.754
08890,40.539,-74.575
08901,40.484,-74.442
08902,40.439,-74.484
08904,40.501,-74.428
10001,40.751,-73.997
10002,40.716,-73.986
10003,40.732,-73.989
10004,40.689,-74.018
10005,40.706,-74.009
10006,40.71,-74.013
10007,40.714,-74.008
10009,40.726,-73.979
10010,40.739,-73.982
10011,40.742,-74.001
10012,40.726,-73.998
10013,40.72,-74.005
10014,40.734,-74.007
10016,40.745,-73.978
10017,40.752,-73.972
10018,40.755,-73.993
10019,40.766,-73.987
10020,40.758,-73.979
10021,40.769,-73.959
10022,40.759,-73.968
10023,40.776,-73.983
10024,40.798,-73.974
10025,40.799,-73.967
10026,40.802,-73.953
10027,40.811,-73.953
10028,40.776,-73.954
10029,40.792,-73.944
10030,40.818,-73.943
10031,40.825,-73.95
10032,40.839,-73.943
10033,40.851,-73.934
10034,40.867,-73.924
10035,40.795,-73.93
10036,40.759,-73.99
10037,40.813,-73.937
10038,40.709,-74.003
10039,40.831,-73.936
10040,40.858,-73.931
10044,40.762,-73.95
10065,40.765,-73.963
10069,40.776,-73.99
10075,40.773,-73.956
10103,40.761,-73.978
10110,40.754,-73.982
10111,40.759,-73.978
10112,40.759,-73.98
10115,40.811,-73.964
10119,40.75,-73.993
10128,40.781,-73.95
10152,40.758,-73.972
10153,40.764,-73.972
10154,40.758,-73.972
10162,40.769,-73.95
10165,40.752,-73.979
10167,40.755,-73.975
10168,40.751,-73.977
10169,40.754,-73.976
10170,40.753,-73.976
10171,40.756,-73.974
10172,40.755,-73.974
10173,40.754,-73.979
10174,40.751,-73.975
10177,40.755,-73.976
10199,40.751,-73.997
10271,40.708,-74.011
10278,40.715,-74.004
10279,40.713,-74.009
10280,40.709,-74.017
10282,40.717,-74.015
10301,40.627,-74.094
10302,40.631,-74.138
10303,40.63,-74.174
10304,40.609,-74.093
10305,40.597,-74.075
10306,40.572,-74.126
10307,40.509,-74.238
10308,40.552,-74.148
10309,40.531,-74.22
10310,40.633,-74.116
10311,40.605,-74.18
10312,40.545,-74.18
10314,40.599,-74.166
10451,40.82,-73.925
10452,40.837,-73.923
10453,40.853,-73.912
10454,40.805,-73.917
10455,40.815,-73.909
10456,40.83,-73.908
10457,40.847,-73.899
10458,40.863,-73.888
10459,40.826,-73.893
10460,40.842,-73.88
10461,40.847,-73.841
10462,40.843,-73.86
10463,40.881,-73.907
10464,40.868,-73.8
10465,40.823,-73.822
10466,40.891,-73.846
10467,40.87,-73.866
10468,40.868,-73.9
10469,40.869,-73.848
10470,40.89,-73.873
10471,40.899,-73.903
10472,40.83,-73.869
10473,40.819,-73.858
10474,40.811,-73.884
10475,40.875,-73.824
10501,41.296,-73.758
10502,41.012,-73.841
10503,41.027,-73.875
10504,41.128,-73.708
10505,41.342,-73.745
10506,41.19,-73.639
10507,41.228,-73.686
10509,41.411,-73.594
10510,41.139,-73.836
10511,41.265,-73.943
10512,41.458,-73.725
10514,41.172,-73.769
10516,41.462,-73.875
10517,41.298,-73.862
10518,41.266,-73.588
10519,41.352,-73.653
10520,41.226,-73.868
10522,41.01,-73.864
10523,41.059,-73.819
10524,41.375,-73.926
10526,41.288,-73.669
10527,41.321,-73.77
10528,40.975,-73.725
10530,41.024,-73.813
10532,41.099,-73.8
10533,41.037,-73.855
10535,41.335,-73.794
10536,41.269,-73.689
10537,41.34,-73.882
10538,40.938,-73.756
10541,41.381,-73.752
10543,40.953,-73.736
10545,41.179,-73.835
10546,41.196,-73.801
10547,41.313,-73.846
10548,41.246,-73.933
10549,41.201,-73.723
10550,40.905,-73.835
10552,40.924,-73.826
10553,40.909,-73.822
10560,41.341,-73.598
10562,41.194,-73.825
10566,41.289,-73.917
10567,41.29,-73.897
10570,41.13,-73.787
10573,41.016,-73.677
10576,41.222,-73.572
10577,41.038,-73.711
10578,41.32,-73.679
10579,41.395,-73.839
10580,40.979,-73.693
10583,40.989,-73.789
10588,41.337,-73.82
10589,41.334,-73.715
10590,41.255,-73.539
10591,41.09,-73.841
10594,41.113,-73.774
10595,41.086,-73.783
10596,41.256,-73.959
10597,41.293,-73.597
10598,41.288,-73.792
10601,41.033,-73.765
10603,41.054,-73.779
10604,41.072,-73.747
10605,41.011,-73.745
10606,41.021,-73.776
10607,41.039,-73.811
10701,40.945,-73.88
10703,40.96,-73.88
10704,40.92,-73.863
10705,40.92,-73.89
10706,40.99,-73.868
10707,40.961,-73.823
10708,40.938,-73.83
10709,40.955,-73.808
10710,40.967,-73.846
10801,40.918,-73.785
10803,40.9,-73.807
10804,40.947,-73.788
10805,40.898,-73.779
10901,41.141,-74.105
10910,41.282,-74.138
10911,41.319,-74.008
10913,41.068,-73.955
10914,41.418,-74.2
10915,41.545,-74.359
10916,41.442,-74.251
10917,41.32,-74.118
10918,41.344,-74.262
10919,41.526,-74.388
10920,41.156,-73.938
10921,41.332,-74.363
10922,41.333,-73.996
10923,41.203,-74.002
10924,41.381,-74.352
10925,41.198,-74.315
10926,41.302,-74.12
10927,41.191,-73.968
10928,41.349,-73.998
10930,41.366,-74.121
10931,41.149,-74.163
10932,41.482,-74.464
10933,41.368,-74.513
10940,41.447,-74.479
10941,41.487,-74.344
10950,41.317,-74.2
10952,41.111,-74.079
10953,41.405,-74.077
10954,41.099,-74.013
10956,41.157,-73.993
10958,41.372,-74.432
10960,41.092,-73.925
10962,41.05,-73.959
10963,41.464,-74.543
10964,41.016,-73.914
10965,41.062,-74.008
10968,41.037,-73.921
10969,41.295,-74.488
10970,41.18,-74.102
10973,41.381,-74.48
10974,41.168,-74.178
10975,41.267,-74.172
10976,41.023,-73.928
10977,41.119,-74.048
10979,41.183,-74.315
10980,41.239,-74.05
10983,41.031,-73.948
10984,41.203,-74.022
10985,41.584,-74.373
10986,41.285,-73.999
10987,41.187,-74.237
10988,41.302,-74.549
10989,41.123,-73.938
10990,41.267,-74.364
10992,41.426,-74.165
10993,41.21,-73.974
10994,41.098,-73.973
10996,41.394,-73.972
10998,41.324,-74.541
11001,40.723,-73.705
11003,40.699,-73.706
11004,40.746,-73.711
11005,40.757,-73.714
11010,40.701,-73.675
11020,40.771,-73.715
11021,40.784,-73.731
11023,40.799,-73.734
11024,40.816,-73.743
11030,40.793,-73.689
11040,40.745,-73.68
11042,40.759,-73.697
11050,40.84,-73.693
11096,40.621,-73.757
11101,40.747,-73.94
11102,40.773,-73.926
11103,40.763,-73.913
11104,40.745,-73.92
11105,40.779,-73.907
11106,40.762,-73.932
11109,40.745,-73.957
11201,40.694,-73.99
11203,40.65,-73.934
11204,40.619,-73.985
11205,40.695,-73.966
11206,40.702,-73.942
11207,40.671,-73.894
11208,40.67,-73.871
11209,40.622,-74.03
11210,40.628,-73.946
11211,40.713,-73.953
11212,40.663,-73.913
11213,40.671,-73.936
11214,40.599,-73.996
11215,40.663,-73.987
11216,40.681,-73.949
11217,40.682,-73.978
11218,40.643,-73.976
11219,40.633,-73.997
11220,40.641,-74.017
11221,40.691,-73.928
11222,40.728,-73.948
11223,40.597,-73.973
11224,40.577,-73.989
11225,40.663,-73.954
11226,40.646,-73.957
11228,40.617,-74.013
11229,40.601,-73.944
11230,40.622,-73.965
11231,40.678,-74.005
11232,40.657,-74.007
11233,40.678,-73.92
11234,40.605,-73.912
11235,40.584,-73.949
11236,40.639,-73.901
11237,40.704,-73.921
11238,40.679,-73.964
11239,40.648,-73.879
11351,40.781,-73.825
11354,40.768,-73.827
11355,40.751,-73.821
11356,40.785,-73.841
11357,40.786,-73.811
11358,40.76,-73.796
11359,40.792,-73.777
11360,40.78,-73.781
11361,40.764,-73.773
11362,40.757,-73.738
11363,40.773,-73.747
11364,40.745,-73.761
11365,40.74,-73.794
11366,40.728,-73.785
11367,40.73,-73.827
11368,40.752,-73.852
11369,40.763,-73.872
11370,40.765,-73.893
11371,40.774,-73.873
11372,40.752,-73.884
11373,40.739,-73.879
11374,40.726,-73.862
11375,40.721,-73.846
11377,40.745,-73.905
11378,40.725,-73.91
11379,40.717,-73.88
11385,40.701,-73.889
11411,40.694,-73.736
11412,40.698,-73.759
11413,40.672,-73.753
11414,40.658,-73.845
11415,40.708,-73.828
11416,40.685,-73.85
11417,40.676,-73.844
11418,40.7,-73.836
11419,40.689,-73.823
11420,40.674,-73.818
11421,40.694,-73.859
11422,40.66,-73.736
11423,40.716,-73.768
11424,40.714,-73.827
11425,40.608,-74.024
11426,40.736,-73.722
11427,40.731,-73.746
11428,40.721,-73.742
11429,40.71,-73.739
11430,40.647,-73.785
11432,40.715,-73.793
11433,40.698,-73.787
11434,40.677,-73.776
11435,40.701,-73.81
11436,40.676,-73.797
11451,40.701,-73.796
11501,40.746,-73.639
11507,40.771,-73.652
11509,40.588,-73.729
11510,40.65,-73.608
11514,40.75,-73.612
11516,40.626,-73.727
11518,40.637,-73.667
11520,40.649,-73.583
11530,40.727,-73.637
11542,40.873,-73.629
11545,40.826,-73.589
11547,40.834,-73.643
11548,40.813,-73.627
11549,40.717,-73.603
11550,40.701,-73.621
11552,40.693,-73.652
11553,40.706,-73.592
11554,40.72,-73.559
11556,40.72,-73.584
11557,40.637,-73.692
11558,40.605,-73.649
11559,40.604,-73.717
11560,40.881,-73.589
11561,40.589,-73.648
11563,40.657,-73.674
11565,40.675,-73.672
11566,40.663,-73.554
11568,40.787,-73.596
11569,40.59,-73.582
11570,40.666,-73.638
11572,40.632,-73.637
11575,40.68,-73.585
11576,40.798,-73.647
11577,40.783,-73.639
11579,40.844,-73.644
11580,40.675,-73.702
11581,40.651,-73.715
11590,40.755,-73.574
11596,40.76,-73.642
11598,40.631,-73.712
11691,40.601,-73.762
11692,40.594,-73.793
11693,40.591,-73.81
11694,40.578,-73.845
11697,40.556,-73.921
11701,40.682,-73.414
11702,40.651,-73.262
11703,40.733,-73.325
11704,40.718,-73.358
11705,40.743,-73.056
11706,40.723,-73.252
11709,40.906,-73.558
11710,40.672,-73.532
11713,40.776,-72.943
11714,40.743,-73.486
11715,40.751,-73.035
11716,40.777,-73.135
11717,40.784,-73.252
11718,40.716,-73.262
11719,40.782,-72.912
11720,40.87,-73.082
11721,40.902,-73.371
11722,40.783,-73.195
11724,40.864,-73.456
11725,40.84,-73.281
11726,40.679,-73.396
11727,40.882,-73.004
11729,40.761,-73.325
11730,40.717,-73.17
11731,40.863,-73.317
11732,40.845,-73.537
11733,40.94,-73.113
11735,40.733,-73.433
11738,40.838,-73.038
11739,40.736,-73.161
11740,40.865,-73.361
11741,40.795,-73.07
11742,40.81,-73.041
11743,40.883,-73.424
11746,40.814,-73.362
11747,40.788,-73.407
11749,40.807,-73.171
11751,40.73,-73.214
11752,40.757,-73.174
11753,40.79,-73.54
11754,40.886,-73.25
11755,40.858,-73.117
11756,40.725,-73.516
11757,40.689,-73.373
11758,40.669,-73.458
11762,40.683,-73.447
11763,40.827,-72.984
11764,40.939,-72.979
11765,40.882,-73.559
11766,40.939,-73.019
11767,40.843,-73.145
11768,40.924,-73.339
11769,40.734,-73.125
11770,40.646,-73.157
11771,40.873,-73.525
11772,40.762,-72.987
11776,40.914,-73.046
11777,40.956,-73.067
11778,40.948,-72.937
11779,40.813,-73.114
11780,40.909,-73.175
11782,40.738,-73.082
11783,40.678,-73.49
11784,40.869,-73.041
11786,40.95,-72.887
11787,40.853,-73.211
11788,40.818,-73.213
11789,40.962,-72.971
11790,40.906,-73.127
11791,40.828,-73.506
11792,40.955,-72.826
11793,40.651,-73.515
11794,40.913,-73.125
11795,40.709,-73.296
11796,40.731,-73.099
11797,40.82,-73.472
11798,40.753,-73.379
11801,40.762,-73.524
11803,40.782,-73.473
11804,40.759,-73.457
11901,40.927,-72.643
11930,40.99,-72.1
11931,40.934,-72.612
11932,40.934,-72.307
11933,40.942,-72.766
11934,40.798,-72.794
11935,41.021,-72.487
11937,41.013,-72.169
11939,41.123,-72.315
11940,40.813,-72.752
11941,40.83,-72.73
11942,40.85,-72.582
11944,41.104,-72.372
11946,40.87,-72.522
11947,40.951,-72.571
11948,40.964,-72.553
11949,40.867,-72.805
11950,40.808,-72.847
11951,40.763,-72.83
11952,41.002,-72.548
11953,40.893,-72.951
11954,41.048,-71.946
11955,40.809,-72.816
11956,40.969,-72.462
11957,41.192,-72.149
11958,41.039,-72.464
11959,40.823,-72.601
11960,40.811,-72.706
11961,40.905,-72.888
11962,40.931,-72.269
11963,40.993,-72.32
11964,41.056,-72.319
11965,41.096,-72.288
11967,40.795,-72.875
11968,40.906,-72.416
11970,40.939,-72.578
11971,41.064,-72.431
11972,40.848,-72.703
11973,40.867,-72.882
11975,40.941,-72.244
11976,40.922,-72.351
11977,40.827,-72.679
11978,40.826,-72.649
11980,40.831,-72.923
12007,42.456,-73.927
12008,42.853,-73.907
12009,42.698,-74.035
12010,42.938,-74.173
12015,42.294,-73.825
12017,42.321,-73.456
12018,42.629,-73.521
12019,42.934,-73.882
12020,43.002,-73.868
12022,42.657,-73.334
12023,42.599,-74.183
12024,42.477,-73.533
12025,43.083,-74.138
12027,42.935,-73.908
12028,42.934,-73.442
12029,42.416,-73.425
12031,42.766,-74.452
12032,43.124,-74.525
12033,42.543,-73.705
12035,42.73,-74.359
12036,42.542,-74.673
12037,42.345,-73.567
12040,42.637,-73.351
12041,42.578,-73.953
12042,42.417,-73.938
12043,42.694,-74.531
12045,42.483,-73.801
12046,42.508,-73.926
12047,42.784,-73.726
12051,42.346,-73.843
12052,42.754,-73.478
12053,42.758,-74.191
12054,42.609,-73.864
12056,42.765,-74.095
12057,42.969,-73.346
12058,42.344,-73.918
12059,42.619,-74.061
12060,42.411,-73.505
12061,42.599,-73.657
12062,42.539,-73.505
12063,42.568,-73.638
12064,42.614,-74.656
12065,42.852,-73.786
12066,42.79,-74.353
12067,42.557,-73.92
12068,42.956,-74.402
12069,42.946,-74.28
12070,42.986,-74.263
12071,42.553,-74.423
12072,42.885,-74.357
12074,43.054,-74.03
12075,42.3,-73.634
12076,42.41,-74.396
12077,42.588,-73.778
12078,43.134,-74.34
12083,42.425,-74.027
12084,42.705,-73.899
12085,42.703,-73.963
12086,43.009,-74.086
12087,42.432,-73.893
12089,42.867,-73.313
12090,42.877,-73.352
12092,42.696,-74.379
12093,42.498,-74.628
12094,42.899,-73.49
12095,43.025,-74.404
12106,42.39,-73.711
12108,43.573,-74.451
12110,42.751,-73.776
12115,42.477,-73.577
12116,42.539,-74.911
12117,43.167,-74.261
12118,42.909,-73.713
12120,42.45,-74.149
12121,42.84,-73.607
12122,42.542,-74.326
12123,42.547,-73.598
12124,42.453,-73.798
12125,42.485,-73.4
12130,42.442,-73.659
12131,42.453,-74.464
12132,42.471,-73.63
12134,43.269,-74.228
12136,42.42,-73.565
12137,42.86,-74.133
12138,42.749,-73.37
12139,43.5,-74.58
12140,42.697,-73.54
12143,42.49,-73.855
12144,42.628,-73.718
12147,42.519,-74.159
12148,42.828,-73.848
12149,42.617,-74.563
12150,42.881,-74.053
12151,42.923,-73.787
12153,42.63,-73.473
12154,42.937,-73.606
12155,42.596,-74.828
12156,42.484,-73.747
12157,42.67,-74.286
12158,42.542,-73.822
12159,42.651,-73.886
12160,42.762,-74.383
12161,42.535,-73.855
12164,43.578,-74.359
12165,42.306,-73.504
12166,42.834,-74.446
12167,42.425,-74.578
12168,42.561,-73.381
12169,42.593,-73.448
12170,43.002,-73.667
12172,42.289,-73.739
12173,42.38,-73.76
12174,42.353,-73.728
12175,42.544,-74.556
12176,42.382,-73.981
12177,42.951,-74.287
12180,42.749,-73.6
12182,42.8,-73.631
12183,42.748,-73.693
12184,42.42,-73.653
12185,42.863,-73.554
12186,42.633,-73.977
12187,42.619,-74.464
12188,42.821,-73.696
12189,42.736,-73.718
12190,43.476,-74.285
12192,42.409,-73.828
12193,42.523,-74.043
12194,42.528,-74.448
12195,42.483,-73.475
12196,42.632,-73.614
12197,42.61,-74.725
12198,42.673,-73.634
12202,42.636,-73.76
12203,42.681,-73.847
12204,42.692,-73.734
12205,42.719,-73.829
12206,42.675,-73.783
12207,42.658,-73.746
12208,42.653,-73.81
12209,42.639,-73.79
12210,42.66,-73.756
12211,42.703,-73.764
12222,42.685,-73.823
12302,42.878,-73.983
12303,42.74,-73.905
12304,42.775,-73.898
12305,42.812,-73.95
12306,42.805,-74.044
12307,42.805,-73.933
12308,42.821,-73.92
12309,42.8,-73.865
12401,41.988,-74.01
12404,41.819,-74.236
12405,42.318,-74.086
12406,42.08,-74.524
12407,42.318,-74.358
12409,42.041,-74.181
12410,42.066,-74.425
12411,41.876,-74.045
12412,42.013,-74.28
12413,42.314,-74.022
12414,42.232,-73.914
12416,42.103,-74.282
12417,41.906,-73.991
12418,42.359,-74.162
12419,41.86,-74.102
12420,41.672,-74.372
12421,42.25,-74.546
12422,42.392,-74.213
12423,42.379,-74.11
12424,42.248,-74.116
12427,42.134,-74.137
12428,41.747,-74.466
12429,41.833,-73.985
12430,42.201,-74.499
12431,42.362,-74.024
12432,42.044,-73.945
12433,42.001,-74.157
12434,42.364,-74.502
12435,41.731,-74.513
12436,42.196,-74.078
12438,42.205,-74.601
12439,42.278,-74.21
12440,41.781,-74.173
12441,42.134,-74.509
12442,42.182,-74.223
12443,41.935,-74.085
12444,42.264,-74.298
12446,41.81,-74.326
12448,42.087,-74.161
12449,41.992,-73.994
12450,42.133,-74.244
12451,42.305,-73.948
12452,42.252,-74.365
12453,42.093,-73.936
12454,42.287,-74.15
12455,42.141,-74.659
12456,42.033,-73.997
12457,42.044,-74.253
12458,41.823,-74.432
12459,42.24,-74.679
12460,42.416,-74.148
12461,41.905,-74.268
12463,42.206,-74.02
12464,42.024,-74.367
12465,42.157,-74.46
12466,41.904,-73.979
12468,42.3,-74.424
12469,42.449,-74.246
12470,42.3,-74.093
12471,41.844,-74.041
12472,41.847,-74.08
12473,42.258,-74.041
12474,42.324,-74.583
12475,42.015,-74.015
12477,42.093,-73.988
12480,42.135,-74.391
12481,41.987,-74.228
12482,42.268,-73.955
12483,41.672,-74.422
12484,41.862,-74.177
12485,42.205,-74.144
12486,41.832,-74.064
12487,41.869,-73.999
12489,41.75,-74.358
12490,42.123,-73.924
12491,41.965,-74.141
12492,42.185,-74.336
12493,41.786,-73.974
12494,41.957,-74.293
12495,42.085,-74.241
12496,42.337,-74.27
12498,42.046,-74.11
12501,41.863,-73.574
12502,42.087,-73.665
12503,42.036,-73.58
12504,42.035,-73.913
12507,42.009,-73.917
12508,41.496,-73.954
12512,41.548,-73.968
12513,42.219,-73.72
12514,41.877,-73.764
12515,41.685,-74.065
12516,42.106,-73.564
12517,42.114,-73.507
12518,41.416,-74.043
12520,41.428,-73.996
12521,42.171,-73.65
12522,41.72,-73.598
12523,42.087,-73.76
12524,41.529,-73.888
12525,41.692,-74.188
12526,42.122,-73.859
12527,41.519,-73.936
12528,41.722,-74.009
12529,42.199,-73.543
12530,42.207,-73.688
12531,41.541,-73.672
12533,41.56,-73.787
12534,42.217,-73.752
12538,41.792,-73.894
12540,41.671,-73.725
12542,41.614,-74.015
12543,41.496,-74.173
12545,41.783,-73.669
12546,41.948,-73.523
12547,41.661,-73.987
12548,41.658,-74.102
12549,41.528,-74.259
12550,41.54,-74.057
12553,41.456,-74.075
12561,41.759,-74.096
12563,41.499,-73.587
12564,41.583,-73.583
12565,42.247,-73.648
12566,41.634,-74.32
12567,41.986,-73.642
12569,41.735,-73.793
12570,41.626,-73.676
12571,42.003,-73.81
12572,41.925,-73.864
12574,41.918,-73.946
12575,41.467,-74.179
12577,41.424,-74.122
12578,41.809,-73.796
12580,41.864,-73.872
12581,41.902,-73.701
12582,41.544,-73.738
12583,42.063,-73.869
12585,41.726,-73.692
12586,41.563,-74.17
12589,41.624,-74.159
12590,41.593,-73.887
12592,41.802,-73.579
12594,41.684,-73.558
12601,41.702,-73.912
12603,41.676,-73.864
12604,41.688,-73.892
12701,41.651,-74.7
12719,41.498,-74.904
12720,41.646,-74.908
12721,41.582,-74.422
12722,41.591,-74.374
12723,41.753,-74.988
12724,41.838,-74.959
12725,41.983,-74.57
12726,41.708,-75.017
12729,41.476,-74.623
12732,41.551,-74.875
12733,41.725,-74.618
12734,41.735,-74.75
12736,41.853,-75.022
12737,41.501,-74.799
12738,41.676,-74.586
12740,41.939,-74.434
12741,41.839,-75.078
12742,41.724,-74.724
12743,41.549,-74.831
12745,41.783,-75.025
12746,41.442,-74.657
12747,41.751,-74.693
12748,41.775,-74.923
12749,41.695,-74.841
12750,41.728,-74.966
12751,41.696,-74.664
12752,41.68,-74.994
12754,41.798,-74.737
12758,41.94,-74.739
12759,41.782,-74.659
12760,41.904,-75.108
12762,41.648,-74.792
12763,41.676,-74.523
12764,41.592,-74.996
12765,41.852,-74.621
12766,41.815,-74.979
12767,41.838,-74.994
12768,41.864,-74.73
12769,41.658,-74.467
12770,41.449,-74.843
12771,41.374,-74.624
12775,41.614,-74.593
12776,41.963,-74.958
12777,41.562,-74.71
12778,41.643,-74.818
12779,41.702,-74.632
12780,41.44,-74.727
12781,41.62,-74.466
12783,41.739,-74.834
12784,41.67,-74.638
12785,41.532,-74.561
12786,41.639,-74.858
12787,41.795,-74.845
12788,41.788,-74.589
12789,41.705,-74.571
12790,41.592,-74.517
12791,41.817,-74.893
12792,41.514,-74.96
12801,43.311,-73.645
12803,43.29,-73.629
12804,43.341,-73.686
12808,43.76,-73.716
12809,43.237,-73.455
12810,43.492,-73.986
12811,43.605,-74.028
12812,43.876,-74.39
12814,43.632,-73.633
12815,43.696,-73.668
12816,43.044,-73.382
12817,43.64,-73.824
12819,43.591,-73.469
12821,43.454,-73.416
12822,43.229,-73.922
12823,43.18,-73.409
12824,43.525,-73.727
12827,43.464,-73.531
12828,43.255,-73.558
12831,43.195,-73.692
12832,43.358,-73.33
12833,43.15,-73.841
12834,43.094,-73.501
12835,43.333,-74.006
12836,43.712,-73.606
12837,43.476,-73.256
12838,43.329,-73.405
12839,43.354,-73.554
12841,43.606,-73.533
12842,43.738,-74.367
12843,43.565,-73.973
12844,43.489,-73.621
12845,43.424,-73.713
12846,43.346,-73.79
12847,44.008,-74.609
12849,43.45,-73.298
12850,43.103,-73.981
12851,43.842,-74.034
12852,43.936,-74.168
12853,43.658,-74.064
12855,44.027,-73.758
12856,43.666,-74.143
12857,43.82,-73.891
12858,43.909,-73.676
12859,43.172,-73.921
12860,43.756,-73.842
12861,43.747,-73.418
12862,43.685,-73.91
12863,43.06,-73.932
12864,43.727,-74.305
12865,43.214,-73.347
12866,43.074,-73.74
12870,43.83,-73.761
12871,43.089,-73.613
12872,43.875,-73.734
12873,43.117,-73.312
12874,43.691,-73.55
12878,43.415,-74.027
12883,43.837,-73.553
12884,43.088,-73.591
12885,43.523,-73.807
12886,43.683,-73.939
12887,43.537,-73.366
12901,44.704,-73.471
12903,44.68,-73.446
12910,44.845,-73.619
12911,44.521,-73.461
12912,44.481,-73.772
12913,44.43,-74.002
12914,44.927,-74.603
12916,44.834,-74.516
12917,44.928,-74.179
12918,44.701,-73.677
12919,44.965,-73.447
12920,44.883,-74.066
12921,44.889,-73.441
12922,44.287,-74.702
12923,44.96,-73.939
12924,44.48,-73.581
12926,44.951,-74.329
12927,44.207,-74.81
12928,43.964,-73.583
12929,44.72,-73.719
12930,44.72,-74.543
12932,44.214,-73.609
12933,44.891,-73.845
12934,44.875,-73.874
12935,44.845,-73.797
12936,44.285,-73.401
12937,44.961,-74.478
12939,44.433,-74.161
12941,44.347,-73.703
12942,44.232,-73.827
12943,44.123,-73.883
12944,44.433,-73.533
12945,44.309,-74.24
12946,44.207,-74.046
12950,44.318,-73.581
12952,44.708,-73.906
12953,44.745,-74.26
12955,44.807,-73.97
12956,44.098,-73.481
12957,44.848,-74.575
12958,44.96,-73.571
12959,44.952,-73.72
12960,44.016,-73.572
12961,44.057,-73.55
12962,44.701,-73.605
12964,44.126,-73.627
12965,44.703,-74.685
12966,44.799,-74.419
12967,44.775,-74.658
12969,44.711,-74.098
12970,44.478,-74.308
12972,44.554,-73.569
12973,44.288,-74.595
12974,44.06,-73.465
12975,44.529,-73.431
12976,44.504,-74.23
12977,44.277,-74.073
12978,44.616,-73.809
12979,44.992,-73.373
12980,44.564,-74.524
12981,44.627,-73.846
12983,44.308,-74.147
12985,44.561,-73.739
12986,44.226,-74.481
12987,44.321,-73.753
12989,44.52,-74.07
12992,44.818,-73.517
12993,44.211,-73.476
12996,44.355,-73.448
12997,44.373,-73.892
12998,44.078,-73.577
13020,42.816,-76.075
13021,42.922,-76.559
13024,42.935,-76.574
13026,42.744,-76.652
13027,43.166,-76.364
13028,43.305,-75.945
13029,43.226,-76.151
13030,43.152,-75.963
13031,43.045,-76.31
13032,43.082,-75.766
13033,43.188,-76.563
13034,42.957,-76.708
13035,42.941,-75.83
13036,43.309,-76.167
13037,43.068,-75.855
13039,43.172,-76.056
13040,42.56,-75.931
13041,43.192,-76.192
13042,43.26,-75.853
13044,43.291,-75.996
13045,42.574,-76.202
13051,42.877,-75.909
13052,42.712,-75.865
13053,42.48,-76.268
13054,43.169,-75.667
13057,43.102,-76.038
13060,43.023,-76.412
13061,42.872,-75.762
13062,42.484,-76.384
13063,42.848,-75.978
13064,43.329,-76.712
13066,43.032,-76.001
13068,42.492,-76.359
13069,43.329,-76.381
13071,42.675,-76.543
13072,42.762,-75.764
13073,42.584,-76.388
13074,43.311,-76.55
13076,43.354,-76.149
13077,42.728,-76.211
13078,42.958,-76.061
13080,43.093,-76.485
13081,42.674,-76.627
13082,43.103,-75.96
13083,43.646,-75.982
13084,42.881,-76.124
13087,42.709,-76.154
13088,43.112,-76.189
13090,43.153,-76.212
13092,42.655,-76.419
13101,42.589,-76.056
13102,42.55,-76.292
13103,43.326,-76.11
13104,42.963,-75.948
13108,42.965,-76.331
13110,42.895,-76.28
13111,43.258,-76.614
13112,43.106,-76.417
13113,43.163,-76.539
13114,43.466,-76.245
13115,43.399,-76.479
13116,43.075,-76.008
13117,43.009,-76.708
13118,42.756,-76.387
13120,42.933,-76.175
13122,42.838,-75.862
13123,43.234,-75.769
13124,42.661,-75.824
13126,43.439,-76.457
13131,43.423,-76.092
13132,43.272,-76.251
13134,42.967,-75.685
13135,43.254,-76.314
13136,42.614,-75.845
13138,42.899,-76.015
13140,43.06,-76.65
13141,42.752,-76.186
13142,43.555,-76.138
13143,43.236,-76.715
13144,43.569,-75.977
13145,43.647,-76.116
13146,43.086,-76.75
13147,42.775,-76.57
13148,42.913,-76.785
13152,42.891,-76.373
13153,42.997,-76.454
13155,42.675,-75.777
13156,43.326,-76.661
13157,43.207,-75.721
13158,42.697,-75.951
13159,42.803,-76.112
13160,42.828,-76.649
13162,43.185,-75.715
13163,43.08,-75.711
13164,43.097,-76.313
13165,42.917,-76.883
13166,43.079,-76.565
13167,43.326,-76.06
13202,43.044,-76.151
13203,43.061,-76.135
13204,43.051,-76.177
13205,43.005,-76.142
13206,43.073,-76.106
13207,43.013,-76.163
13208,43.079,-76.145
13209,43.069,-76.224
13210,43.031,-76.127
13211,43.104,-76.119
13212,43.13,-76.13
13214,43.039,-76.076
13215,42.981,-76.223
13219,43.041,-76.224
13224,43.037,-76.103
13290,43.069,-76.173
13301,43.416,-75.218
13302,43.498,-75.965
13303,43.367,-75.468
13304,43.244,-75.16
13305,43.892,-75.421
13308,43.251,-75.658
13309,43.452,-75.355
13310,42.89,-75.572
13312,43.692,-75.204
13313,42.88,-75.273
13314,42.817,-75.319
13315,42.744,-75.144
13316,43.419,-75.74
13317,42.854,-74.591
13318,42.922,-75.26
13319,43.026,-75.267
13320,42.778,-74.741
13321,43.088,-75.371
13322,42.954,-75.202
13323,43.04,-75.379
13324,43.321,-74.962
13325,43.576,-75.528
13326,42.723,-74.895
13327,43.973,-75.262
13328,42.985,-75.429
13329,43.107,-74.708
13331,43.866,-74.881
13332,42.764,-75.582
13333,42.837,-74.819
13334,42.827,-75.656
13335,42.702,-75.248
13337,42.758,-75.0
13338,43.528,-74.987
13339,42.937,-74.659
13340,43.062,-75.129
13341,43.036,-75.397
13342,42.654,-75.195
13343,43.751,-75.311
13345,43.687,-75.321
13346,42.818,-75.544
13348,42.71,-75.067
13350,43.061,-75.0
13352,43.313,-75.116
13353,43.447,-74.695
13354,43.265,-75.268
13355,42.81,-75.43
13357,42.971,-75.081
13360,43.722,-74.715
13361,42.904,-74.868
13362,42.982,-75.522
13363,43.325,-75.513
13364,42.805,-75.261
13365,43.126,-74.853
13367,43.758,-75.533
13368,43.638,-75.287
13402,42.892,-75.501
13403,43.165,-75.268
13404,43.736,-75.472
13406,43.135,-74.925
13407,42.969,-74.951
13408,42.923,-75.677
13409,42.976,-75.595
13410,42.931,-74.613
13411,42.634,-75.306
13413,43.06,-75.279
13415,42.596,-75.198
13416,43.187,-74.971
13417,43.101,-75.294
13418,42.846,-75.38
13420,43.718,-74.984
13421,43.062,-75.66
13424,43.152,-75.365
13425,42.965,-75.487
13428,42.915,-74.546
13431,43.209,-75.073
13433,43.595,-75.249
13435,43.305,-75.151
13436,43.811,-74.666
13437,43.58,-75.804
13438,43.354,-75.16
13439,42.857,-74.995
13440,43.216,-75.462
13441,43.226,-75.408
13450,42.702,-74.81
13452,43.043,-74.63
13454,43.22,-74.758
13456,43.0,-75.255
13459,42.775,-74.589
13460,42.688,-75.442
13461,43.07,-75.599
13464,42.688,-75.616
13468,42.848,-74.852
13469,43.215,-75.302
13470,43.21,-74.61
13471,43.358,-75.577
13472,43.697,-75.068
13473,43.646,-75.443
13475,42.894,-74.831
13476,43.088,-75.51
13477,43.033,-75.513
13478,43.144,-75.582
13480,42.918,-75.363
13483,43.397,-75.826
13484,42.866,-75.659
13485,42.788,-75.315
13486,43.345,-75.345
13488,42.689,-74.751
13489,43.461,-75.552
13490,43.11,-75.427
13491,42.864,-75.168
13492,43.115,-75.338
13493,43.433,-75.898
13494,43.533,-75.141
13495,43.111,-75.277
13501,43.081,-75.226
13502,43.141,-75.155
13601,43.969,-75.907
13602,44.065,-75.784
13603,44.036,-75.794
13605,43.807,-76.05
13606,43.873,-76.015
13607,44.299,-75.936
13608,44.261,-75.614
13612,43.985,-75.769
13613,44.871,-74.75
13614,44.531,-75.691
13615,44.048,-75.984
13616,44.03,-75.858
13617,44.581,-75.143
13618,44.115,-76.291
13619,43.979,-75.601
13620,43.909,-75.448
13621,44.834,-75.08
13622,44.101,-76.107
13623,44.45,-75.752
13624,44.209,-76.093
13625,44.538,-74.928
13626,43.83,-75.735
13628,44.031,-75.682
13630,44.499,-75.312
13633,44.497,-75.456
13634,44.011,-76.074
13635,44.287,-75.281
13636,43.743,-76.117
13637,44.106,-75.818
13638,44.019,-75.742
13639,44.264,-75.151
13640,44.304,-76.028
13641,44.274,-76.003
13642,44.335,-75.456
13643,44.032,-75.717
13646,44.446,-75.674
13647,44.606,-74.981
13648,44.15,-75.318
13650,43.811,-76.216
13651,43.866,-76.177
13652,44.433,-75.187
13654,44.577,-75.437
13655,44.982,-74.65
13656,44.192,-75.956
13658,44.748,-75.271
13659,43.738,-75.863
13660,44.774,-75.161
13661,43.71,-76.098
13662,44.932,-74.884
13664,44.584,-75.645
13665,44.048,-75.434
13666,44.218,-74.926
13667,44.837,-74.96
13668,44.755,-74.986
13669,44.673,-75.482
13670,44.167,-75.117
13672,44.471,-74.661
13673,44.164,-75.718
13674,43.739,-76.048
13675,44.282,-75.846
13676,44.655,-74.926
13677,44.512,-75.18
13678,44.814,-74.993
13679,44.32,-75.771
13680,44.596,-75.323
13681,44.428,-75.373
13682,43.843,-75.902
13684,44.357,-75.013
13685,43.925,-76.086
13687,44.439,-74.838
13690,44.097,-75.008
13691,44.232,-75.771
13692,44.289,-76.026
13693,43.986,-76.246
13694,44.869,-75.134
13695,44.103,-74.922
13696,44.695,-74.888
13697,44.755,-74.81
13730,42.224,-75.532
13731,42.13,-74.788
13732,42.049,-76.168
13733,42.302,-75.479
13734,42.07,-76.41
13736,42.324,-76.202
13739,42.349,-74.789
13740,42.274,-74.757
13743,42.212,-76.338
13744,42.243,-75.908
13746,42.269,-75.885
13748,42.043,-75.823
13750,42.471,-74.858
13751,42.454,-74.902
13752,42.191,-74.897
13753,42.307,-74.927
13754,42.088,-75.448
13755,42.055,-74.967
13756,42.004,-75.101
13757,42.411,-74.891
13760,42.133,-76.085
13774,41.96,-75.149
13775,42.328,-75.134
13776,42.47,-75.332
13777,42.258,-75.99
13778,42.359,-75.759
13780,42.422,-75.477
13782,42.17,-74.991
13783,41.994,-75.266
13784,42.427,-76.221
13786,42.441,-74.694
13787,42.213,-75.672
13788,42.339,-74.666
13790,42.165,-76.002
13794,42.393,-76.014
13795,42.057,-75.779
13796,42.557,-75.132
13797,42.334,-76.04
13801,42.505,-75.777
13802,42.242,-76.041
13803,42.457,-76.067
13804,42.226,-75.384
13806,42.379,-74.957
13807,42.607,-74.988
13808,42.525,-75.262
13809,42.404,-75.396
13810,42.607,-75.108
13811,42.235,-76.164
13812,42.03,-76.355
13813,42.164,-75.551
13815,42.548,-75.531
13820,42.483,-75.037
13825,42.436,-75.205
13826,42.1,-75.639
13827,42.118,-76.249
13830,42.438,-75.627
13832,42.658,-75.672
13833,42.198,-75.769
13834,42.531,-74.966
13835,42.383,-76.179
13838,42.285,-75.388
13839,42.262,-75.252
13841,42.407,-75.842
13842,42.377,-74.724
13843,42.503,-75.382
13844,42.608,-75.668
13845,42.053,-76.355
13846,42.364,-75.055
13847,42.186,-75.291
13849,42.35,-75.309
13850,42.049,-76.018
13856,42.171,-75.183
13859,42.372,-75.245
13860,42.453,-74.933
13861,42.509,-75.151
13862,42.331,-75.931
13863,42.455,-75.899
13864,42.272,-76.389
13865,42.032,-75.616
13901,42.183,-75.876
13902,42.089,-75.969
13903,42.042,-75.889
13904,42.134,-75.82
13905,42.17,-75.943
14001,43.037,-78.511
14004,42.891,-78.504
14005,42.921,-78.25
14006,42.633,-79.022
14008,43.313,-78.623
14009,42.593,-78.397
14011,42.831,-78.3
14012,43.332,-78.533
14013,43.086,-78.398
14020,42.996,-78.213
14024,42.581,-78.245
14025,42.622,-78.727
14026,42.942,-78.688
14028,43.318,-78.718
14030,42.564,-78.508
14031,42.983,-78.614
14032,43.047,-78.631
14033,42.654,-78.692
14034,42.501,-78.865
14035,42.491,-78.848
14036,42.974,-78.39
14037,42.803,-78.453
14039,42.851,-78.173
14040,42.891,-78.377
14041,42.399,-78.972
14042,42.476,-78.489
14043,42.902,-78.703
14047,42.687,-78.987
14048,42.484,-79.317
14051,43.043,-78.699
14052,42.773,-78.584
14054,42.92,-78.127
14055,42.563,-78.6
14057,42.647,-78.875
14058,43.102,-78.169
14059,42.834,-78.634
14060,42.45,-78.296
14061,42.594,-79.079
14062,42.438,-79.143
14063,42.409,-79.331
14065,42.485,-78.313
14066,42.629,-78.186
14067,43.213,-78.568
14068,43.027,-78.757
14069,42.615,-78.643
14070,42.42,-78.918
14072,43.018,-78.963
14075,42.713,-78.835
14080,42.648,-78.548
14081,42.563,-79.068
14082,42.657,-78.385
14085,42.718,-78.922
14086,42.909,-78.629
14091,42.538,-78.893
14092,43.173,-78.993
14094,43.158,-78.702
14098,43.334,-78.381
14101,42.393,-78.538
14102,42.837,-78.558
14103,43.211,-78.377
14105,43.199,-78.484
14108,43.263,-78.727
14109,43.138,-79.034
14111,42.58,-78.905
14112,42.698,-78.94
14113,42.672,-78.34
14120,43.079,-78.843
14125,43.085,-78.275
14126,43.336,-78.729
14127,42.753,-78.74
14129,42.481,-79.017
14130,42.556,-78.148
14131,43.239,-78.9
14132,43.149,-78.878
14134,42.528,-78.524
14135,42.488,-79.241
14136,42.517,-79.175
14138,42.38,-79.037
14139,42.718,-78.541
14141,42.525,-78.712
14143,42.972,-78.064
14145,42.73,-78.434
14150,42.998,-78.878
14167,42.749,-78.323
14168,42.52,-78.991
14169,42.766,-78.524
14170,42.7,-78.674
14171,42.425,-78.65
14172,43.273,-78.813
14173,42.526,-78.473
14174,43.249,-78.998
14201,42.896,-78.886
14202,42.881,-78.877
14203,42.869,-78.87
14204,42.882,-78.861
14206,42.88,-78.81
14207,42.952,-78.899
14208,42.916,-78.853
14209,42.914,-78.866
14210,42.863,-78.829
14211,42.907,-78.82
14212,42.894,-78.82
14213,42.918,-78.892
14214,42.94,-78.841
14215,42.935,-78.811
14216,42.95,-78.861
14217,42.972,-78.877
14218,42.819,-78.831
14219,42.789,-78.826
14220,42.846,-78.822
14221,42.984,-78.723
14222,42.92,-78.877
14223,42.973,-78.846
14224,42.838,-78.748
14225,42.929,-78.75
14226,42.971,-78.796
14227,42.887,-78.731
14228,43.044,-78.777
14261,43.008,-78.791
14301,43.096,-79.04
14302,43.094,-79.049
14303,43.085,-79.038
14304,43.099,-78.952
14305,43.123,-79.023
14411,43.236,-78.216
14414,42.891,-77.744
14415,42.755,-77.017
14416,43.083,-77.98
14418,42.604,-77.216
14420,43.212,-77.935
14422,43.085,-78.067
14423,42.934,-77.821
14424,42.857,-77.303
14425,42.992,-77.338
14427,42.622,-78.054
14428,43.081,-77.854
14432,42.957,-77.144
14433,43.082,-76.878
14435,42.713,-77.663
14437,42.57,-77.734
14441,42.685,-76.958
14445,43.113,-77.49
14450,43.092,-77.42
14454,42.798,-77.775
14456,42.848,-76.999
14462,42.687,-77.751
14464,43.327,-77.932
14466,42.777,-77.581
14467,43.036,-77.612
14468,43.294,-77.802
14469,42.878,-77.471
14470,43.205,-78.058
14471,42.754,-77.492
14472,42.967,-77.575
14475,42.938,-77.498
14476,43.329,-78.043
14477,43.333,-78.14
14478,42.578,-77.126
14479,43.236,-78.314
14480,42.838,-77.71
14481,42.762,-77.921
14482,42.979,-77.972
14485,42.883,-77.601
14486,42.894,-77.922
14487,42.812,-77.636
14489,43.088,-76.994
14502,43.097,-77.335
14504,42.969,-77.232
14505,43.159,-77.169
14506,43.006,-77.517
14507,42.685,-77.255
14510,42.683,-77.869
14511,42.999,-77.892
14512,42.645,-77.4
14513,43.086,-77.092
14514,43.11,-77.815
14516,43.201,-76.919
14517,42.592,-77.896
14519,43.234,-77.315
14521,42.677,-76.805
14522,43.061,-77.22
14525,42.878,-78.013
14526,43.151,-77.444
14527,42.666,-77.066
14529,42.54,-77.638
14530,42.74,-77.999
14532,42.964,-77.032
14533,42.839,-77.889
14534,43.057,-77.521
14536,42.544,-78.084
14537,43.036,-77.163
14539,42.834,-77.875
14541,42.765,-76.849
14542,43.147,-76.86
14543,42.984,-77.679
14544,42.756,-77.244
14545,42.665,-77.701
14546,43.033,-77.78
14548,42.976,-77.244
14549,42.7,-78.017
14550,42.68,-78.093
14551,43.218,-77.05
14555,43.261,-76.976
14559,43.19,-77.819
14560,42.683,-77.566
14561,42.82,-77.132
14564,42.987,-77.434
14568,43.162,-77.282
14569,42.735,-78.171
14571,43.342,-78.252
14572,42.565,-77.563
14580,43.217,-77.445
14585,42.906,-77.553
14586,43.042,-77.69
14588,42.681,-76.871
14589,43.249,-77.174
14590,43.243,-76.826
14591,42.832,-78.107
14592,42.872,-77.896
14604,43.156,-77.605
14605,43.168,-77.603
14606,43.171,-77.698
14607,43.151,-77.586
14608,43.154,-77.623
14609,43.177,-77.555
14610,43.142,-77.545
14611,43.148,-77.647
14612,43.266,-77.677
14613,43.182,-77.64
14614,43.157,-77.615
14615,43.201,-77.655
14616,43.235,-77.658
14617,43.225,-77.594
14618,43.115,-77.555
14619,43.136,-77.649
14620,43.128,-77.606
14621,43.19,-77.604
14622,43.216,-77.552
14623,43.087,-77.642
14624,43.128,-77.731
14625,43.15,-77.506
14626,43.217,-77.711
14627,43.129,-77.629
14701,42.08,-79.257
14706,42.113,-78.533
14707,42.077,-78.061
14708,42.019,-78.064
14709,42.356,-77.982
14710,42.088,-79.42
14711,42.327,-78.119
14712,42.184,-79.362
14714,42.297,-78.234
14715,42.077,-78.145
14716,42.391,-79.445
14717,42.362,-78.18
14718,42.346,-79.288
14719,42.342,-78.876
14720,42.109,-79.281
14721,42.014,-78.266
14722,42.209,-79.468
14723,42.318,-79.157
14724,42.046,-79.67
14726,42.254,-79.02
14727,42.207,-78.297
14728,42.263,-79.423
14729,42.408,-78.744
14731,42.307,-78.656
14732,42.232,-79.116
14733,42.16,-79.172
14735,42.453,-78.096
14736,42.141,-79.746
14737,42.329,-78.429
14738,42.055,-79.085
14739,42.193,-78.146
14740,42.223,-79.181
14741,42.22,-78.612
14742,42.12,-79.307
14743,42.212,-78.396
14744,42.428,-78.207
14747,42.154,-79.095
14748,42.157,-78.643
14750,42.08,-79.329
14752,42.352,-79.32
14753,42.036,-78.664
14754,42.022,-78.202
14755,42.234,-78.805
14756,42.198,-79.421
14757,42.238,-79.505
14760,42.077,-78.418
14767,42.057,-79.514
14769,42.368,-79.472
14770,42.038,-78.3
14772,42.157,-78.953
14774,42.088,-78.149
14775,42.229,-79.7
14777,42.386,-78.274
14778,42.078,-78.483
14779,42.081,-78.778
14781,42.162,-79.601
14782,42.266,-79.264
14783,42.082,-78.887
14784,42.311,-79.385
14787,42.311,-79.565
14788,42.062,-78.38
14801,42.104,-77.293
14802,42.253,-77.789
14803,42.273,-77.745
14804,42.317,-77.848
14805,42.353,-76.714
14806,42.171,-77.773
14807,42.421,-77.711
14808,42.56,-77.467
14809,42.424,-77.449
14810,42.35,-77.343
14812,42.301,-77.005
14813,42.253,-77.995
14814,42.156,-76.959
14815,42.374,-77.087
14816,42.198,-76.732
14817,42.358,-76.335
14818,42.455,-76.819
14819,42.224,-77.442
14820,42.193,-77.36
14821,42.242,-77.219
14822,42.424,-77.851
14823,42.249,-77.555
14824,42.26,-76.7
14825,42.056,-76.618
14826,42.491,-77.498
14827,42.181,-77.143
14830,42.128,-77.032
14836,42.533,-77.87
14837,42.491,-77.026
14838,42.188,-76.662
14839,42.119,-77.641
14840,42.442,-77.194
14841,42.525,-76.841
14842,42.601,-76.981
14843,42.32,-77.646
14845,42.216,-76.834
14846,42.532,-78.002
14847,42.608,-76.734
14850,42.432,-76.497
14853,42.449,-76.478
14854,42.506,-76.615
14855,42.146,-77.497
14856,42.377,-77.367
14858,42.03,-77.135
14859,42.115,-76.538
14860,42.592,-76.831
14861,42.088,-76.686
14864,42.275,-76.841
14865,42.348,-76.834
14867,42.343,-76.618
14869,42.362,-76.769
14870,42.16,-77.128
14871,42.04,-76.911
14872,42.244,-76.875
14873,42.523,-77.298
14874,42.53,-77.175
14877,42.058,-77.68
14878,42.45,-76.943
14879,42.322,-77.187
14880,42.178,-77.971
14881,42.4,-76.359
14882,42.58,-76.554
14883,42.237,-76.476
14884,42.48,-77.894
14885,42.046,-77.57
14886,42.506,-76.685
14889,42.234,-76.579
14891,42.377,-76.946
14892,42.046,-76.529
14893,42.468,-77.108
14894,42.019,-76.777
14895,42.081,-77.941
14897,42.021,-77.793
14898,42.053,-77.43
14901,42.088,-76.747
14903,42.132,-76.872
14904,42.07,-76.801
14905,42.088,-76.843
15001,40.595,-80.323
15003,40.604,-80.216
15004,40.345,-80.381
15005,40.645,-80.187
15006,40.634,-79.877
15007,40.652,-79.932
15009,40.698,-80.365
15010,40.771,-80.351
15012,40.155,-79.813
15014,40.608,-79.74
15015,40.637,-80.081
15017,40.342,-80.122
15018,40.266,-79.797
15019,40.407,-80.329
15020,40.233,-79.95
15021,40.389,-80.442
15022,40.125,-79.939
15024,40.585,-79.847
15025,40.298,-79.923
15026,40.505,-80.354
15027,40.666,-80.24
15028,40.311,-79.79
15030,40.592,-79.783
15031,40.348,-80.161
15033,40.179,-79.865
15034,40.351,-79.891
15035,40.385,-79.807
15037,40.258,-79.853
15038,40.251,-79.926
15042,40.69,-80.205
15043,40.552,-80.488
15044,40.638,-79.948
15045,40.326,-79.886
15046,40.556,-80.229
15047,40.316,-79.794
15049,40.556,-79.806
15050,40.564,-80.435
15051,40.563,-79.867
15052,40.659,-80.431
15053,40.381,-80.36
15054,40.362,-80.408
15055,40.306,-80.124
15056,40.564,-80.216
15057,40.359,-80.244
15059,40.678,-80.486
15060,40.367,-80.292
15061,40.66,-80.32
15062,40.149,-79.878
15063,40.191,-79.922
15064,40.356,-80.15
15065,40.644,-79.725
15066,40.747,-80.256
15067,40.207,-79.962
15068,40.557,-79.726
15071,40.412,-80.188
15072,40.139,-79.856
15074,40.734,-80.208
15075,40.586,-79.827
15076,40.607,-79.835
15077,40.625,-80.416
15078,40.356,-80.385
15081,40.575,-80.236
15082,40.378,-80.213
15083,40.262,-79.786
15084,40.629,-79.803
15085,40.386,-79.722
15086,40.675,-80.106
15087,40.19,-79.853
15088,40.272,-79.896
15089,40.225,-79.749
15090,40.625,-80.067
15101,40.58,-79.955
15102,40.321,-80.037
15104,40.404,-79.863
15106,40.41,-80.114
15108,40.5,-80.202
15110,40.373,-79.85
15112,40.404,-79.838
15116,40.526,-79.932
15120,40.396,-79.908
15122,40.361,-79.896
15126,40.462,-80.284
15129,40.293,-79.996
15131,40.339,-79.796
15132,40.34,-79.843
15133,40.327,-79.867
15135,40.311,-79.813
15136,40.463,-80.106
15137,40.376,-79.809
15139,40.523,-79.836
15140,40.408,-79.776
15142,40.382,-80.119
15143,40.566,-80.146
15144,40.548,-79.778
15145,40.415,-79.824
15146,40.426,-79.761
15147,40.497,-79.831
15148,40.393,-79.795
15201,40.474,-79.951
15202,40.505,-80.068
15203,40.426,-79.976
15204,40.457,-80.061
15205,40.438,-80.099
15206,40.472,-79.913
15207,40.404,-79.929
15208,40.453,-79.899
15209,40.499,-79.97
15210,40.407,-79.985
15211,40.43,-80.016
15212,40.457,-79.99
15213,40.444,-79.955
15214,40.487,-80.014
15215,40.501,-79.913
15216,40.403,-80.035
15217,40.431,-79.92
15218,40.424,-79.89
15219,40.443,-79.983
15220,40.42,-80.048
15221,40.436,-79.864
15222,40.448,-79.993
15223,40.505,-79.952
15224,40.464,-79.945
15225,40.507,-80.114
15226,40.395,-80.014
15227,40.376,-79.971
15228,40.371,-80.044
15229,40.52,-80.037
15232,40.453,-79.932
15233,40.461,-80.035
15234,40.368,-80.018
15235,40.46,-79.822
15236,40.347,-79.975
15237,40.55,-80.044
15238,40.537,-79.879
15239,40.484,-79.738
15241,40.334,-80.081
15243,40.376,-80.072
15260,40.444,-79.953
15290,40.457,-80.019
15301,40.153,-80.253
15310,39.793,-80.482
15311,40.046,-80.184
15312,40.252,-80.441
15313,40.068,-80.024
15314,40.146,-80.017
15315,39.758,-79.983
15316,39.724,-80.252
15317,40.277,-80.171
15320,39.876,-79.99
15321,40.323,-80.188
15322,39.988,-80.053
15323,40.112,-80.406
15324,40.101,-80.066
15325,39.949,-79.963
15327,39.745,-79.961
15329,40.028,-80.28
15330,40.179,-80.09
15331,40.105,-80.023
15332,40.24,-79.993
15333,40.031,-80.013
15334,39.808,-79.968
15337,39.952,-80.378
15338,39.786,-80.002
15340,40.283,-80.317
15341,39.824,-80.344
15342,40.244,-80.221
15344,39.916,-80.061
15345,40.023,-80.105
15346,39.935,-80.075
15347,40.22,-80.221
15348,39.986,-79.996
15349,39.762,-80.094
15350,40.293,-80.201
15351,39.884,-79.93
15352,39.752,-80.383
15353,39.962,-80.311
15357,39.942,-79.98
15358,40.055,-80.003
15359,39.876,-80.276
15360,40.085,-80.082
15361,40.329,-80.258
15362,39.772,-80.214
15363,40.252,-80.198
15364,39.946,-80.305
15366,40.16,-79.973
15367,40.261,-80.056
15368,40.014,-79.989
15370,39.881,-80.171
15376,40.109,-80.479
15377,39.988,-80.449
15378,40.278,-80.275
15379,40.243,-80.425
15380,39.868,-80.467
15401,39.9,-79.746
15410,39.912,-79.902
15411,39.749,-79.347
15412,40.089,-79.859
15413,39.985,-79.871
15417,40.009,-79.918
15419,40.047,-79.895
15420,39.96,-79.865
15421,39.846,-79.597
15422,39.981,-79.812
15423,40.09,-79.933
15424,39.82,-79.359
15425,40.03,-79.549
15427,40.07,-79.975
15428,40.084,-79.682
15429,40.003,-79.938
15430,40.039,-79.654
15431,39.95,-79.596
15432,40.114,-79.86
15433,39.983,-79.949
15434,40.082,-79.887
15435,39.943,-79.85
15436,39.818,-79.725
15437,39.78,-79.612
15438,40.073,-79.858
15440,39.735,-79.617
15442,40.019,-79.84
15443,39.92,-79.881
15444,40.012,-79.909
15445,39.876,-79.668
15446,40.031,-79.403
15447,39.944,-79.937
15448,40.136,-79.733
15449,39.964,-79.783
15450,40.001,-79.974
15451,39.737,-79.836
15454,39.863,-79.872
15455,40.003,-79.642
15456,39.927,-79.652
15458,39.89,-79.851
15459,39.781,-79.486
15460,39.808,-79.907
15461,39.843,-79.9
15462,40.064,-79.379
15463,39.966,-79.9
15464,39.93,-79.436
15466,40.075,-79.892
15467,39.785,-79.926
15468,39.95,-79.833
15469,40.01,-79.418
15470,39.867,-79.532
15472,39.919,-79.717
15473,40.044,-79.791
15474,39.751,-79.893
15475,39.952,-79.878
15476,39.87,-79.921
15477,40.078,-79.864
15478,39.787,-79.805
15479,40.151,-79.708
15480,39.986,-79.774
15482,40.061,-79.766
15483,40.083,-79.851
15484,39.893,-79.784
15486,40.026,-79.711
15489,39.966,-79.696
15490,40.072,-79.454
15492,40.118,-79.764
15501,40.04,-79.13
15502,40.041,-79.242
15510,39.967,-79.04
15520,40.106,-79.061
15521,40.208,-78.63
15522,39.942,-78.548
15530,39.941,-78.924
15531,40.184,-79.082
15532,39.762,-79.061
15533,39.982,-78.242
15534,39.899,-78.691
15535,39.821,-78.444
15536,39.955,-78.204
15537,40.0,-78.367
15538,39.864,-78.834
15539,40.128,-78.591
15540,39.797,-79.239
15541,40.044,-78.971
15542,39.876,-79.072
15544,40.136,-79.093
15545,39.802,-78.752
15546,40.137,-79.048
15547,40.162,-79.072
15550,39.978,-78.65
15551,39.868,-79.285
15552,39.793,-78.991
15554,40.123,-78.622
15555,40.092,-79.082
15557,39.928,-79.218
15558,39.748,-79.11
15559,40.06,-78.691
15560,40.017,-78.907
15561,40.096,-79.088
15562,39.74,-79.135
15563,40.098,-78.929
15564,39.73,-78.838
15601,40.315,-79.535
15610,40.147,-79.417
15611,40.307,-79.653
15612,40.137,-79.6
15613,40.547,-79.562
15615,40.365,-79.734
15616,40.223,-79.553
15617,40.268,-79.655
15618,40.571,-79.44
15620,40.324,-79.339
15621,40.214,-79.483
15622,40.05,-79.329
15623,40.367,-79.62
15624,40.365,-79.47
15625,40.27,-79.68
15626,40.407,-79.576
15627,40.351,-79.3
15628,40.101,-79.373
15629,40.597,-79.563
15631,40.087,-79.585
15632,40.439,-79.6
15633,40.357,-79.524
15634,40.324,-79.605
15635,40.348,-79.502
15636,40.365,-79.657
15637,40.265,-79.712
15638,40.264,-79.399
15639,40.204,-79.594
15640,40.225,-79.729
15641,40.632,-79.589
15642,40.318,-79.724
15644,40.347,-79.611
15646,40.082,-79.326
15647,40.343,-79.729
15650,40.277,-79.393
15655,40.19,-79.16
15656,40.657,-79.629
15658,40.248,-79.231
15660,40.245,-79.774
15661,40.322,-79.36
15662,40.334,-79.478
15663,40.252,-79.679
15665,40.339,-79.661
15666,40.161,-79.51
15668,40.461,-79.67
15670,40.407,-79.444
15671,40.356,-79.322
15672,40.244,-79.622
15673,40.594,-79.557
15675,40.335,-79.637
15676,40.241,-79.466
15677,40.143,-79.237
15678,40.287,-79.726
15679,40.176,-79.654
15680,40.521,-79.499
15681,40.5,-79.44
15683,40.107,-79.608
15684,40.461,-79.521
15686,40.623,-79.431
15687,40.136,-79.316
15688,40.169,-79.585
15689,40.221,-79.491
15690,40.641,-79.549
15691,40.295,-79.686
15692,40.332,-79.679
15693,40.253,-79.408
15695,40.197,-79.693
15696,40.28,-79.366
15697,40.241,-79.58
15698,40.214,-79.689
15701,40.628,-79.15
15710,40.642,-78.872
15711,41.018,-78.956
15712,40.79,-78.848
15713,40.57,-79.262
15714,40.651,-78.825
15715,40.971,-78.877
15716,40.465,-79.187
15717,40.457,-79.243
15721,40.816,-78.793
15722,40.595,-78.725
15723,40.699,-79.159
15724,40.735,-78.814
15725,40.519,-79.349
15727,40.558,-79.31
15728,40.676,-78.972
15729,40.706,-78.915
15730,41.058,-79.095
15731,40.504,-79.176
15732,40.728,-79.212
15733,40.989,-78.959
15734,40.725,-79.001
15736,40.701,-79.366
15737,40.601,-78.759
15738,40.692,-78.785
15739,40.674,-79.169
15741,40.802,-78.891
15742,40.817,-78.864
15744,40.923,-79.084
15745,40.623,-78.915
15746,40.759,-78.889
15747,40.776,-79.146
15748,40.524,-79.084
15750,40.485,-79.181
15752,40.541,-79.283
15753,40.804,-78.645
15754,40.557,-79.152
15756,40.567,-79.297
15757,40.903,-78.732
15759,40.773,-79.032
15760,40.648,-78.8
15761,40.632,-78.89
15762,40.594,-78.829
15764,40.993,-79.029
15765,40.599,-78.988
15767,40.962,-78.968
15770,41.009,-79.137
15771,40.832,-78.989
15772,40.87,-78.899
15773,40.627,-78.735
15774,40.655,-79.324
15775,40.632,-78.788
15776,41.011,-79.112
15777,40.694,-78.965
15778,40.969,-79.195
15779,40.391,-79.214
15780,40.913,-79.071
15781,40.964,-78.987
15783,40.609,-79.343
15784,41.024,-79.141
15801,41.125,-78.722
15821,41.351,-78.369
15823,41.26,-78.716
15824,41.251,-78.841
15825,41.175,-79.034
15827,41.319,-78.522
15828,41.385,-79.123
15829,41.169,-79.202
15832,41.357,-78.197
15834,41.501,-78.323
15840,41.172,-78.823
15841,41.263,-78.53
15845,41.494,-78.69
15846,41.32,-78.58
15847,41.09,-79.032
15848,41.024,-78.731
15849,41.164,-78.582
15851,41.103,-78.91
15853,41.392,-78.792
15856,41.082,-78.614
15857,41.455,-78.52
15860,41.334,-79.02
15861,41.306,-78.066
15863,41.014,-78.84
15864,41.104,-79.198
15865,41.045,-78.828
15866,41.024,-78.791
15868,41.3,-78.328
15870,41.594,-78.568
15901,40.329,-78.914
15902,40.323,-78.883
15904,40.312,-78.841
15905,40.291,-78.97
15906,40.38,-78.956
15909,40.41,-78.87
15920,40.474,-79.048
15921,40.317,-78.701
15922,40.518,-78.877
15923,40.355,-79.159
15924,40.103,-78.763
15925,40.409,-78.641
15926,40.027,-78.817
15927,40.54,-78.779
15928,40.24,-78.918
15929,40.468,-79.008
15930,40.295,-78.719
15931,40.506,-78.758
15934,40.279,-78.804
15935,40.208,-78.965
15936,40.161,-78.893
15937,40.205,-78.985
15938,40.419,-78.611
15940,40.517,-78.625
15942,40.398,-78.811
15943,40.474,-78.839
15944,40.364,-79.079
15945,40.358,-78.867
15946,40.372,-78.633
15948,40.49,-78.765
15949,40.396,-79.116
15951,40.333,-78.771
15952,40.304,-78.776
15953,40.208,-78.885
15954,40.424,-78.998
15955,40.323,-78.697
15956,40.351,-78.796
15957,40.558,-78.905
15958,40.388,-78.73
15960,40.497,-78.884
15961,40.471,-78.942
15962,40.388,-78.715
15963,40.228,-78.759
16001,40.91,-79.945
16002,40.815,-79.855
16020,41.115,-79.899
16022,41.054,-79.734
16023,40.785,-79.75
16024,40.743,-80.039
16025,40.939,-79.761
16027,40.82,-80.019
16028,40.951,-79.636
16029,40.879,-79.846
16030,41.136,-79.797
16033,40.784,-80.051
16034,40.862,-79.734
16035,41.109,-80.015
16036,41.135,-79.667
16037,40.843,-80.134
16038,41.164,-79.953
16040,41.094,-79.841
16041,41.005,-79.715
16045,40.853,-79.917
16046,40.703,-80.024
16048,41.053,-79.818
16049,41.094,-79.672
16050,41.044,-79.761
16051,40.945,-80.138
16052,40.899,-80.062
16053,40.812,-79.983
16054,41.154,-79.663
16055,40.717,-79.75
16056,40.728,-79.842
16057,41.034,-80.06
16059,40.707,-79.927
16061,41.005,-79.885
16063,40.762,-80.123
16066,40.71,-80.106
16101,40.984,-80.29
16102,40.96,-80.425
16105,41.058,-80.341
16110,41.505,-80.381
16111,41.52,-80.283
16112,40.96,-80.498
16113,41.281,-80.424
16114,41.403,-80.184
16115,40.796,-80.464
16116,41.044,-80.45
16117,40.872,-80.256
16120,40.885,-80.479
16121,41.211,-80.497
16123,40.822,-80.197
16124,41.336,-80.276
16125,41.406,-80.373
16127,41.173,-80.073
16130,41.445,-80.223
16131,41.551,-80.378
16132,41.006,-80.505
16133,41.268,-80.114
16134,41.525,-80.479
16136,40.835,-80.324
16137,41.231,-80.239
16140,41.095,-80.514
16141,40.868,-80.398
16142,41.145,-80.333
16143,41.104,-80.445
16145,41.38,-80.079
16146,41.234,-80.5
16148,41.228,-80.418
16150,41.285,-80.453
16151,41.444,-80.207
16153,41.322,-80.087
16154,41.326,-80.42
16155,41.068,-80.511
16156,41.089,-80.216
16157,40.888,-80.333
16159,41.153,-80.475
16160,40.931,-80.357
16161,41.197,-80.496
16201,40.805,-79.469
16210,40.896,-79.514
16211,40.794,-79.203
16212,40.754,-79.584
16213,41.126,-79.558
16214,41.204,-79.361
16217,41.331,-79.174
16218,40.933,-79.591
16222,40.874,-79.257
16223,40.976,-79.364
16224,41.065,-79.295
16226,40.712,-79.486
16228,40.761,-79.536
16229,40.717,-79.643
16230,41.02,-79.283
16232,41.214,-79.551
16233,41.361,-79.271
16235,41.323,-79.352
16236,40.788,-79.523
16238,40.788,-79.521
16239,41.497,-79.138
16240,41.036,-79.225
16242,41.01,-79.366
16244,40.792,-79.277
16245,41.007,-79.298
16246,40.792,-79.182
16248,41.034,-79.503
16249,40.762,-79.312
16250,40.769,-79.233
16253,40.951,-79.343
16254,41.253,-79.461
16255,41.129,-79.467
16256,40.855,-79.134
16258,41.237,-79.278
16259,40.926,-79.452
16260,41.396,-79.231
16262,40.839,-79.652
16263,40.802,-79.337
16301,41.453,-79.622
16311,41.462,-80.042
16312,41.932,-79.303
16313,41.734,-79.122
16314,41.521,-80.077
16316,41.602,-80.304
16317,41.533,-79.854
16319,41.324,-79.623
16321,41.571,-79.4
16322,41.599,-79.374
16323,41.412,-79.828
16326,41.376,-79.432
16327,41.637,-79.96
16328,41.653,-79.726
16329,41.799,-79.259
16331,41.294,-79.559
16332,41.357,-79.37
16333,41.705,-78.928
16334,41.291,-79.449
16335,41.631,-80.156
16340,41.802,-79.418
16341,41.566,-79.549
16342,41.322,-79.941
16343,41.426,-79.753
16344,41.47,-79.685
16345,41.944,-79.083
16346,41.379,-79.672
16347,41.66,-79.069
16350,41.957,-79.334
16351,41.675,-79.37
16352,41.767,-79.038
16353,41.495,-79.373
16354,41.614,-79.706
16360,41.684,-79.891
16361,41.384,-79.342
16362,41.45,-79.965
16364,41.351,-79.527
16365,41.84,-79.157
16370,41.575,-79.46
16371,41.87,-79.326
16372,41.2,-79.873
16373,41.208,-79.698
16374,41.263,-79.815
16401,41.878,-80.405
16402,41.962,-79.47
16403,41.793,-80.014
16404,41.727,-79.789
16405,41.946,-79.533
16406,41.75,-80.362
16407,41.922,-79.664
16410,41.923,-80.309
16411,41.978,-80.447
16412,41.885,-80.17
16415,42.038,-80.23
16416,41.826,-79.473
16417,41.971,-80.315
16420,41.696,-79.547
16421,42.171,-79.932
16422,41.668,-80.31
16423,42.021,-80.34
16424,41.661,-80.439
16426,41.979,-80.142
16427,41.877,-79.968
16428,42.171,-79.831
16433,41.737,-80.141
16434,41.797,-79.669
16435,41.817,-80.385
16436,41.839,-79.51
16438,41.892,-79.845
16440,41.783,-80.126
16441,41.958,-79.984
16442,42.038,-79.826
16443,41.94,-80.484
16444,41.871,-80.121
16501,42.121,-80.09
16502,42.111,-80.101
16503,42.127,-80.061
16504,42.109,-80.049
16505,42.131,-80.138
16506,42.062,-80.152
16507,42.139,-80.084
16508,42.097,-80.094
16509,42.06,-80.038
16510,42.109,-79.955
16511,42.166,-79.99
16546,42.105,-80.053
16563,42.117,-79.986
16601,40.555,-78.37
16602,40.513,-78.374
16611,40.58,-78.116
16613,40.548,-78.538
16616,40.768,-78.44
16617,40.607,-78.323
16619,40.661,-78.447
16620,40.841,-78.352
16621,40.232,-78.125
16622,40.329,-78.066
16623,40.272,-78.052
16624,40.57,-78.6
16625,40.283,-78.504
16627,40.758,-78.498
16630,40.456,-78.576
16631,40.273,-78.346
16633,40.157,-78.235
16634,40.211,-78.173
16635,40.411,-78.499
16636,40.6,-78.502
16637,40.341,-78.467
16638,40.337,-78.204
16639,40.695,-78.448
16640,40.706,-78.574
16641,40.49,-78.485
16645,40.799,-78.499
16646,40.69,-78.727
16647,40.401,-78.104
16648,40.434,-78.331
16650,40.112,-78.292
16651,40.851,-78.38
16652,40.516,-77.95
16655,40.228,-78.503
16656,40.807,-78.556
16657,40.325,-78.18
16659,40.162,-78.39
16661,40.831,-78.461
16662,40.313,-78.295
16664,40.181,-78.424
16665,40.389,-78.434
16666,40.894,-78.323
16667,40.178,-78.532
16668,40.653,-78.622
16669,40.656,-77.907
16670,40.262,-78.508
16671,40.788,-78.398
16672,40.186,-78.237
16673,40.312,-78.391
16674,40.189,-78.088
16677,40.812,-78.244
16678,40.223,-78.238
16679,40.155,-78.194
16680,40.743,-78.378
16682,40.266,-78.458
16683,40.664,-78.066
16685,40.287,-78.083
16686,40.668,-78.251
16689,40.13,-78.129
16691,40.077,-78.146
16692,40.751,-78.711
16693,40.485,-78.221
16694,40.155,-78.149
16695,40.205,-78.337
16699,40.447,-78.561
16701,41.918,-78.751
16720,41.603,-78.01
16724,41.732,-78.369
16725,41.908,-78.655
16726,41.815,-78.572
16727,41.981,-78.53
16728,41.566,-78.924
16729,41.963,-78.477
16730,41.818,-78.423
16731,41.951,-78.36
16732,41.857,-78.617
16733,41.701,-78.572
16734,41.618,-78.84
16735,41.636,-78.813
16738,41.807,-78.732
16740,41.741,-78.681
16743,41.768,-78.233
16744,41.867,-78.567
16745,41.922,-78.481
16746,41.794,-78.122
16748,41.947,-78.144
16749,41.779,-78.452
16750,41.889,-78.292
16801,40.779,-77.841
16802,40.803,-77.861
16803,40.802,-77.9
16820,40.896,-77.392
16821,40.964,-78.201
16822,41.148,-77.697
16823,40.939,-77.773
16825,40.987,-78.316
16826,41.054,-77.58
16827,40.769,-77.773
16828,40.812,-77.681
16829,41.085,-77.887
16830,41.079,-78.429
16832,40.844,-77.482
16833,40.944,-78.572
16834,41.052,-78.087
16835,40.907,-77.877
16836,41.159,-78.273
16837,40.945,-78.474
16838,41.006,-78.652
16839,41.004,-78.111
16840,40.924,-78.203
16841,41.045,-77.698
16843,41.003,-78.466
16844,40.909,-77.932
16845,41.122,-78.011
16847,40.999,-78.165
16848,41.011,-77.533
16849,40.961,-78.116
16851,40.822,-77.787
16852,40.937,-77.519
16853,40.939,-77.787
16854,40.898,-77.473
16855,40.996,-78.376
16858,41.003,-78.21
16859,41.041,-78.023
16860,40.938,-78.18
16861,40.859,-78.52
16863,40.908,-78.475
16865,40.712,-77.996
16866,40.83,-78.181
16868,40.732,-77.88
16870,40.801,-78.062
16871,41.187,-78.026
16872,40.967,-77.358
16874,40.985,-77.976
16875,40.841,-77.587
16876,40.966,-78.288
16877,40.739,-78.061
16878,40.949,-78.324
16879,40.971,-78.151
16881,41.027,-78.32
16882,40.912,-77.323
16901,41.721,-77.337
16911,41.659,-77.129
16912,41.678,-77.043
16914,41.854,-76.784
16915,41.775,-77.971
16917,41.722,-77.057
16920,41.974,-77.281
16921,41.724,-77.556
16922,41.681,-77.711
16923,41.951,-77.871
16925,41.949,-76.784
16926,41.727,-76.702
16927,41.959,-77.659
16928,41.953,-77.434
16929,41.963,-77.135
16930,41.584,-77.139
16932,41.779,-76.939
16933,41.819,-77.063
16935,41.877,-77.305
16936,41.951,-76.967
16937,41.968,-77.711
16938,41.591,-77.37
16939,41.664,-77.026
16940,41.985,-77.238
16941,41.988,-77.758
16942,41.963,-77.352
16943,41.83,-77.613
16946,41.909,-77.138
16947,41.76,-76.804
16948,41.855,-77.759
16950,41.9,-77.532
17002,40.502,-77.848
17003,40.362,-76.57
17004,40.601,-77.73
17005,40.603,-76.81
17006,40.287,-77.546
17007,40.126,-77.119
17009,40.636,-77.565
17010,40.278,-76.583
17011,40.235,-76.929
17013,40.243,-77.197
17015,40.178,-77.23
17016,40.277,-76.402
17017,40.638,-76.882
17018,40.422,-76.826
17019,40.094,-77.022
17020,40.414,-77.042
17021,40.331,-77.668
17022,40.167,-76.609
17023,40.584,-76.816
17024,40.407,-77.307
17025,40.294,-76.974
17026,40.458,-76.431
17027,40.156,-76.995
17028,40.396,-76.659
17029,40.558,-77.617
17030,40.609,-76.726
17032,40.492,-76.833
17033,40.272,-76.638
17034,40.209,-76.786
17035,40.404,-77.581
17036,40.268,-76.712
17037,40.434,-77.422
17038,40.468,-76.556
17039,40.293,-76.241
17040,40.323,-77.304
17041,40.217,-76.54
17042,40.295,-76.425
17043,40.248,-76.9
17044,40.577,-77.594
17045,40.597,-77.001
17046,40.382,-76.43
17047,40.377,-77.428
17048,40.577,-76.761
17049,40.653,-77.256
17050,40.248,-77.027
17051,40.46,-77.776
17052,40.277,-77.986
17053,40.325,-77.026
17055,40.183,-77.005
17056,40.537,-77.354
17057,40.194,-76.725
17058,40.505,-77.552
17059,40.589,-77.391
17060,40.469,-77.894
17061,40.567,-76.909
17062,40.547,-77.188
17063,40.761,-77.485
17064,40.242,-76.476
17065,40.11,-77.189
17066,40.353,-77.869
17067,40.39,-76.315
17068,40.411,-77.178
17069,40.454,-76.97
17070,40.202,-76.866
17071,40.298,-77.602
17072,40.234,-77.082
17073,40.303,-76.255
17074,40.479,-77.149
17075,40.394,-77.835
17076,40.616,-77.312
17077,40.403,-76.536
17078,40.287,-76.581
17080,40.641,-76.803
17081,40.201,-77.283
17082,40.495,-77.448
17083,40.278,-76.438
17084,40.676,-77.627
17086,40.691,-77.122
17087,40.436,-76.281
17088,40.301,-76.294
17090,40.318,-77.181
17093,40.307,-76.931
17094,40.581,-77.198
17097,40.58,-76.677
17098,40.589,-76.632
17099,40.632,-77.576
17101,40.259,-76.894
17102,40.27,-76.905
17103,40.276,-76.866
17104,40.255,-76.862
17109,40.29,-76.824
17110,40.316,-76.886
17111,40.268,-76.787
17112,40.373,-76.777
17113,40.226,-76.828
17120,40.265,-76.883
17201,39.961,-77.656
17202,39.875,-77.609
17210,40.205,-77.659
17211,39.754,-78.401
17212,39.813,-78.064
17213,40.244,-77.771
17214,39.748,-77.471
17215,40.078,-77.893
17217,40.239,-77.722
17219,40.25,-77.683
17220,40.192,-77.739
17221,40.068,-77.816
17222,39.896,-77.494
17223,40.087,-77.943
17224,39.968,-77.897
17225,39.784,-77.763
17228,39.987,-78.093
17229,40.084,-78.01
17233,39.976,-77.987
17235,39.857,-77.698
17236,39.8,-77.947
17237,39.834,-77.544
17238,39.858,-78.131
17239,40.132,-77.837
17240,40.151,-77.58
17241,40.177,-77.408
17243,40.278,-77.82
17244,40.087,-77.659
17246,40.054,-77.661
17247,39.799,-77.579
17249,40.241,-77.899
17250,39.737,-77.524
17251,40.132,-77.686
17252,39.912,-77.827
17253,40.213,-78.007
17254,39.97,-77.59
17255,40.161,-77.863
17256,39.783,-77.677
17257,40.047,-77.493
17260,40.296,-77.894
17261,39.861,-77.508
17262,40.145,-77.74
17263,39.727,-77.718
17264,40.18,-77.994
17265,40.028,-77.781
17266,40.089,-77.413
17267,39.808,-78.24
17268,39.775,-77.576
17270,39.855,-77.798
17271,40.098,-77.803
17272,39.77,-77.622
17301,39.895,-76.979
17302,39.817,-76.414
17304,39.977,-77.233
17306,39.981,-77.249
17307,39.948,-77.327
17309,39.871,-76.45
17311,39.817,-76.842
17313,39.884,-76.66
17314,39.756,-76.326
17315,40.027,-76.864
17316,39.965,-77.008
17317,39.971,-76.523
17318,40.022,-76.723
17319,40.16,-76.794
17320,39.771,-77.389
17321,39.75,-76.444
17322,39.856,-76.533
17324,40.03,-77.237
17325,39.826,-77.228
17327,39.78,-76.753
17329,39.762,-76.851
17331,39.79,-76.978
17339,40.135,-76.885
17340,39.755,-77.117
17343,39.869,-77.335
17344,39.806,-77.019
17345,40.078,-76.748
17347,40.058,-76.688
17349,39.745,-76.647
17350,39.89,-77.079
17352,39.761,-76.5
17353,39.883,-77.372
17355,39.76,-76.696
17356,39.897,-76.582
17360,39.854,-76.75
17361,39.766,-76.677
17362,39.848,-76.869
17363,39.769,-76.586
17364,39.929,-76.899
17365,40.061,-76.934
17366,39.933,-76.557
17368,39.984,-76.519
17370,40.121,-76.778
17371,39.903,-76.788
17372,40.001,-77.106
17401,39.959,-76.733
17402,39.958,-76.659
17403,39.923,-76.713
17404,40.003,-76.774
17406,40.015,-76.641
17407,39.884,-76.712
17408,39.929,-76.799
17501,40.156,-76.204
17502,40.101,-76.66
17505,40.064,-76.192
17507,40.198,-76.016
17508,40.125,-76.219
17509,39.912,-76.036
17512,40.04,-76.486
17516,39.941,-76.371
17517,40.245,-76.133
17518,39.809,-76.253
17519,40.141,-76.023
17520,40.098,-76.349
17522,40.174,-76.17
17527,40.009,-75.991
17529,40.042,-76.097
17532,39.858,-76.288
17535,39.982,-76.023
17536,39.848,-76.074
17538,40.083,-76.415
17540,40.098,-76.19
17543,40.181,-76.295
17545,40.179,-76.434
17547,40.068,-76.587
17550,40.076,-76.583
17551,39.982,-76.371
17552,40.108,-76.511
17554,40.04,-76.424
17555,40.122,-75.959
17557,40.1,-76.073
17560,39.913,-76.228
17562,39.97,-76.092
17563,39.761,-76.193
17565,39.898,-76.331
17566,39.867,-76.148
17569,40.271,-76.097
17570,40.13,-76.569
17572,39.974,-76.119
17576,40.037,-76.197
17578,40.226,-76.16
17579,39.96,-76.181
17581,40.161,-76.05
17582,39.993,-76.469
17584,39.954,-76.26
17601,40.074,-76.315
17602,40.015,-76.246
17603,40.031,-76.33
17606,40.112,-76.304
17701,41.345,-76.857
17702,41.183,-77.077
17721,41.184,-77.318
17723,41.435,-77.471
17724,41.643,-76.805
17727,41.511,-77.496
17728,41.335,-77.079
17729,41.511,-77.736
17730,41.11,-76.878
17731,41.429,-76.579
17737,41.299,-76.686
17739,41.388,-77.419
17740,41.249,-77.27
17742,41.239,-76.602
17744,41.241,-77.153
17745,41.285,-77.471
17747,41.033,-77.332
17748,41.15,-77.353
17749,41.072,-76.819
17750,41.058,-77.482
17751,41.154,-77.545
17752,41.18,-76.93
17754,41.312,-76.889
17756,41.208,-76.74
17758,41.36,-76.536
17760,41.414,-77.657
17762,41.284,-76.7
17763,41.507,-76.976
17764,41.335,-77.814
17765,41.566,-76.973
17767,41.084,-77.463
17768,41.559,-76.756
17771,41.437,-77.036
17772,41.125,-76.713
17774,41.281,-76.533
17776,41.415,-77.293
17777,41.107,-76.822
17778,41.285,-77.984
17779,41.207,-77.377
17801,40.835,-76.755
17810,41.111,-77.031
17812,40.741,-77.228
17813,40.78,-77.172
17814,41.273,-76.363
17815,41.02,-76.42
17820,40.896,-76.404
17821,40.99,-76.644
17822,40.968,-76.605
17823,40.745,-76.776
17824,40.852,-76.505
17827,40.753,-76.968
17829,40.901,-77.156
17830,40.686,-76.805
17832,40.806,-76.459
17834,40.78,-76.467
17835,40.879,-77.204
17836,40.714,-76.606
17837,40.975,-76.945
17840,40.772,-76.433
17841,40.725,-77.353
17842,40.803,-77.04
17844,40.974,-77.085
17845,40.884,-77.212
17846,41.142,-76.517
17847,41.008,-76.811
17850,40.966,-76.857
17851,40.803,-76.434
17853,40.695,-77.007
17855,40.89,-76.967
17856,41.065,-76.947
17857,40.932,-76.773
17859,41.117,-76.399
17860,40.867,-76.611
17861,40.773,-77.082
17862,40.861,-77.056
17864,40.705,-76.906
17865,40.99,-76.787
17866,40.802,-76.548
17867,40.714,-76.689
17868,40.958,-76.634
17870,40.817,-76.889
17872,40.753,-76.698
17876,40.858,-76.826
17878,41.176,-76.323
17880,40.892,-77.122
17881,40.783,-76.67
17884,41.056,-76.669
17885,40.866,-77.314
17886,41.017,-76.875
17887,41.129,-76.933
17888,40.807,-76.378
17889,40.878,-76.921
17901,40.684,-76.278
17920,40.82,-76.327
17921,40.752,-76.361
17922,40.582,-76.111
17923,40.633,-76.32
17925,40.755,-76.073
17929,40.631,-76.194
17930,40.709,-76.115
17931,40.786,-76.215
17933,40.604,-76.243
17934,40.796,-76.211
17935,40.796,-76.28
17936,40.75,-76.34
17938,40.653,-76.517
17941,40.686,-76.609
17943,40.757,-76.388
17944,40.673,-76.279
17945,40.785,-76.375
17946,40.81,-76.256
17948,40.845,-76.117
17949,40.794,-76.242
17951,40.679,-76.245
17952,40.755,-76.059
17953,40.752,-76.12
17954,40.69,-76.26
17957,40.592,-76.518
17959,40.732,-76.15
17960,40.697,-75.947
17961,40.65,-76.061
17963,40.562,-76.382
17964,40.703,-76.515
17965,40.699,-76.165
17967,40.856,-76.216
17968,40.639,-76.612
17970,40.72,-76.192
17972,40.592,-76.206
17974,40.696,-76.236
17976,40.82,-76.211
17978,40.625,-76.615
17979,40.562,-76.2
17980,40.519,-76.645
17981,40.634,-76.389
17982,40.786,-76.021
17983,40.643,-76.547
17985,40.912,-76.217
18011,40.478,-75.646
18013,40.849,-75.177
18014,40.764,-75.409
18015,40.586,-75.367
18016,40.632,-75.393
18017,40.66,-75.387
18018,40.628,-75.396
18020,40.672,-75.327
18030,40.802,-75.664
18031,40.552,-75.649
18032,40.656,-75.468
18034,40.546,-75.415
18035,40.745,-75.539
18036,40.509,-75.386
18037,40.683,-75.548
18038,40.795,-75.486
18040,40.746,-75.226
18041,40.42,-75.51
18042,40.654,-75.223
18045,40.693,-75.273
18046,40.548,-75.56
18049,40.516,-75.489
18051,40.596,-75.667
18052,40.657,-75.504
18053,40.719,-75.704
18054,40.352,-75.439
18055,40.592,-75.304
18056,40.451,-75.55
18058,40.889,-75.494
18059,40.724,-75.543
18062,40.504,-75.585
18063,40.783,-75.167
18064,40.757,-75.316
18066,40.664,-75.74
18067,40.715,-75.475
18068,40.485,-75.52
18069,40.625,-75.615
18070,40.435,-75.536
18071,40.834,-75.555
18072,40.844,-75.259
18073,40.386,-75.474
18074,40.317,-75.516
18076,40.375,-75.481
18077,40.57,-75.237
18078,40.673,-75.621
18079,40.744,-75.659
18080,40.736,-75.635
18081,40.564,-75.282
18083,40.755,-75.267
18085,40.741,-75.255
18086,40.737,-75.548
18087,40.557,-75.594
18088,40.766,-75.558
18091,40.831,-75.32
18092,40.47,-75.513
18101,40.603,-75.469
18102,40.608,-75.476
18103,40.57,-75.489
18104,40.612,-75.547
18105,40.601,-75.494
18106,40.565,-75.569
18109,40.637,-75.44
18195,40.584,-75.625
18201,40.949,-75.956
18202,40.954,-76.046
18210,41.004,-75.577
18211,40.744,-75.83
18212,40.775,-75.71
18214,40.8,-76.084
18216,40.941,-75.893
18218,40.82,-75.916
18219,40.991,-76.057
18220,40.841,-76.06
18221,41.002,-75.917
18222,41.035,-76.003
18223,40.982,-75.95
18224,41.026,-75.873
18225,40.981,-75.971
18229,40.931,-75.674
18230,40.921,-75.935
18231,40.904,-76.008
18232,40.833,-75.884
18234,40.993,-75.964
18235,40.83,-75.698
18237,40.887,-75.98
18239,40.989,-75.988
18240,40.865,-75.872
18241,40.952,-76.131
18242,40.911,-76.124
18244,40.822,-75.671
18245,40.853,-76.034
18246,40.957,-76.195
18248,40.901,-76.093
18249,40.988,-76.116
18250,40.825,-75.846
18251,41.008,-76.077
18252,40.767,-75.974
18254,40.916,-75.966
18255,40.933,-75.83
18256,40.941,-76.147
18301,41.043,-75.176
18302,41.097,-75.111
18321,41.026,-75.283
18322,40.919,-75.393
18323,41.197,-75.273
18324,41.158,-75.001
18325,41.205,-75.225
18326,41.167,-75.253
18327,40.968,-75.134
18328,41.229,-74.974
18330,40.969,-75.449
18331,40.91,-75.444
18332,41.095,-75.261
18333,40.906,-75.49
18334,41.055,-75.432
18335,41.068,-75.104
18336,41.375,-74.743
18337,41.329,-74.872
18340,41.418,-74.766
18342,41.171,-75.273
18343,40.899,-75.11
18344,41.123,-75.344
18346,41.143,-75.421
18347,41.139,-75.56
18349,41.101,-75.367
18350,41.124,-75.466
18351,40.923,-75.099
18352,41.007,-75.356
18353,40.895,-75.358
18354,40.923,-75.322
18355,41.077,-75.363
18356,41.011,-75.118
18357,41.232,-75.211
18360,40.967,-75.288
18370,41.092,-75.34
18371,41.15,-75.045
18372,41.044,-75.336
18403,41.51,-75.535
18405,41.6,-75.104
18407,41.592,-75.535
18411,41.454,-75.745
18413,41.648,-75.589
18414,41.541,-75.741
18415,41.744,-75.124
18417,41.81,-75.201
18419,41.586,-75.792
18420,41.602,-75.71
18421,41.664,-75.493
18424,41.23,-75.525
18425,41.438,-75.043
18426,41.326,-75.239
18427,41.405,-75.407
18428,41.404,-75.118
18430,41.756,-75.472
18431,41.617,-75.258
18433,41.573,-75.581
18434,41.454,-75.543
18435,41.456,-74.983
18436,41.443,-75.393
18437,41.872,-75.317
18438,41.439,-75.256
18439,41.826,-75.349
18441,41.656,-75.614
18443,41.663,-75.102
18444,41.329,-75.553
18445,41.298,-75.359
18446,41.656,-75.759
18447,41.513,-75.607
18451,41.397,-75.218
18452,41.484,-75.59
18453,41.758,-75.371
18454,41.827,-75.426
18455,41.893,-75.359
18456,41.613,-75.34
18457,41.472,-75.049
18458,41.396,-74.919
18459,41.504,-75.429
18460,41.25,-75.313
18461,41.929,-75.328
18462,41.914,-75.409
18463,41.358,-75.397
18464,41.403,-75.177
18465,41.831,-75.517
18466,41.196,-75.394
18469,41.704,-75.13
18470,41.725,-75.536
18471,41.529,-75.691
18472,41.583,-75.397
18473,41.522,-75.217
18503,41.411,-75.667
18504,41.426,-75.7
18505,41.386,-75.652
18507,41.359,-75.682
18508,41.455,-75.658
18509,41.431,-75.643
18510,41.407,-75.637
18512,41.426,-75.601
18517,41.395,-75.714
18518,41.375,-75.74
18519,41.462,-75.631
18602,41.186,-75.754
18603,41.082,-76.258
18610,41.069,-75.549
18612,41.346,-75.986
18614,41.525,-76.497
18615,41.462,-75.857
18616,41.505,-76.636
18617,41.171,-76.078
18618,41.365,-76.041
18619,41.462,-76.718
18621,41.249,-76.099
18622,41.201,-76.274
18623,41.665,-76.152
18624,41.061,-75.647
18625,41.513,-75.849
18626,41.398,-76.524
18628,41.43,-76.314
18629,41.518,-76.141
18630,41.662,-76.024
18631,41.03,-76.304
18632,41.459,-76.377
18634,41.186,-76.023
18635,41.029,-76.201
18636,41.391,-76.114
18640,41.298,-75.739
18641,41.341,-75.726
18642,41.356,-75.773
18643,41.371,-75.84
18644,41.328,-75.882
18651,41.254,-75.96
18653,41.393,-75.823
18655,41.188,-76.203
18656,41.333,-76.185
18657,41.523,-75.959
18660,41.098,-76.062
18661,41.076,-75.741
18701,41.244,-75.885
18702,41.23,-75.757
18704,41.263,-75.915
18705,41.272,-75.843
18706,41.203,-75.915
18707,41.136,-75.933
18708,41.296,-75.963
18709,41.285,-75.896
18801,41.826,-75.94
18810,41.933,-76.507
18812,41.973,-75.965
18814,41.784,-76.607
18816,41.757,-75.916
18817,41.873,-76.632
18818,41.911,-76.044
18821,41.99,-75.723
18822,41.97,-75.794
18823,41.778,-75.69
18824,41.697,-75.787
18825,41.808,-75.608
18826,41.746,-75.749
18828,41.807,-76.096
18829,41.838,-76.174
18830,41.959,-76.114
18831,41.894,-76.598
18832,41.678,-76.569
18833,41.597,-76.484
18834,41.831,-75.721
18837,41.915,-76.303
18840,41.972,-76.535
18842,41.75,-75.623
18843,41.794,-75.9
18844,41.691,-75.905
18845,41.787,-76.182
18846,41.621,-76.23
18847,41.929,-75.579
18848,41.751,-76.455
18850,41.854,-76.462
18851,41.934,-76.176
18853,41.721,-76.277
18854,41.791,-76.356
18901,40.306,-75.147
18902,40.352,-75.096
18912,40.324,-75.056
18913,40.379,-75.06
18914,40.289,-75.21
18915,40.272,-75.257
18917,40.377,-75.206
18920,40.498,-75.084
18923,40.359,-75.174
18925,40.289,-75.058
18929,40.256,-75.08
18930,40.521,-75.219
18932,40.292,-75.25
18935,40.437,-75.403
18936,40.224,-75.231
18938,40.351,-74.998
18940,40.261,-74.938
18942,40.471,-75.16
18944,40.389,-75.234
18947,40.423,-75.118
18950,40.445,-75.074
18951,40.453,-75.349
18954,40.225,-74.993
18955,40.477,-75.314
18960,40.366,-75.326
18962,40.347,-75.271
18964,40.303,-75.338
18966,40.188,-75.01
18969,40.326,-75.368
18970,40.412,-75.381
18972,40.527,-75.125
18974,40.217,-75.073
18976,40.249,-75.144
18977,40.287,-74.882
18980,40.27,-75.017
19001,40.126,-75.125
19002,40.187,-75.207
19003,40.002,-75.299
19004,40.01,-75.232
19006,40.15,-75.034
19007,40.113,-74.858
19008,39.973,-75.36
19009,40.138,-75.064
19010,40.024,-75.33
19012,40.06,-75.106
19013,39.848,-75.378
19014,39.865,-75.433
19015,39.869,-75.393
19017,39.892,-75.46
19018,39.923,-75.299
19020,40.101,-74.939
19021,40.09,-74.892
19022,39.861,-75.337
19023,39.917,-75.267
19025,40.146,-75.162
19026,39.95,-75.304
19027,40.073,-75.124
19029,39.868,-75.292
19030,40.18,-74.837
19031,40.109,-75.217
19032,39.891,-75.279
19033,39.891,-75.328
19034,40.134,-75.205
19035,40.051,-75.278
19036,39.904,-75.293
19038,40.1,-75.172
19040,40.177,-75.106
19041,40.007,-75.316
19043,39.9,-75.309
19044,40.186,-75.153
19046,40.101,-75.106
19047,40.18,-74.912
19050,39.938,-75.264
19053,40.154,-74.975
19054,40.173,-74.819
19055,40.15,-74.839
19056,40.149,-74.886
19057,40.141,-74.854
19060,39.85,-75.494
19061,39.829,-75.435
19063,39.92,-75.416
19064,39.933,-75.341
19066,40.003,-75.249
19067,40.206,-74.818
19070,39.906,-75.325
19072,40.024,-75.258
19073,39.983,-75.429
19074,39.886,-75.296
19075,40.114,-75.185
19076,39.886,-75.307
19078,39.874,-75.322
19079,39.899,-75.267
19081,39.898,-75.347
19082,39.96,-75.27
19083,39.977,-75.312
19085,40.037,-75.35
19086,39.891,-75.37
19087,40.062,-75.402
19090,40.157,-75.125
19094,39.875,-75.347
19095,40.086,-75.151
19096,39.998,-75.274
19102,39.953,-75.166
19103,39.953,-75.174
19104,39.959,-75.199
19106,39.949,-75.143
19107,39.952,-75.159
19109,39.95,-75.164
19111,40.061,-75.08
19112,39.89,-75.169
19113,39.871,-75.247
19114,40.069,-75.0
19115,40.091,-75.043
19116,40.116,-75.013
19118,40.074,-75.211
19119,40.053,-75.191
19120,40.034,-75.119
19121,39.982,-75.179
19122,39.978,-75.146
19123,39.964,-75.146
19124,40.017,-75.093
19125,39.976,-75.125
19126,40.055,-75.138
19127,40.028,-75.228
19128,40.048,-75.228
19129,40.013,-75.185
19130,39.968,-75.176
19131,39.99,-75.218
19132,39.996,-75.171
19133,39.993,-75.142
19134,39.99,-75.109
19135,40.022,-75.049
19136,40.039,-75.019
19137,39.993,-75.072
19138,40.056,-75.159
19139,39.961,-75.229
19140,40.012,-75.145
19141,40.038,-75.146
19142,39.922,-75.233
19143,39.943,-75.226
19144,40.034,-75.174
19145,39.91,-75.198
19146,39.939,-75.184
19147,39.935,-75.152
19148,39.912,-75.151
19149,40.038,-75.066
19150,40.072,-75.172
19151,39.98,-75.257
19152,40.061,-75.047
19153,39.893,-75.23
19154,40.096,-74.983
19301,40.04,-75.48
19310,39.935,-75.973
19311,39.821,-75.771
19312,40.031,-75.455
19316,40.054,-75.834
19317,39.861,-75.599
19319,39.925,-75.521
19320,39.963,-75.832
19330,39.868,-75.914
19333,40.042,-75.424
19335,40.023,-75.721
19341,40.04,-75.641
19342,39.904,-75.499
19343,40.101,-75.755
19344,40.084,-75.881
19345,40.029,-75.565
19348,39.87,-75.713
19350,39.76,-75.796
19352,39.776,-75.89
19355,40.046,-75.533
19358,39.964,-75.805
19362,39.751,-76.07
19363,39.791,-75.968
19365,39.966,-75.925
19367,39.963,-75.884
19372,39.998,-75.758
19373,39.901,-75.533
19374,39.825,-75.76
19375,39.9,-75.74
19380,39.987,-75.603
19382,39.928,-75.613
19383,39.952,-75.602
19390,39.836,-75.842
19401,40.13,-75.332
19403,40.149,-75.376
19405,40.104,-75.341
19406,40.093,-75.384
19422,40.157,-75.279
19425,40.102,-75.651
19426,40.191,-75.437
19428,40.08,-75.3
19435,40.327,-75.569
19436,40.202,-75.247
19437,40.182,-75.259
19438,40.269,-75.391
19440,40.286,-75.291
19442,40.13,-75.583
19444,40.088,-75.253
19446,40.232,-75.304
19453,40.141,-75.498
19454,40.223,-75.243
19456,40.134,-75.462
19457,40.206,-75.59
19460,40.127,-75.53
19462,40.115,-75.282
19464,40.259,-75.616
19465,40.19,-75.685
19468,40.208,-75.532
19472,40.337,-75.574
19473,40.256,-75.482
19474,40.224,-75.404
19475,40.172,-75.6
19477,40.183,-75.231
19492,40.285,-75.492
19501,40.244,-76.065
19503,40.407,-75.572
19504,40.416,-75.589
19505,40.379,-75.621
19506,40.453,-76.128
19507,40.505,-76.27
19508,40.262,-75.834
19510,40.448,-75.878
19511,40.486,-75.743
19512,40.348,-75.681
19518,40.27,-75.753
19519,40.321,-75.735
19520,40.164,-75.793
19522,40.447,-75.82
19523,40.201,-75.85
19525,40.306,-75.585
19526,40.547,-75.997
19529,40.631,-75.865
19530,40.539,-75.781
19533,40.425,-75.993
19534,40.574,-75.881
19535,40.34,-75.804
19536,40.481,-75.759
19538,40.548,-75.703
19539,40.496,-75.684
19540,40.236,-75.967
19541,40.486,-76.03
19542,40.261,-75.767
19543,40.176,-75.894
19544,40.417,-76.297
19545,40.342,-75.624
19547,40.38,-75.769
19549,40.585,-76.02
19550,40.455,-76.249
19551,40.362,-76.137
19554,40.513,-76.104
19555,40.494,-75.954
19559,40.495,-76.182
19560,40.406,-75.894
19562,40.505,-75.703
19564,40.519,-75.878
19565,40.342,-76.088
19567,40.388,-76.21
19601,40.355,-75.94
19602,40.329,-75.915
19604,40.357,-75.91
19605,40.398,-75.943
19606,40.339,-75.858
19607,40.291,-75.945
19608,40.311,-76.035
19609,40.328,-75.997
19610,40.341,-75.975
19611,40.325,-75.943
19701,39.583,-75.701
19702,39.618,-75.73
19703,39.802,-75.454
19706,39.573,-75.596
19707,39.786,-75.684
19709,39.495,-75.675
19710,39.795,-75.588
19711,39.714,-75.741
19713,39.671,-75.712
19716,39.69,-75.758
19717,39.678,-75.752
19720,39.647,-75.605
19730,39.464,-75.647
19731,39.524,-75.588
19732,39.784,-75.57
19733,39.556,-75.651
19734,39.382,-75.653
19735,39.803,-75.6
19736,39.802,-75.676
19801,39.728,-75.541
19802,39.757,-75.529
19803,39.801,-75.542
19804,39.717,-75.618
19805,39.744,-75.594
19806,39.763,-75.564
19807,39.799,-75.614
19808,39.738,-75.667
19809,39.758,-75.501
19810,39.819,-75.506
19901,39.182,-75.474
19902,39.125,-75.482
19904,39.171,-75.588
19930,38.547,-75.064
19931,38.574,-75.623
19933,38.729,-75.62
19934,39.085,-75.627
19936,39.219,-75.584
19938,39.261,-75.708
19939,38.567,-75.211
19940,38.478,-75.565
19941,38.794,-75.426
19943,39.004,-75.607
19944,38.479,-75.058
19945,38.505,-75.229
19946,39.035,-75.45
19947,38.666,-75.398
19950,38.818,-75.597
19951,38.685,-75.255
19952,38.921,-75.628
19953,39.152,-75.694
19954,38.897,-75.52
19955,39.226,-75.669
19956,38.548,-75.538
19958,38.729,-75.168
19960,38.851,-75.409
19962,39.069,-75.488
19963,38.943,-75.363
19964,39.089,-75.721
19966,38.579,-75.277
19967,38.539,-75.122
19968,38.774,-75.287
19970,38.557,-75.1
19971,38.686,-75.087
19973,38.639,-75.616
19975,38.468,-75.167
19977,39.299,-75.546
19979,39.049,-75.573
20001,38.91,-77.018
20002,38.905,-76.984
20003,38.882,-76.991
20004,38.895,-77.029
20005,38.905,-77.032
20006,38.899,-77.041
20007,38.914,-77.079
20008,38.936,-77.06
20009,38.919,-77.037
20010,38.933,-77.03
20011,38.953,-77.023
20012,38.977,-77.033
20015,38.967,-77.058
20016,38.937,-77.09
20017,38.938,-76.992
20018,38.927,-76.974
20019,38.891,-76.944
20020,38.86,-76.979
20024,38.876,-77.025
20032,38.834,-77.007
20036,38.907,-77.042
20037,38.899,-77.055
20045,38.897,-77.031
20052,38.9,-77.047
20053,38.884,-77.011
20057,38.909,-77.076
20064,38.936,-76.999
20105,38.953,-77.603
20106,38.699,-78.002
20109,38.794,-77.531
20110,38.747,-77.485
20111,38.749,-77.428
20112,38.665,-77.429
20115,38.81,-77.912
20117,38.999,-77.734
20118,38.968,-77.737
20119,38.61,-77.622
20120,38.856,-77.476
20121,38.811,-77.463
20124,38.781,-77.391
20129,39.172,-77.601
20130,39.039,-77.944
20132,39.167,-77.721
20135,39.086,-77.887
20136,38.739,-77.556
20137,38.807,-77.722
20139,38.656,-77.694
20141,39.112,-77.791
20143,38.859,-77.565
20144,38.923,-77.947
20147,39.042,-77.478
20148,38.996,-77.521
20151,38.896,-77.445
20152,38.919,-77.502
20155,38.81,-77.618
20158,39.14,-77.658
20164,39.013,-77.395
20165,39.058,-77.393
20166,38.986,-77.456
20169,38.879,-77.645
20170,38.98,-77.38
20171,38.924,-77.397
20175,39.064,-77.604
20176,39.185,-77.544
20180,39.269,-77.638
20181,38.689,-77.57
20184,39.001,-77.884
20186,38.698,-77.851
20187,38.722,-77.748
20190,38.959,-77.339
20191,38.935,-77.352
20194,38.981,-77.341
20197,39.195,-77.628
20198,38.884,-77.745
20202,38.887,-77.021
20204,38.886,-77.014
20228,38.886,-77.03
20230,38.894,-77.033
20240,38.894,-77.043
20245,38.893,-77.044
20260,38.884,-77.025
20307,38.976,-77.03
20317,38.935,-77.014
20319,38.865,-77.017
20373,38.859,-77.008
20390,38.879,-76.994
20405,38.896,-77.043
20418,38.893,-77.048
20427,38.902,-77.048
20506,38.897,-77.039
20510,38.893,-77.007
20520,38.895,-77.048
20535,38.894,-77.025
20540,38.888,-77.005
20551,38.893,-77.046
20553,38.887,-77.023
20560,38.888,-77.026
20565,38.891,-77.019
20566,38.896,-77.055
20593,38.867,-77.01
20601,38.613,-76.852
20602,38.583,-76.895
20603,38.63,-76.977
20606,38.263,-76.737
20607,38.673,-77.019
20608,38.582,-76.701
20609,38.27,-76.768
20611,38.458,-76.975
20612,38.505,-76.677
20613,38.671,-76.805
20615,38.411,-76.549
20616,38.662,-77.098
20617,38.544,-76.853
20618,38.286,-76.783
20619,38.292,-76.528
20620,38.234,-76.529
20621,38.326,-76.801
20622,38.417,-76.878
20623,38.742,-76.842
20624,38.338,-76.734
20625,38.262,-76.847
20626,38.231,-76.771
20628,38.153,-76.34
20629,38.337,-76.45
20630,38.164,-76.476
20632,38.433,-76.958
20634,38.269,-76.507
20636,38.352,-76.567
20637,38.525,-76.756
20639,38.601,-76.605
20640,38.527,-77.203
20645,38.294,-76.911
20646,38.524,-77.001
20650,38.269,-76.633
20653,38.236,-76.433
20657,38.38,-76.443
20658,38.561,-77.161
20659,38.419,-76.732
20660,38.37,-76.707
20662,38.429,-77.205
20664,38.354,-76.925
20667,38.215,-76.448
20670,38.285,-76.416
20674,38.135,-76.504
20675,38.581,-77.022
20676,38.493,-76.541
20677,38.495,-77.037
20678,38.523,-76.601
20680,38.109,-76.386
20684,38.136,-76.41
20685,38.434,-76.529
20686,38.178,-76.43
20687,38.064,-76.34
20688,38.327,-76.464
20689,38.663,-76.579
20690,38.158,-76.535
20692,38.175,-76.497
20693,38.457,-77.09
20695,38.591,-76.971
20701,39.126,-76.785
20705,39.049,-76.9
20706,38.966,-76.851
20707,39.099,-76.88
20708,39.057,-76.826
20710,38.942,-76.926
20711,38.801,-76.645
20712,38.942,-76.965
20714,38.724,-76.557
20715,38.989,-76.741
20716,38.926,-76.715
20720,38.983,-76.786
20721,38.915,-76.785
20722,38.935,-76.951
20723,39.138,-76.868
20724,39.101,-76.804
20732,38.655,-76.543
20733,38.806,-76.532
20735,38.751,-76.903
20736,38.689,-76.628
20737,38.964,-76.914
20740,39.003,-76.932
20742,38.99,-76.946
20743,38.884,-76.893
20744,38.758,-76.984
20745,38.807,-76.996
20746,38.836,-76.918
20747,38.855,-76.883
20748,38.815,-76.933
20751,38.794,-76.561
20754,38.731,-76.647
20755,39.108,-76.747
20758,38.733,-76.593
20759,39.154,-76.931
20762,38.81,-76.869
20763,39.135,-76.82
20764,38.824,-76.506
20765,38.842,-76.544
20769,38.997,-76.819
20770,39.003,-76.879
20772,38.78,-76.767
20774,38.875,-76.774
20776,38.872,-76.572
20777,39.175,-76.969
20778,38.829,-76.573
20779,38.764,-76.573
20781,38.953,-76.946
20782,38.966,-76.966
20783,38.997,-76.967
20784,38.951,-76.892
20785,38.918,-76.882
20794,39.151,-76.795
20812,38.967,-77.144
20814,39.005,-77.101
20815,38.983,-77.079
20816,38.957,-77.12
20817,38.997,-77.152
20818,38.973,-77.162
20832,39.15,-77.078
20833,39.207,-77.055
20837,39.117,-77.407
20838,39.218,-77.391
20839,39.188,-77.435
20841,39.192,-77.328
20842,39.2,-77.415
20850,39.091,-77.182
20851,39.079,-77.122
20852,39.052,-77.122
20853,39.102,-77.095
20854,39.033,-77.221
20855,39.133,-77.134
20860,39.142,-77.025
20861,39.15,-76.998
20862,39.181,-77.019
20866,39.109,-76.934
20868,39.126,-76.969
20871,39.261,-77.283
20872,39.294,-77.216
20874,39.133,-77.302
20876,39.208,-77.237
20877,39.141,-77.192
20878,39.113,-77.251
20879,39.168,-77.172
20880,39.14,-77.174
20882,39.238,-77.157
20886,39.189,-77.205
20895,39.027,-77.078
20896,39.035,-77.092
20899,39.144,-77.216
20901,39.021,-77.01
20902,39.045,-77.039
20903,39.021,-76.981
20904,39.067,-76.981
20905,39.11,-76.988
20906,39.087,-77.057
20910,39.003,-77.037
20912,38.982,-77.001
21001,39.503,-76.202
21005,39.488,-76.145
21009,39.467,-76.295
21010,39.391,-76.293
21012,39.047,-76.496
21013,39.511,-76.491
21014,39.536,-76.352
21015,39.544,-76.292
21017,39.475,-76.234
21028,39.566,-76.25
21029,39.214,-76.959
21030,39.492,-76.674
21031,39.487,-76.658
21032,39.028,-76.604
21034,39.641,-76.223
21035,38.938,-76.627
21036,39.235,-77.007
21037,38.919,-76.543
21040,39.436,-76.29
21042,39.277,-76.895
21043,39.256,-76.801
21044,39.206,-76.879
21045,39.206,-76.828
21046,39.173,-76.842
21047,39.521,-76.439
21048,39.488,-76.915
21050,39.585,-76.392
21051,39.473,-76.456
21052,39.206,-76.447
21053,39.697,-76.715
21054,39.04,-76.686
21056,39.073,-76.429
21057,39.449,-76.512
21060,39.167,-76.583
21061,39.162,-76.629
21071,39.482,-76.811
21074,39.622,-76.84
21075,39.204,-76.749
21076,39.169,-76.716
21077,39.156,-76.698
21078,39.559,-76.141
21082,39.478,-76.474
21084,39.614,-76.466
21085,39.446,-76.357
21087,39.449,-76.413
21090,39.208,-76.673
21093,39.439,-76.641
21102,39.683,-76.851
21104,39.347,-76.913
21105,39.714,-76.651
21108,39.09,-76.621
21111,39.576,-76.59
21113,39.054,-76.717
21114,39.01,-76.684
21117,39.428,-76.778
21120,39.646,-76.675
21122,39.121,-76.495
21128,39.409,-76.447
21130,39.477,-76.194
21131,39.504,-76.59
21132,39.695,-76.44
21133,39.374,-76.815
21136,39.484,-76.794
21140,38.949,-76.583
21144,39.121,-76.677
21146,39.079,-76.559
21152,39.541,-76.68
21153,39.418,-76.701
21154,39.657,-76.36
21155,39.574,-76.806
21156,39.437,-76.396
21157,39.549,-76.984
21158,39.654,-77.035
21160,39.7,-76.307
21161,39.66,-76.565
21162,39.39,-76.406
21163,39.338,-76.848
21201,39.295,-76.622
21202,39.297,-76.607
21204,39.402,-76.632
21205,39.302,-76.564
21206,39.338,-76.539
21207,39.324,-76.719
21208,39.381,-76.721
21209,39.373,-76.67
21210,39.359,-76.633
21211,39.33,-76.639
21212,39.369,-76.615
21213,39.315,-76.577
21214,39.352,-76.564
21215,39.345,-76.684
21216,39.311,-76.672
21217,39.308,-76.639
21218,39.33,-76.601
21219,39.227,-76.443
21220,39.347,-76.39
21221,39.289,-76.435
21222,39.265,-76.493
21223,39.283,-76.654
21224,39.275,-76.543
21225,39.226,-76.616
21226,39.209,-76.563
21227,39.24,-76.679
21228,39.273,-76.748
21229,39.284,-76.691
21230,39.266,-76.624
21231,39.287,-76.592
21234,39.393,-76.534
21236,39.388,-76.484
21237,39.342,-76.495
21239,39.367,-76.589
21240,39.174,-76.672
21244,39.335,-76.777
21250,39.256,-76.711
21251,39.345,-76.581
21252,39.394,-76.608
21286,39.412,-76.573
21401,38.988,-76.553
21402,38.987,-76.473
21403,38.942,-76.49
21405,39.028,-76.557
21409,39.018,-76.443
21502,39.644,-78.755
21520,39.625,-79.301
21521,39.551,-79.041
21522,39.61,-79.228
21523,39.481,-79.079
21524,39.708,-78.801
21529,39.704,-78.767
21530,39.68,-78.546
21531,39.643,-79.428
21532,39.649,-78.985
21536,39.657,-79.166
21538,39.41,-79.224
21539,39.56,-78.95
21540,39.478,-79.062
21541,39.542,-79.38
21542,39.596,-78.95
21543,39.656,-78.961
21545,39.704,-78.855
21550,39.389,-79.391
21555,39.575,-78.562
21557,39.536,-78.923
21561,39.492,-79.194
21562,39.514,-79.041
21601,38.794,-76.082
21607,39.133,-75.854
21610,39.367,-76.072
21612,38.752,-76.275
21613,38.503,-76.079
21617,39.049,-76.045
21619,38.943,-76.266
21620,39.2,-76.098
21622,38.414,-76.159
21623,39.124,-75.967
21624,38.845,-76.27
21625,38.873,-75.996
21626,38.341,-76.098
21627,38.233,-76.046
21628,39.233,-75.922
21629,38.859,-75.825
21631,38.582,-75.939
21632,38.731,-75.772
21634,38.292,-76.199
21635,39.335,-75.847
21636,39.025,-75.803
21638,38.94,-76.208
21639,38.959,-75.782
21640,39.068,-75.821
21641,38.918,-75.94
21643,38.646,-75.87
21644,39.112,-75.874
21645,39.316,-75.956
21647,38.812,-76.283
21648,38.485,-76.239
21649,39.133,-75.771
21650,39.314,-75.817
21651,39.256,-75.852
21652,38.703,-76.274
21653,38.75,-76.18
21654,38.689,-76.128
21655,38.745,-75.913
21657,38.969,-75.986
21658,38.946,-76.143
21659,38.59,-75.767
21660,38.956,-75.89
21661,39.096,-76.219
21662,38.711,-76.208
21663,38.788,-76.229
21664,38.607,-75.945
21665,38.752,-76.333
21666,38.94,-76.336
21667,39.351,-76.042
21668,39.191,-75.853
21669,38.46,-76.285
21671,38.696,-76.335
21672,38.272,-76.053
21673,38.642,-76.043
21675,38.289,-76.09
21676,38.773,-76.353
21677,38.472,-76.174
21678,39.313,-76.112
21679,38.92,-76.094
21701,39.444,-77.333
21702,39.479,-77.443
21703,39.367,-77.473
21704,39.355,-77.376
21705,39.409,-77.41
21710,39.308,-77.432
21711,39.668,-78.02
21713,39.53,-77.676
21714,39.419,-77.504
21716,39.314,-77.62
21717,39.339,-77.437
21718,39.393,-77.628
21719,39.708,-77.494
21722,39.662,-77.92
21723,39.329,-77.003
21727,39.689,-77.329
21733,39.549,-77.758
21734,39.608,-77.708
21737,39.248,-77.027
21738,39.28,-77.027
21740,39.632,-77.744
21742,39.678,-77.653
21746,39.565,-77.711
21750,39.662,-78.236
21754,39.332,-77.316
21755,39.36,-77.568
21756,39.463,-77.704
21757,39.594,-77.258
21758,39.353,-77.657
21762,39.481,-77.247
21766,39.67,-78.388
21767,39.697,-77.747
21769,39.442,-77.569
21770,39.35,-77.256
21771,39.395,-77.164
21773,39.543,-77.552
21774,39.41,-77.269
21776,39.518,-77.1
21777,39.271,-77.519
21778,39.616,-77.328
21779,39.427,-77.652
21780,39.677,-77.466
21781,39.571,-77.76
21782,39.457,-77.762
21783,39.652,-77.554
21784,39.401,-76.974
21787,39.678,-77.173
21788,39.59,-77.414
21790,39.261,-77.485
21791,39.532,-77.189
21793,39.494,-77.344
21794,39.298,-76.966
21795,39.581,-77.824
21797,39.328,-77.071
21798,39.536,-77.302
21801,38.382,-75.64
21802,38.345,-75.583
21804,38.314,-75.532
21810,38.3,-75.707
21811,38.319,-75.217
21813,38.424,-75.155
21814,38.293,-75.899
21817,37.981,-75.836
21821,38.165,-75.917
21822,38.281,-75.636
21824,37.981,-76.037
21826,38.317,-75.626
21829,38.098,-75.371
21830,38.402,-75.738
21835,38.532,-75.948
21837,38.455,-75.766
21838,38.018,-75.738
21840,38.249,-75.9
21841,38.247,-75.296
21842,38.351,-75.129
21849,38.377,-75.462
21850,38.362,-75.397
21851,38.08,-75.542
21853,38.204,-75.721
21856,38.331,-75.795
21861,38.536,-75.727
21862,38.398,-75.226
21863,38.188,-75.399
21864,38.032,-75.406
21865,38.287,-75.841
21866,37.967,-76.021
21867,38.11,-75.794
21869,38.438,-75.896
21871,38.094,-75.736
21872,38.415,-75.299
21874,38.391,-75.352
21875,38.44,-75.545
21890,38.157,-75.704
21901,39.585,-75.959
21902,39.552,-76.063
21903,39.573,-76.039
21904,39.615,-76.068
21911,39.695,-76.033
21912,39.419,-75.819
21913,39.405,-75.868
21914,39.572,-75.978
21915,39.496,-75.848
21916,39.641,-75.862
21917,39.672,-76.097
21918,39.678,-76.176
21919,39.419,-75.934
21920,39.657,-75.828
21921,39.627,-75.86
21930,39.376,-75.888
22003,38.83,-77.215
22015,38.788,-77.279
22025,38.598,-77.339
22026,38.56,-77.296
22027,38.895,-77.223
22030,38.837,-77.34
22031,38.859,-77.26
22032,38.819,-77.29
22033,38.875,-77.385
22035,38.855,-77.357
22039,38.756,-77.314
22041,38.849,-77.141
22042,38.865,-77.197
22043,38.901,-77.196
22044,38.862,-77.154
22046,38.886,-77.181
22060,38.693,-77.153
22066,39.012,-77.302
22079,38.675,-77.21
22101,38.94,-77.165
22102,38.951,-77.23
22124,38.895,-77.332
22125,38.682,-77.262
22134,38.522,-77.385
22150,38.773,-77.187
22151,38.804,-77.208
22152,38.774,-77.232
22153,38.745,-77.236
22172,38.565,-77.37
22180,38.895,-77.256
22181,38.907,-77.293
22182,38.938,-77.276
22185,38.875,-77.304
22191,38.623,-77.263
22192,38.684,-77.315
22193,38.644,-77.352
22201,38.887,-77.095
22202,38.857,-77.051
22203,38.874,-77.117
22204,38.861,-77.099
22205,38.884,-77.14
22206,38.844,-77.089
22207,38.907,-77.124
22209,38.895,-77.075
22211,38.88,-77.071
22213,38.895,-77.163
22214,38.869,-77.074
22301,38.82,-77.06
22302,38.828,-77.083
22303,38.794,-77.079
22304,38.813,-77.112
22305,38.836,-77.062
22306,38.756,-77.098
22307,38.772,-77.057
22308,38.734,-77.061
22309,38.72,-77.106
22310,38.784,-77.123
22311,38.834,-77.125
22312,38.816,-77.154
22314,38.807,-77.056
22315,38.758,-77.151
22401,38.299,-77.487
22405,38.314,-77.404
22406,38.4,-77.547
22407,38.283,-77.576
22408,38.22,-77.444
22427,38.093,-77.271
22432,37.87,-76.342
22433,38.367,-77.859
22435,37.967,-76.572
22436,38.084,-77.117
22437,37.786,-76.803
22438,38.041,-76.981
22443,38.17,-76.987
22448,38.336,-77.028
22454,37.844,-76.834
22460,37.869,-76.607
22469,38.082,-76.65
22473,37.887,-76.421
22476,38.051,-77.073
22480,37.663,-76.412
22482,37.736,-76.346
22485,38.277,-77.163
22488,38.049,-76.587
22503,37.75,-76.515
22504,37.769,-76.721
22508,38.313,-77.798
22509,38.121,-77.08
22511,37.991,-76.504
22514,38.008,-77.329
22520,38.122,-76.803
22529,38.012,-76.69
22530,37.898,-76.293
22534,38.073,-77.696
22535,38.149,-77.167
22538,38.192,-77.262
22539,37.861,-76.286
22542,38.294,-77.881
22546,37.943,-77.449
22548,37.816,-76.705
22551,38.17,-77.7
22553,38.271,-77.649
22554,38.427,-77.368
22556,38.469,-77.515
22560,37.916,-76.961
22567,38.238,-77.928
22572,37.965,-76.771
22576,37.671,-76.456
22578,37.637,-76.356
22579,37.796,-76.315
22580,38.109,-77.446
22601,39.174,-78.173
22602,39.144,-78.285
22603,39.269,-78.213
22610,38.825,-78.279
22611,39.169,-77.985
22620,39.068,-78.032
22623,38.849,-78.141
22624,39.27,-78.092
22625,39.377,-78.309
22627,38.758,-78.145
22630,38.931,-78.176
22637,39.257,-78.352
22639,38.814,-78.019
22640,38.811,-78.141
22641,39.085,-78.386
22642,38.947,-78.012
22643,38.885,-77.984
22644,38.95,-78.486
22645,39.019,-78.275
22646,39.073,-78.051
22650,38.765,-78.365
22652,38.84,-78.432
22654,38.988,-78.572
22655,39.068,-78.21
22656,39.219,-78.089
22657,39.003,-78.376
22660,38.944,-78.431
22663,39.053,-78.112
22664,38.889,-78.532
22701,38.439,-77.996
22709,38.329,-78.214
22711,38.467,-78.275
22712,38.564,-77.757
22713,38.561,-78.119
22714,38.52,-77.895
22715,38.414,-78.185
22716,38.63,-78.103
22718,38.477,-77.827
22719,38.535,-78.281
22720,38.475,-77.644
22722,38.466,-78.227
22723,38.335,-78.38
22724,38.615,-77.894
22726,38.398,-77.817
22727,38.408,-78.295
22728,38.597,-77.676
22729,38.374,-78.018
22730,38.374,-78.158
22731,38.337,-78.257
22732,38.315,-78.19
22733,38.333,-78.046
22734,38.526,-77.795
22735,38.477,-78.174
22736,38.398,-77.705
22737,38.581,-78.014
22738,38.294,-78.281
22740,38.646,-78.287
22741,38.426,-77.868
22742,38.466,-77.715
22743,38.539,-78.381
22747,38.709,-78.166
22749,38.62,-78.18
22801,38.404,-78.875
22802,38.494,-78.863
22807,38.434,-78.868
22810,38.827,-78.797
22811,38.812,-78.992
22812,38.378,-79.027
22815,38.713,-78.841
22820,38.705,-79.019
22821,38.481,-79.129
22824,38.836,-78.632
22827,38.411,-78.596
22830,38.667,-78.975
22831,38.577,-79.076
22832,38.455,-78.76
22834,38.559,-78.86
22835,38.67,-78.454
22840,38.425,-78.723
22841,38.342,-78.892
22842,38.778,-78.7
22843,38.387,-79.143
22844,38.656,-78.662
22845,38.786,-78.816
22846,38.394,-78.794
22847,38.731,-78.717
22849,38.525,-78.63
22850,38.56,-78.924
22851,38.563,-78.513
22853,38.652,-78.759
22901,38.088,-78.553
22902,37.91,-78.522
22903,38.007,-78.595
22904,38.032,-78.524
22911,38.097,-78.41
22920,37.969,-78.806
22922,37.694,-78.922
22923,38.189,-78.317
22931,37.899,-78.727
22932,38.148,-78.696
22935,38.254,-78.563
22936,38.16,-78.499
22937,37.797,-78.619
22938,37.866,-78.795
22939,38.106,-78.974
22940,38.16,-78.556
22942,38.101,-78.202
22943,38.04,-78.778
22946,37.859,-78.571
22947,38.044,-78.325
22948,38.363,-78.129
22949,37.789,-78.883
22952,37.964,-78.963
22958,37.893,-78.894
22959,37.937,-78.657
22960,38.219,-78.073
22963,37.848,-78.305
22964,37.712,-78.976
22967,37.797,-79.014
22968,38.241,-78.401
22969,37.797,-78.693
22971,37.745,-78.793
22972,38.216,-78.23
22973,38.336,-78.479
22974,37.973,-78.284
22976,37.813,-79.057
22980,38.1,-78.881
22989,38.289,-78.131
23002,37.351,-77.968
23004,37.688,-78.399
23005,37.76,-77.482
23009,37.821,-77.181
23011,37.477,-76.812
23015,37.93,-77.626
23021,37.39,-76.374
23022,37.731,-78.263
23023,37.769,-76.964
23024,37.928,-77.779
23025,37.415,-76.362
23027,37.646,-78.13
23030,37.346,-77.055
23032,37.656,-76.669
23035,37.489,-76.391
23038,37.753,-78.149
23039,37.657,-77.812
23040,37.501,-78.252
23043,37.562,-76.35
23045,37.425,-76.269
23047,37.843,-77.474
23050,37.498,-76.426
23055,37.768,-78.217
23056,37.356,-76.363
23059,37.702,-77.574
23060,37.656,-77.538
23061,37.428,-76.538
23062,37.263,-76.507
23063,37.713,-78.006
23064,37.497,-76.299
23065,37.806,-77.932
23066,37.496,-76.287
23068,37.501,-76.335
23069,37.772,-77.322
23070,37.552,-76.389
23071,37.545,-76.449
23072,37.29,-76.448
23075,37.558,-77.313
23076,37.478,-76.3
23079,37.717,-76.675
23083,37.308,-78.117
23084,37.885,-78.115
23085,37.715,-76.832
23086,37.669,-77.054
23089,37.456,-76.904
23091,37.651,-76.799
23092,37.607,-76.515
23093,38.004,-78.04
23102,37.708,-77.829
23103,37.648,-77.724
23106,37.716,-77.202
23108,37.645,-76.735
23109,37.433,-76.333
23110,37.583,-76.771
23111,37.614,-77.243
23112,37.433,-77.663
23113,37.539,-77.68
23114,37.482,-77.66
23115,37.811,-76.915
23116,37.676,-77.337
23117,37.982,-77.874
23119,37.448,-76.277
23120,37.422,-77.781
23123,37.652,-78.301
23124,37.551,-77.044
23125,37.327,-76.281
23126,37.923,-77.144
23128,37.436,-76.433
23129,37.682,-77.77
23130,37.387,-76.259
23138,37.343,-76.304
23139,37.546,-77.937
23140,37.435,-77.038
23141,37.529,-77.156
23146,37.731,-77.705
23148,37.846,-77.055
23149,37.576,-76.609
23150,37.501,-77.253
23153,37.771,-77.947
23156,37.521,-76.707
23160,37.628,-77.846
23161,37.716,-76.935
23163,37.358,-76.31
23168,37.396,-76.825
23169,37.603,-76.457
23173,37.578,-77.537
23175,37.655,-76.624
23176,37.573,-76.415
23177,37.755,-77.014
23180,37.702,-76.615
23181,37.597,-76.889
23185,37.228,-76.719
23187,37.269,-76.721
23188,37.343,-76.764
23192,37.82,-77.681
23219,37.54,-77.436
23220,37.549,-77.461
23221,37.553,-77.494
23222,37.583,-77.419
23223,37.558,-77.379
23224,37.498,-77.467
23225,37.519,-77.513
23226,37.58,-77.523
23227,37.611,-77.438
23228,37.627,-77.493
23229,37.587,-77.574
23230,37.587,-77.489
23231,37.442,-77.315
23233,37.646,-77.624
23234,37.451,-77.471
23235,37.515,-77.565
23236,37.476,-77.585
23237,37.401,-77.449
23238,37.596,-77.648
23250,37.505,-77.321
23294,37.631,-77.543
23301,37.681,-75.633
23302,37.866,-75.521
23303,37.911,-75.505
23304,36.996,-76.572
23306,37.561,-75.872
23307,37.432,-75.871
23308,37.839,-75.66
23310,37.259,-75.964
23313,37.2,-75.946
23314,36.959,-76.524
23315,36.737,-76.841
23316,37.303,-75.993
23320,36.752,-76.218
23321,36.8,-76.421
23322,36.619,-76.227
23323,36.697,-76.38
23324,36.8,-76.273
23325,36.815,-76.238
23336,37.955,-75.335
23337,37.93,-75.486
23347,37.339,-75.978
23350,37.513,-75.863
23354,37.463,-75.912
23356,37.991,-75.382
23357,37.756,-75.676
23358,37.653,-75.868
23359,37.885,-75.588
23389,37.661,-75.835
23395,37.976,-75.461
23398,37.516,-75.944
23401,37.627,-75.779
23405,37.412,-75.927
23407,37.841,-75.579
23408,37.453,-75.843
23409,37.888,-75.663
23410,37.638,-75.737
23413,37.473,-75.858
23414,37.807,-75.58
23415,37.97,-75.535
23416,37.934,-75.563
23417,37.759,-75.784
23418,37.667,-75.687
23420,37.599,-75.817
23421,37.765,-75.612
23422,37.635,-75.823
23423,37.525,-75.714
23426,37.924,-75.69
23427,37.939,-75.721
23430,37.001,-76.656
23432,36.876,-76.554
23433,36.918,-76.463
23434,36.703,-76.592
23435,36.838,-76.48
23436,36.894,-76.507
23437,36.627,-76.803
23438,36.581,-76.697
23440,37.829,-75.984
23441,37.71,-75.7
23442,37.905,-75.575
23451,36.865,-76.006
23452,36.846,-76.093
23453,36.784,-76.072
23454,36.818,-76.031
23455,36.893,-76.147
23456,36.737,-76.035
23457,36.613,-76.024
23459,36.925,-76.019
23460,36.808,-76.028
23461,36.775,-75.963
23462,36.837,-76.151
23464,36.797,-76.188
23480,37.619,-75.691
23486,37.513,-75.814
23487,36.847,-76.725
23488,37.948,-75.598
23502,36.861,-76.205
23503,36.949,-76.266
23504,36.857,-76.266
23505,36.914,-76.289
23507,36.865,-76.303
23508,36.885,-76.31
23509,36.882,-76.264
23510,36.852,-76.292
23511,36.912,-76.326
23513,36.89,-76.239
23517,36.87,-76.293
23518,36.916,-76.215
23523,36.832,-76.272
23551,36.924,-76.289
23601,37.038,-76.48
23602,37.113,-76.518
23603,37.191,-76.565
23604,37.105,-76.575
23605,37.018,-76.436
23606,37.064,-76.522
23607,36.972,-76.424
23608,37.148,-76.543
23651,37.008,-76.304
23661,37.009,-76.386
23662,37.133,-76.353
23663,37.031,-76.315
23664,37.078,-76.29
23665,37.084,-76.365
23666,37.058,-76.407
23669,37.05,-76.343
23690,37.222,-76.517
23691,37.255,-76.549
23692,37.192,-76.464
23693,37.123,-76.447
23696,37.189,-76.421
23701,36.813,-76.371
23702,36.799,-76.329
23703,36.893,-76.373
23704,36.824,-76.31
23707,36.842,-76.34
23708,36.85,-76.305
23709,36.813,-76.305
23801,37.236,-77.335
23803,37.209,-77.497
23805,37.139,-77.403
23806,37.239,-77.418
23821,36.883,-77.913
23824,37.086,-77.972
23827,36.612,-77.197
23828,36.581,-77.267
23829,36.733,-77.217
23830,37.017,-77.395
23831,37.346,-77.451
23832,37.388,-77.592
23833,37.209,-77.669
23834,37.291,-77.404
23836,37.345,-77.347
23837,36.75,-77.084
23838,37.319,-77.633
23839,37.08,-76.921
23840,37.065,-77.666
23841,37.048,-77.544
23842,37.132,-77.222
23843,36.845,-77.822
23844,36.68,-77.327
23845,36.579,-77.978
23846,37.067,-76.834
23847,36.67,-77.55
23850,37.22,-77.765
23851,36.656,-76.951
23856,36.784,-77.702
23857,36.585,-77.884
23860,37.275,-77.227
23866,36.924,-76.862
23867,36.817,-77.482
23868,36.722,-77.817
23872,36.989,-77.72
23874,36.609,-77.086
23875,37.221,-77.27
23876,36.956,-77.834
23878,36.825,-77.025
23879,36.592,-77.597
23881,37.181,-76.978
23882,36.926,-77.422
23883,37.136,-76.736
23884,36.917,-77.279
23885,37.19,-77.573
23887,36.573,-77.817
23888,36.95,-76.975
23889,36.903,-77.747
23890,37.009,-77.118
23891,37.051,-77.212
23893,36.644,-77.921
23894,37.122,-77.821
23897,36.829,-77.284
23898,36.838,-76.862
23899,37.234,-76.974
23901,37.321,-78.421
23909,37.301,-78.397
23915,36.693,-78.287
23917,36.626,-78.345
23919,36.593,-78.131
23920,36.725,-77.975
23921,37.586,-78.624
23922,37.186,-78.216
23923,37.087,-78.65
23924,36.807,-78.422
23927,36.587,-78.565
23930,37.171,-78.1
23934,37.177,-78.627
23936,37.533,-78.479
23937,36.945,-78.513
23938,36.905,-77.992
23942,37.134,-78.289
23943,37.245,-78.454
23944,36.916,-78.139
23947,37.031,-78.445
23950,36.659,-78.076
23952,36.929,-78.299
23954,37.106,-78.38
23958,37.265,-78.66
23959,37.105,-78.795
23960,37.321,-78.552
23962,37.005,-78.739
23963,37.201,-78.799
23964,36.772,-78.627
23966,37.3,-78.259
23967,36.913,-78.637
23968,36.725,-78.529
23970,36.751,-78.191
23974,36.97,-78.255
23976,36.844,-78.585
24011,37.271,-79.941
24012,37.31,-79.903
24013,37.267,-79.923
24014,37.223,-79.915
24015,37.257,-79.981
24016,37.273,-79.955
24017,37.298,-79.991
24018,37.213,-80.042
24019,37.347,-79.954
24020,37.358,-79.944
24053,36.607,-80.534
24054,36.669,-79.705
24055,36.756,-79.998
24058,37.177,-80.622
24059,37.164,-80.13
24060,37.255,-80.423
24064,37.376,-79.77
24065,37.117,-79.997
24066,37.537,-79.681
24067,37.032,-80.06
24069,36.577,-79.643
24070,37.356,-80.226
24072,37.042,-80.242
24073,37.132,-80.425
24076,36.605,-80.421
24077,37.366,-79.904
24078,36.721,-79.9
24079,37.057,-80.161
24082,36.62,-80.117
24083,37.405,-79.92
24084,37.128,-80.846
24085,37.679,-79.822
24086,37.276,-80.632
24087,37.214,-80.257
24088,36.888,-80.078
24089,36.709,-79.972
24090,37.522,-79.887
24091,36.92,-80.331
24092,37.012,-79.758
24093,37.385,-80.869
24095,37.223,-79.737
24101,37.174,-79.796
24102,36.844,-80.002
24104,37.134,-79.489
24105,36.912,-80.604
24112,36.721,-79.847
24120,36.692,-80.414
24121,37.169,-79.647
24122,37.426,-79.692
24124,37.316,-80.858
24127,37.474,-80.231
24128,37.34,-80.483
24130,37.61,-80.002
24131,37.571,-80.233
24132,37.204,-80.659
24133,36.67,-80.134
24134,37.248,-80.778
24136,37.332,-80.602
24137,36.928,-79.658
24138,37.043,-80.306
24139,37.013,-79.481
24141,37.096,-80.569
24142,37.138,-80.551
24147,37.401,-80.824
24148,36.58,-79.878
24149,37.019,-80.434
24150,37.381,-80.626
24151,36.954,-79.865
24153,37.303,-80.114
24161,36.978,-79.529
24162,37.129,-80.25
24165,36.585,-80.052
24167,37.255,-80.725
24168,36.735,-79.946
24171,36.697,-80.221
24174,37.352,-79.673
24175,37.428,-79.94
24176,37.006,-79.692
24179,37.286,-79.81
24184,37.089,-79.779
24185,36.812,-80.269
24201,36.611,-82.17
24202,36.656,-82.212
24210,36.769,-82.028
24211,36.654,-81.955
24216,36.948,-82.799
24217,37.085,-82.179
24219,36.849,-82.758
24220,37.137,-82.24
24221,36.625,-82.999
24224,36.861,-82.272
24225,36.992,-82.142
24226,37.137,-82.323
24228,37.167,-82.456
24230,36.957,-82.454
24236,36.652,-81.748
24237,37.036,-82.262
24239,37.118,-82.149
24243,36.773,-82.926
24244,36.724,-82.782
24245,36.838,-82.513
24246,36.867,-82.746
24248,36.625,-83.515
24250,36.757,-82.597
24251,36.657,-82.599
24256,37.216,-82.287
24258,36.645,-82.422
24260,37.031,-82.015
24263,36.668,-83.147
24265,36.833,-82.946
24266,36.859,-82.121
24269,37.073,-82.381
24270,36.73,-82.251
24271,36.749,-82.417
24272,37.014,-82.315
24273,36.965,-82.661
24277,36.745,-83.038
24279,37.078,-82.627
24280,36.956,-81.923
24281,36.637,-83.34
24282,36.819,-83.054
24283,36.94,-82.333
24290,36.613,-82.568
24292,36.618,-81.578
24293,37.004,-82.551
24301,37.068,-80.811
24311,36.874,-81.422
24312,36.833,-80.887
24313,36.91,-80.82
24314,37.157,-81.21
24315,37.135,-81.059
24316,36.956,-81.669
24317,36.601,-80.671
24318,36.996,-81.387
24319,36.745,-81.655
24322,36.799,-81.114
24323,36.866,-81.186
24324,36.974,-80.776
24325,36.795,-80.602
24326,36.73,-81.202
24328,36.645,-80.701
24330,36.726,-81.021
24333,36.64,-80.935
24340,36.753,-81.768
24343,36.77,-80.691
24347,36.961,-80.652
24348,36.652,-81.215
24350,36.813,-80.994
24351,36.579,-80.765
24352,36.709,-80.531
24354,36.829,-81.54
24360,36.933,-80.898
24361,36.767,-81.845
24363,36.617,-81.405
24366,37.259,-81.119
24368,36.888,-81.302
24370,36.911,-81.69
24374,36.784,-81.22
24375,36.769,-81.387
24377,37.0,-81.575
24378,36.687,-81.443
24380,36.86,-80.509
24381,36.73,-80.841
24382,36.96,-81.101
24401,38.134,-79.086
24411,38.105,-79.311
24412,38.054,-79.818
24413,38.542,-79.6
24415,37.925,-79.317
24416,37.722,-79.361
24421,38.245,-79.245
24422,37.83,-79.759
24426,37.764,-80.085
24430,38.087,-79.356
24431,38.17,-78.843
24432,38.148,-79.443
24433,38.424,-79.424
24435,37.873,-79.302
24437,38.221,-78.935
24439,37.994,-79.489
24440,37.999,-79.165
24441,38.226,-78.825
24442,38.373,-79.385
24445,37.942,-79.892
24448,37.797,-79.789
24450,37.779,-79.527
24457,37.764,-79.943
24458,38.316,-79.527
24459,38.021,-79.292
24460,38.02,-79.656
24464,37.875,-79.094
24465,38.385,-79.648
24467,38.255,-78.971
24471,38.313,-78.784
24472,37.941,-79.209
24473,37.935,-79.415
24474,37.806,-79.846
24476,37.974,-79.227
24477,38.005,-79.042
24479,38.164,-79.239
24482,38.206,-78.997
24483,37.812,-79.231
24484,38.155,-79.785
24485,38.268,-79.333
24486,38.297,-78.925
24487,38.184,-79.598
24501,37.36,-79.141
24502,37.36,-79.222
24503,37.454,-79.25
24504,37.365,-79.048
24517,37.148,-79.237
24520,36.587,-79.03
24521,37.633,-79.101
24522,37.377,-78.779
24523,37.345,-79.524
24526,37.543,-79.416
24527,36.737,-79.342
24528,37.08,-78.876
24529,36.627,-78.647
24530,36.807,-79.62
24531,36.843,-79.454
24534,36.867,-78.771
24536,37.496,-79.327
24538,37.345,-78.962
24539,36.853,-78.915
24540,36.635,-79.427
24541,36.589,-79.515
24549,36.707,-79.504
24550,37.24,-79.245
24551,37.356,-79.325
24553,37.546,-78.81
24554,37.12,-79.072
24555,37.67,-79.484
24556,37.376,-79.399
24557,36.97,-79.306
24558,36.774,-78.954
24562,37.695,-78.638
24563,37.062,-79.279
24565,36.853,-79.19
24566,36.732,-79.253
24569,37.043,-79.126
24570,37.346,-79.424
24571,37.133,-79.373
24572,37.465,-79.095
24574,37.576,-79.253
24577,36.944,-78.983
24578,37.66,-79.562
24579,37.586,-79.503
24580,36.579,-78.673
24581,37.655,-78.806
24586,36.607,-79.277
24588,37.262,-79.096
24589,36.761,-78.758
24590,37.796,-78.49
24592,36.676,-78.966
24593,37.323,-78.903
24594,36.647,-79.179
24595,37.56,-79.083
24597,36.782,-79.111
24598,36.605,-78.788
24599,37.624,-78.724
24601,37.194,-81.649
24602,37.183,-81.659
24603,37.355,-82.19
24604,37.212,-81.538
24605,37.254,-81.371
24606,37.286,-81.399
24607,37.294,-82.263
24609,37.01,-81.808
24612,37.093,-81.838
24613,37.265,-81.337
24614,37.299,-82.071
24620,37.431,-82.012
24622,37.215,-81.79
24628,37.282,-82.223
24630,37.178,-81.466
24631,37.217,-81.991
24634,37.268,-81.903
24635,37.313,-81.363
24637,37.061,-81.714
24639,37.16,-81.888
24641,37.112,-81.802
24646,37.143,-82.025
24649,37.063,-81.899
24651,37.076,-81.503
24656,37.175,-82.125
24657,37.227,-81.857
24701,37.306,-81.205
24712,37.463,-81.015
24714,37.484,-81.19
24715,37.34,-81.325
24716,37.48,-81.372
24719,37.487,-81.327
24724,37.331,-81.3
24726,37.515,-81.352
24729,37.45,-81.26
24731,37.398,-81.151
24733,37.451,-81.205
24736,37.444,-81.277
24737,37.352,-81.249
24738,37.302,-81.31
24740,37.373,-81.005
24747,37.379,-81.3
24801,37.449,-81.577
24808,37.33,-81.422
24811,37.399,-81.771
24813,37.357,-81.72
24815,37.242,-81.66
24816,37.461,-81.706
24817,37.352,-81.805
24818,37.603,-81.625
24822,37.647,-81.697
24823,37.672,-81.752
24826,37.293,-81.624
24827,37.753,-81.641
24828,37.499,-81.637
24830,37.323,-81.506
24831,37.394,-81.412
24834,37.548,-81.631
24836,37.334,-81.559
24839,37.561,-81.738
24843,37.487,-81.71
24844,37.462,-81.807
24845,37.518,-81.818
24846,37.53,-81.913
24847,37.577,-81.418
24848,37.304,-81.461
24849,37.666,-81.543
24850,37.321,-81.851
24851,37.601,-81.834
24853,37.435,-81.512
24854,37.736,-81.573
24857,37.673,-81.66
24860,37.66,-81.608
24861,37.351,-81.363
24862,37.469,-81.965
24866,37.248,-81.58
24867,37.596,-81.445
24868,37.438,-81.389
24869,37.563,-81.838
24870,37.765,-81.51
24871,37.359,-81.468
24872,37.449,-81.92
24873,37.366,-81.878
24874,37.543,-81.555
24878,37.439,-81.625
24879,37.314,-81.759
24880,37.651,-81.531
24881,37.431,-81.685
24882,37.626,-81.766
24884,37.23,-81.604
24887,37.373,-81.404
24888,37.393,-81.483
24892,37.327,-81.688
24894,37.275,-81.714
24898,37.594,-81.61
24901,37.855,-80.452
24910,37.751,-80.648
24915,38.465,-79.777
24916,37.829,-80.581
24918,37.522,-80.745
24920,38.58,-79.704
24924,38.201,-80.165
24925,37.715,-80.376
24927,38.375,-79.957
24931,37.919,-80.589
24934,38.334,-79.891
24935,37.567,-80.808
24938,37.893,-80.387
24941,37.588,-80.347
24944,38.39,-79.784
24945,37.542,-80.677
24946,38.184,-80.262
24951,37.484,-80.644
24954,38.225,-80.056
24957,37.885,-80.425
24962,37.662,-80.718
24963,37.436,-80.758
24966,38.079,-80.363
24970,37.728,-80.474
24974,37.642,-80.448
24976,37.657,-80.512
24977,37.897,-80.687
24981,37.63,-80.736
24983,37.575,-80.519
24984,37.494,-80.405
24986,37.921,-80.146
24991,38.022,-80.497
25002,38.136,-81.242
25003,38.253,-81.785
25005,38.583,-81.256
25007,37.825,-81.43
25008,37.947,-81.344
25009,38.202,-81.685
25011,38.509,-81.839
25015,38.246,-81.497
25019,38.372,-81.069
25021,37.922,-81.68
25022,37.86,-81.819
25024,38.159,-81.624
25025,38.315,-81.411
25028,37.947,-81.726
25030,38.453,-81.226
25031,38.149,-81.275
25033,38.612,-81.924
25035,38.165,-81.521
25036,38.215,-81.258
25039,38.235,-81.363
25040,38.127,-81.235
25043,38.426,-81.003
25044,37.912,-81.369
25045,38.447,-81.329
25047,37.921,-81.768
25048,37.946,-81.437
25049,38.115,-81.558
25051,38.157,-81.71
25053,38.037,-81.879
25054,38.111,-81.488
25057,38.12,-81.253
25059,38.22,-81.203
25060,37.945,-81.427
25061,38.175,-81.44
25062,37.88,-81.433
25063,38.57,-80.929
25064,38.377,-81.75
25067,38.202,-81.443
25070,38.546,-81.932
25071,38.462,-81.467
25075,38.06,-81.405
25076,37.869,-81.931
25081,38.075,-81.755
25082,38.604,-82.031
25083,38.07,-81.368
25085,38.173,-81.205
25086,38.204,-81.417
25088,38.399,-81.209
25090,38.155,-81.221
25093,37.983,-81.67
25102,38.191,-81.375
25103,38.181,-81.381
25106,38.791,-82.1
25107,38.23,-81.622
25108,37.974,-81.881
25109,38.527,-81.852
25110,38.218,-81.315
25111,38.353,-81.129
25112,38.38,-81.767
25113,38.553,-81.046
25114,37.987,-81.786
25115,38.122,-81.182
25118,38.112,-81.306
25119,38.041,-81.276
25121,37.916,-81.897
25123,38.73,-81.9
25124,38.622,-81.779
25125,38.312,-81.215
25126,38.203,-81.373
25130,38.033,-81.752
25132,38.294,-81.345
25133,38.477,-81.145
25134,38.163,-81.491
25136,38.15,-81.327
25139,38.138,-81.291
25140,37.84,-81.499
25141,38.627,-81.025
25142,38.154,-81.73
25143,38.418,-81.819
25148,38.046,-81.562
25149,37.949,-81.772
25152,38.058,-81.251
25154,38.121,-81.713
25156,38.183,-81.337
25159,38.524,-81.789
25160,38.282,-81.273
25161,38.053,-81.319
25162,38.208,-81.387
25164,38.509,-81.205
25165,38.146,-81.649
25168,38.56,-81.88
25169,38.176,-81.79
25173,38.091,-81.23
25174,37.866,-81.411
25177,38.367,-81.848
25180,37.79,-81.436
25181,38.049,-81.641
25183,37.914,-81.79
25185,38.235,-81.238
25186,38.182,-81.271
25187,38.725,-82.029
25193,38.035,-81.507
25201,38.336,-81.49
25202,38.316,-81.859
25203,38.016,-81.882
25204,37.925,-81.615
25205,38.019,-81.793
25206,37.998,-81.696
25208,37.837,-81.64
25209,37.953,-81.52
25211,38.469,-80.888
25213,38.513,-81.913
25214,38.188,-81.538
25234,38.811,-81.138
25235,38.67,-81.09
25239,38.839,-81.847
25241,38.788,-81.81
25243,38.687,-81.479
25244,38.768,-81.551
25245,38.697,-81.755
25247,39.006,-82.006
25248,38.644,-81.614
25251,38.621,-81.236
25252,38.951,-81.511
25253,38.921,-81.961
25259,38.674,-81.252
25260,39.004,-82.032
25261,38.822,-81.08
25262,38.908,-81.826
25264,38.86,-81.894
25265,38.987,-81.958
25266,38.606,-81.162
25267,38.834,-80.941
25268,38.725,-81.076
25270,38.865,-81.425
25271,38.789,-81.693
25275,38.922,-81.611
25276,38.782,-81.329
25285,38.54,-81.102
25286,38.615,-81.408
25287,38.955,-82.051
25301,38.351,-81.63
25302,38.393,-81.595
25303,38.36,-81.686
25304,38.306,-81.593
25305,38.338,-81.613
25306,38.313,-81.499
25309,38.309,-81.75
25311,38.367,-81.557
25312,38.448,-81.659
25313,38.419,-81.766
25314,38.308,-81.64
25315,38.222,-81.56
25320,38.54,-81.633
25401,39.457,-77.973
25403,39.475,-78.012
25404,39.483,-77.89
25405,39.409,-77.962
25411,39.549,-78.221
25413,39.311,-78.056
25414,39.242,-77.866
25419,39.576,-77.896
25420,39.382,-78.115
25422,39.545,-78.354
25425,39.306,-77.774
25427,39.534,-78.066
25428,39.381,-78.022
25430,39.327,-77.938
25431,39.484,-78.574
25432,39.306,-77.784
25434,39.44,-78.461
25437,39.428,-78.57
25438,39.323,-77.864
25442,39.37,-77.833
25443,39.444,-77.817
25444,39.413,-78.524
25446,39.242,-77.953
25501,38.154,-81.97
25502,38.656,-82.117
25503,38.613,-82.121
25504,38.376,-82.27
25505,38.012,-82.031
25506,38.205,-82.187
25507,38.395,-82.563
25508,37.964,-82.022
25510,38.382,-82.083
25511,38.051,-82.335
25512,38.185,-82.327
25514,38.1,-82.529
25515,38.757,-82.147
25517,38.108,-82.443
25520,38.561,-82.183
25521,38.22,-81.999
25523,38.279,-82.049
25524,38.022,-82.117
25526,38.394,-81.991
25529,38.153,-81.847
25530,38.358,-82.577
25534,38.084,-82.275
25535,38.309,-82.435
25537,38.533,-82.282
25540,38.183,-82.156
25541,38.481,-82.13
25545,38.459,-82.217
25547,37.916,-81.965
25550,38.863,-82.067
25555,38.214,-82.55
25557,38.106,-82.172
25559,38.325,-82.229
25560,38.445,-81.899
25564,38.272,-81.901
25565,38.102,-81.964
25567,38.216,-81.87
25570,38.219,-82.425
25571,38.313,-82.156
25573,38.232,-81.941
25601,37.863,-82.009
25606,37.765,-81.82
25607,37.785,-81.784
25608,37.574,-81.889
25611,37.689,-81.841
25617,37.721,-81.778
25621,37.627,-81.942
25624,37.901,-81.982
25625,37.819,-82.081
25628,37.768,-81.862
25630,37.788,-81.691
25632,37.73,-81.924
25634,37.736,-81.841
25635,37.707,-81.886
25637,37.862,-82.029
25638,37.759,-81.991
25639,37.881,-81.958
25644,37.705,-82.022
25646,37.847,-81.884
25647,37.787,-81.984
25649,37.875,-82.093
25650,37.67,-81.819
25651,37.602,-81.988
25652,37.791,-82.045
25653,37.829,-81.998
25654,37.796,-81.874
25661,37.736,-82.274
25666,37.927,-82.249
25669,37.932,-82.391
25670,37.721,-82.159
25671,37.884,-82.192
25672,37.581,-82.113
25674,37.869,-82.352
25676,37.838,-82.193
25678,37.59,-82.065
25688,37.621,-82.119
25690,37.69,-82.124
25692,37.636,-82.11
25696,37.679,-82.116
25699,37.962,-82.333
25701,38.366,-82.405
25702,38.435,-82.314
25703,38.425,-82.419
25704,38.308,-82.487
25705,38.405,-82.36
25801,37.823,-81.266
25810,37.597,-81.349
25811,37.562,-81.296
25812,38.182,-81.123
25813,37.762,-81.102
25817,37.758,-81.398
25818,37.86,-81.192
25820,37.515,-81.163
25823,37.662,-81.211
25825,37.644,-81.083
25826,37.575,-81.357
25827,37.739,-81.255
25831,37.959,-80.931
25832,37.715,-81.119
25836,37.775,-81.279
25837,38.048,-81.012
25839,37.778,-81.387
25840,38.043,-81.123
25841,37.561,-81.092
25843,37.61,-81.118
25844,37.8,-81.383
25845,37.695,-81.525
25846,37.906,-81.133
25848,37.718,-81.428
25849,37.73,-81.28
25853,37.64,-81.312
25854,38.137,-80.98
25855,37.936,-81.156
25857,37.644,-81.282
25862,38.086,-81.061
25864,37.876,-81.036
25865,37.712,-81.362
25868,38.087,-80.958
25870,37.63,-81.389
25871,37.77,-81.21
25873,37.75,-81.214
25875,37.679,-81.461
25876,37.631,-81.449
25878,37.715,-81.23
25879,37.984,-81.106
25880,37.879,-81.208
25882,37.632,-81.393
25901,37.951,-81.117
25902,37.57,-81.217
25904,37.928,-81.283
25906,37.837,-81.114
25907,37.856,-81.086
25908,37.675,-81.247
25911,37.758,-81.167
25913,37.714,-81.489
25915,37.59,-81.291
25916,37.676,-81.498
25917,37.991,-81.218
25918,37.753,-80.996
25920,37.689,-81.334
25921,37.672,-81.314
25922,37.466,-81.105
25928,37.558,-81.333
25932,37.752,-81.3
25936,37.923,-81.039
25938,38.153,-81.047
25942,38.018,-80.995
25951,37.662,-80.866
25958,38.023,-80.75
25962,37.986,-80.799
25969,37.618,-81.002
25971,37.477,-80.977
25972,38.036,-80.746
25976,37.849,-80.843
25977,37.798,-80.903
25978,37.621,-80.945
25979,37.511,-80.913
25981,38.097,-80.711
25984,38.029,-80.597
25985,37.783,-80.813
25989,37.681,-81.07
26003,40.07,-80.647
26030,40.22,-80.656
26031,40.009,-80.729
26032,40.192,-80.54
26033,39.83,-80.578
26034,40.598,-80.552
26035,40.345,-80.554
26036,39.978,-80.554
26037,40.336,-80.585
26038,39.965,-80.724
26039,39.799,-80.674
26040,39.989,-80.716
26041,39.887,-80.705
26047,40.52,-80.589
26050,40.608,-80.608
26055,39.754,-80.783
26056,40.531,-80.577
26059,40.057,-80.605
26060,40.11,-80.558
26062,40.427,-80.561
26070,40.26,-80.58
26074,40.16,-80.595
26075,40.193,-80.668
26101,39.24,-81.576
26104,39.276,-81.48
26105,39.33,-81.515
26133,39.123,-81.672
26134,39.369,-81.29
26136,38.959,-81.138
26137,38.996,-81.049
26138,39.023,-81.206
26141,38.934,-81.246
26142,39.206,-81.449
26143,39.056,-81.373
26146,39.457,-81.037
26147,38.905,-81.075
26148,39.058,-81.183
26149,39.483,-80.826
26150,39.157,-81.536
26151,38.879,-81.172
26152,39.01,-81.196
26155,39.63,-80.764
26159,39.599,-80.922
26160,38.981,-81.412
26161,39.181,-81.248
26164,39.011,-81.701
26167,39.539,-80.743
26169,39.072,-81.572
26170,39.358,-81.168
26175,39.537,-80.975
26178,39.058,-81.038
26180,39.195,-81.366
26181,39.209,-81.665
26184,39.295,-81.353
26187,39.373,-81.447
26201,39.002,-80.197
26202,38.21,-80.63
26203,38.548,-80.588
26205,38.327,-80.65
26206,38.437,-80.522
26208,38.323,-80.505
26209,38.429,-79.989
26215,38.707,-80.375
26217,38.611,-80.447
26218,38.845,-80.266
26222,38.66,-80.343
26224,38.74,-80.183
26228,38.754,-80.371
26230,38.672,-80.176
26234,38.774,-80.315
26236,38.745,-80.235
26237,38.845,-80.151
26238,39.109,-80.174
26241,38.933,-79.788
26250,39.033,-79.963
26253,38.781,-79.868
26254,38.881,-79.663
26257,38.919,-80.004
26259,38.803,-79.896
26260,39.082,-79.424
26261,38.203,-80.545
26263,38.949,-79.438
26264,38.576,-79.827
26266,38.412,-80.476
26267,38.948,-80.092
26268,38.749,-79.739
26269,39.106,-79.62
26270,38.863,-79.578
26271,39.035,-79.559
26273,38.625,-79.968
26275,38.976,-79.951
26276,39.026,-79.773
26278,38.825,-80.03
26280,38.73,-80.03
26282,38.522,-80.162
26283,39.063,-79.813
26285,38.913,-79.938
26287,39.182,-79.642
26288,38.513,-80.347
26291,38.395,-80.154
26292,39.142,-79.534
26293,38.782,-79.936
26294,38.531,-80.034
26296,38.764,-79.554
26298,38.471,-80.253
26301,39.301,-80.394
26320,39.404,-80.812
26321,39.046,-80.675
26323,39.263,-80.291
26325,39.099,-80.905
26327,39.123,-80.943
26330,39.285,-80.221
26335,38.844,-80.684
26337,39.23,-81.161
26338,39.077,-80.62
26339,39.422,-80.614
26342,39.034,-80.855
26343,38.822,-80.422
26346,39.29,-81.06
26347,39.257,-80.126
26348,39.462,-80.545
26349,39.236,-80.13
26351,38.926,-80.838
26354,39.348,-80.032
26361,39.367,-80.318
26362,39.152,-81.065
26366,39.381,-80.334
26369,39.334,-80.332
26372,38.959,-80.347
26374,39.452,-79.875
26376,38.784,-80.454
26377,39.496,-80.647
26378,39.121,-80.438
26384,38.982,-80.707
26385,39.16,-80.354
26386,39.396,-80.406
26404,39.336,-80.307
26405,39.225,-79.91
26408,39.197,-80.306
26410,39.405,-79.808
26411,39.183,-80.713
26412,38.869,-80.53
26415,39.288,-80.939
26416,39.157,-80.024
26419,39.488,-80.686
26421,39.182,-80.924
26422,39.294,-80.444
26424,39.267,-80.174
26425,39.276,-79.76
26426,39.287,-80.564
26430,38.871,-80.764
26431,39.399,-80.295
26435,39.267,-80.092
26436,39.297,-80.719
26437,39.526,-80.509
26438,39.347,-80.319
26440,39.322,-79.919
26443,39.076,-80.753
26444,39.364,-79.771
26447,38.912,-80.479
26448,39.395,-80.517
26451,39.208,-80.402
26452,39.037,-80.528
26456,39.263,-80.774
26501,39.634,-80.037
26505,39.65,-79.945
26508,39.603,-79.895
26519,39.569,-79.627
26520,39.497,-79.824
26521,39.713,-80.228
26525,39.654,-79.626
26534,39.648,-80.002
26537,39.488,-79.71
26541,39.695,-80.125
26542,39.575,-79.783
26543,39.665,-80.0
26547,39.512,-79.814
26554,39.465,-80.11
26559,39.501,-80.168
26560,39.542,-80.147
26562,39.647,-80.461
26563,39.482,-80.274
26568,39.425,-80.278
26570,39.634,-80.227
26571,39.527,-80.262
26572,39.487,-80.308
26574,39.588,-80.189
26575,39.678,-80.441
26576,39.493,-80.255
26581,39.671,-80.575
26582,39.529,-80.38
26585,39.618,-80.431
26586,39.522,-80.102
26587,39.518,-80.293
26588,39.579,-80.144
26590,39.669,-80.312
26591,39.452,-80.296
26601,38.617,-80.623
26610,38.458,-80.74
26611,38.846,-80.846
26615,38.787,-80.719
26617,38.501,-80.832
26619,38.752,-80.705
26621,38.713,-80.543
26623,38.656,-80.872
26624,38.719,-80.795
26627,38.752,-80.585
26629,38.564,-80.704
26631,38.813,-80.54
26636,38.744,-80.958
26638,38.768,-80.999
26651,38.334,-80.887
26656,38.276,-81.163
26660,38.354,-80.692
26662,38.272,-80.742
26676,38.16,-80.648
26678,38.179,-80.916
26679,38.174,-80.805
26680,38.093,-80.873
26681,38.233,-80.732
26684,38.165,-80.846
26690,38.175,-81.089
26691,38.395,-80.658
26704,39.292,-78.599
26705,39.325,-79.584
26707,39.211,-79.401
26710,39.302,-78.968
26711,39.283,-78.469
26714,39.188,-78.655
26716,39.253,-79.529
26717,39.334,-79.183
26719,39.483,-78.775
26720,39.28,-79.33
26722,39.503,-78.643
26726,39.403,-78.985
26731,39.169,-79.075
26739,39.248,-79.243
26743,39.294,-79.075
26750,39.477,-79.045
26753,39.563,-78.791
26755,39.166,-78.725
26757,39.318,-78.744
26761,39.271,-78.695
26763,39.473,-78.699
26764,39.452,-79.553
26767,39.616,-78.757
26801,39.048,-78.804
26802,38.627,-79.205
26804,38.603,-79.569
26807,38.674,-79.341
26808,39.208,-78.457
26810,38.997,-78.754
26812,38.886,-78.878
26814,38.781,-79.476
26815,38.494,-79.364
26817,39.374,-78.402
26818,39.088,-79.016
26823,39.133,-78.464
26833,39.089,-79.221
26836,38.998,-78.975
26845,39.165,-78.964
26847,38.949,-79.135
26851,39.047,-78.611
26852,39.247,-78.896
26855,38.948,-79.269
26865,39.206,-78.512
26866,38.801,-79.234
26884,38.905,-79.396
27006,35.939,-80.44
27007,36.39,-80.588
27009,36.231,-80.079
27011,36.217,-80.699
27012,36.002,-80.379
27013,35.75,-80.7
27014,35.81,-80.556
27016,36.447,-80.219
27017,36.382,-80.756
27018,36.197,-80.518
27019,36.287,-80.238
27020,36.103,-80.804
27021,36.319,-80.339
27022,36.512,-80.216
27023,36.09,-80.457
27024,36.519,-80.841
27025,36.379,-79.969
27027,36.442,-79.989
27028,35.923,-80.58
27030,36.49,-80.629
27040,36.169,-80.393
27041,36.425,-80.487
27042,36.353,-80.064
27043,36.337,-80.452
27045,36.234,-80.296
27046,36.502,-80.078
27047,36.314,-80.569
27048,36.483,-79.918
27050,36.226,-80.41
27051,36.196,-80.153
27052,36.321,-80.15
27053,36.474,-80.348
27054,35.793,-80.598
27055,36.114,-80.632
27101,36.111,-80.2
27103,36.058,-80.321
27104,36.094,-80.324
27105,36.163,-80.234
27106,36.144,-80.323
27107,36.013,-80.175
27109,36.134,-80.278
27110,36.089,-80.225
27127,36.021,-80.28
27201,36.034,-79.485
27203,35.728,-79.787
27205,35.638,-79.851
27207,35.608,-79.391
27208,35.563,-79.543
27209,35.343,-79.753
27212,36.481,-79.28
27214,36.206,-79.671
27215,36.027,-79.492
27217,36.191,-79.38
27229,35.266,-79.776
27231,36.208,-79.169
27233,35.893,-79.705
27235,36.089,-80.013
27239,35.601,-80.09
27242,35.33,-79.649
27243,36.067,-79.198
27244,36.215,-79.486
27248,35.783,-79.716
27249,36.154,-79.582
27252,35.567,-79.35
27253,35.966,-79.347
27258,36.011,-79.291
27260,35.954,-79.988
27262,35.963,-80.042
27263,35.912,-79.937
27265,36.012,-80.031
27278,36.09,-79.087
27281,35.187,-79.625
27282,35.989,-79.928
27283,35.951,-79.635
27284,36.116,-80.082
27288,36.498,-79.75
27291,36.418,-79.168
27292,35.738,-80.208
27295,35.872,-80.31
27298,35.885,-79.568
27299,35.752,-80.386
27301,36.114,-79.666
27302,36.142,-79.266
27305,36.527,-79.234
27306,35.225,-79.98
27310,36.174,-79.992
27311,36.48,-79.473
27312,35.756,-79.21
27313,35.931,-79.758
27314,36.31,-79.196
27315,36.51,-79.404
27316,35.697,-79.626
27317,35.841,-79.802
27320,36.342,-79.658
27325,35.463,-79.584
27326,36.464,-79.557
27330,35.514,-79.195
27332,35.385,-79.137
27340,35.946,-79.317
27341,35.524,-79.696
27343,36.504,-79.091
27344,35.722,-79.434
27349,35.901,-79.416
27350,35.808,-79.888
27355,35.795,-79.574
27356,35.437,-79.804
27357,36.267,-79.971
27358,36.228,-79.88
27360,35.861,-80.099
27370,35.809,-79.978
27371,35.407,-79.968
27376,35.239,-79.535
27377,36.043,-79.609
27379,36.374,-79.335
27401,36.069,-79.765
27403,36.066,-79.824
27405,36.115,-79.737
27406,36.001,-79.765
27407,36.009,-79.878
27408,36.104,-79.814
27409,36.104,-79.94
27410,36.118,-79.894
27455,36.188,-79.818
27501,35.485,-78.685
27502,35.715,-78.921
27503,36.153,-78.884
27504,35.4,-78.518
27505,35.423,-79.001
27507,36.514,-78.569
27508,35.957,-78.248
27509,36.119,-78.781
27510,35.916,-79.083
27511,35.763,-78.789
27513,35.802,-78.803
27514,35.967,-79.049
27516,35.906,-79.155
27517,35.85,-79.023
27518,35.731,-78.773
27519,35.809,-78.883
27520,35.62,-78.477
27521,35.412,-78.656
27522,36.106,-78.675
27523,35.774,-78.957
27524,35.395,-78.388
27525,36.136,-78.458
27526,35.544,-78.83
27527,35.654,-78.382
27529,35.656,-78.585
27530,35.381,-78.063
27531,35.343,-77.964
27534,35.373,-77.897
27536,36.327,-78.409
27537,36.372,-78.398
27539,35.677,-78.813
27540,35.615,-78.892
27541,36.265,-79.083
27542,35.618,-78.137
27544,36.2,-78.447
27545,35.784,-78.478
27546,35.385,-78.862
27549,36.102,-78.232
27551,36.433,-78.05
27553,36.486,-78.303
27555,35.563,-78.204
27556,36.408,-78.315
27557,35.779,-78.199
27559,35.628,-79.103
27560,35.858,-78.828
27562,35.64,-78.99
27563,36.416,-78.229
27565,36.362,-78.649
27568,35.51,-78.245
27569,35.429,-78.183
27571,35.919,-78.458
27572,36.255,-78.877
27573,36.397,-78.976
27574,36.478,-78.865
27576,35.578,-78.261
27577,35.49,-78.333
27581,36.2,-78.729
27582,36.467,-78.577
27583,36.293,-78.935
27587,35.987,-78.554
27589,36.323,-78.133
27591,35.784,-78.389
27592,35.557,-78.672
27596,36.0,-78.435
27597,35.841,-78.303
27601,35.774,-78.634
27603,35.664,-78.653
27604,35.823,-78.562
27605,35.791,-78.655
27606,35.742,-78.715
27607,35.813,-78.721
27608,35.809,-78.647
27609,35.844,-78.634
27610,35.744,-78.546
27612,35.856,-78.707
27613,35.926,-78.711
27614,35.946,-78.619
27615,35.898,-78.635
27616,35.867,-78.541
27617,35.908,-78.773
27701,35.999,-78.898
27703,35.959,-78.807
27704,36.042,-78.829
27705,36.022,-78.976
27707,35.955,-78.953
27709,35.924,-78.833
27712,36.095,-78.904
27713,35.895,-78.924
27801,35.913,-77.726
27803,35.903,-77.856
27804,35.989,-77.843
27805,36.208,-77.084
27806,35.305,-76.756
27807,35.805,-78.096
27808,35.467,-76.76
27809,36.017,-77.742
27810,35.532,-76.526
27812,35.816,-77.369
27813,35.635,-77.938
27814,35.399,-76.919
27816,36.109,-78.07
27817,35.448,-77.072
27818,36.5,-77.019
27819,35.816,-77.455
27820,36.422,-77.242
27821,35.322,-76.874
27822,35.807,-77.84
27823,36.21,-77.714
27824,35.513,-76.037
27825,35.833,-77.174
27826,35.595,-76.206
27827,35.697,-77.513
27828,35.585,-77.577
27829,35.684,-77.626
27830,35.564,-77.95
27831,36.463,-77.571
27832,36.52,-77.74
27834,35.657,-77.379
27837,35.514,-77.205
27839,36.285,-77.557
27840,35.983,-77.215
27841,35.909,-77.276
27842,36.527,-77.852
27843,35.996,-77.4
27844,36.249,-77.943
27845,36.371,-77.44
27846,35.759,-76.898
27847,36.183,-77.195
27849,36.077,-77.215
27850,36.412,-77.88
27851,35.64,-78.031
27852,35.75,-77.637
27853,36.509,-77.286
27855,36.416,-77.069
27856,36.014,-77.981
27857,35.973,-77.286
27858,35.532,-77.284
27860,35.65,-76.676
27861,35.815,-77.32
27862,36.49,-77.188
27863,35.488,-77.972
27864,35.807,-77.651
27865,35.656,-76.852
27866,36.52,-77.515
27869,36.267,-77.313
27870,36.419,-77.716
27871,35.802,-77.261
27872,36.193,-77.254
27873,35.654,-77.775
27874,36.13,-77.393
27875,35.456,-76.505
27876,36.472,-77.391
27878,35.867,-77.835
27879,35.574,-77.279
27880,35.731,-78.081
27881,35.978,-77.437
27882,35.942,-78.116
27883,35.601,-77.804
27884,35.704,-77.267
27885,35.386,-76.286
27886,35.905,-77.512
27888,35.589,-77.716
27889,35.582,-77.012
27890,36.414,-77.588
27891,36.098,-77.743
27892,35.812,-77.052
27893,35.689,-77.897
27896,35.791,-77.977
27897,36.325,-77.211
27909,36.289,-76.269
27910,36.29,-76.993
27915,35.337,-75.517
27916,36.322,-75.915
27917,36.355,-75.997
27919,36.308,-76.504
27920,35.26,-75.553
27921,36.352,-76.188
27922,36.317,-76.842
27923,36.396,-75.931
27924,36.168,-76.833
27925,35.856,-76.194
27926,36.505,-76.605
27927,36.341,-75.853
27928,35.825,-76.439
27929,36.433,-75.988
27932,36.101,-76.611
27935,36.431,-76.868
27936,35.239,-75.565
27937,36.504,-76.781
27938,36.384,-76.716
27939,36.238,-75.843
27941,36.103,-75.817
27942,36.297,-76.751
27943,35.224,-75.679
27944,36.173,-76.421
27946,36.363,-76.602
27947,36.217,-75.892
27948,36.019,-75.692
27949,36.109,-75.761
27950,36.51,-75.996
27953,35.78,-75.881
27954,35.91,-75.678
27956,36.402,-76.001
27957,36.066,-76.759
27958,36.484,-76.138
27959,35.887,-75.606
27960,35.073,-75.999
27962,35.79,-76.745
27964,36.083,-75.806
27965,36.292,-75.931
27966,36.15,-75.802
27967,36.229,-76.905
27968,35.732,-75.51
27970,35.839,-76.65
27972,35.552,-75.471
27973,36.371,-76.056
27974,36.243,-75.99
27976,36.488,-76.351
27978,35.727,-75.74
27979,36.437,-76.561
27980,36.245,-76.619
27981,35.853,-75.637
27982,35.565,-75.466
27983,35.97,-76.922
27985,36.212,-76.457
27986,36.389,-76.918
28001,35.339,-80.208
28006,35.41,-81.092
28007,35.105,-80.11
28009,35.408,-80.107
28012,35.212,-81.038
28016,35.315,-81.283
28017,35.247,-81.671
28018,35.486,-81.79
28019,35.277,-81.788
28020,35.525,-81.641
28021,35.401,-81.403
28023,35.568,-80.602
28025,35.383,-80.523
28027,35.407,-80.686
28031,35.472,-80.9
28032,35.233,-81.08
28033,35.419,-81.328
28034,35.354,-81.179
28036,35.481,-80.793
28037,35.496,-81.018
28039,35.679,-80.437
28040,35.389,-81.758
28043,35.306,-81.873
28052,35.215,-81.233
28054,35.263,-81.149
28056,35.217,-81.125
28071,35.518,-80.316
28072,35.614,-80.445
28073,35.199,-81.484
28075,35.303,-80.64
28076,35.259,-81.789
28077,35.405,-81.203
28078,35.405,-80.864
28079,35.115,-80.6
28080,35.457,-81.106
28081,35.503,-80.67
28083,35.49,-80.581
28086,35.244,-81.378
28088,35.544,-80.615
28089,35.318,-81.66
28090,35.455,-81.56
28091,34.987,-79.933
28092,35.486,-81.255
28097,35.297,-80.393
28098,35.271,-81.101
28101,35.258,-81.078
28102,34.818,-79.972
28103,34.999,-80.351
28104,35.061,-80.693
28105,35.116,-80.714
28107,35.253,-80.518
28108,34.935,-80.681
28109,35.497,-80.289
28110,35.066,-80.509
28112,34.89,-80.55
28114,35.23,-81.748
28115,35.586,-80.772
28117,35.566,-80.898
28119,34.851,-80.017
28120,35.329,-81.026
28124,35.4,-80.409
28125,35.659,-80.699
28127,35.474,-80.191
28128,35.211,-80.155
28129,35.232,-80.327
28133,34.845,-80.266
28134,35.087,-80.896
28135,35.03,-80.217
28137,35.563,-80.236
28138,35.514,-80.437
28139,35.348,-81.995
28144,35.707,-80.465
28146,35.619,-80.393
28147,35.681,-80.563
28150,35.343,-81.576
28152,35.243,-81.599
28159,35.695,-80.432
28160,35.361,-81.922
28163,35.207,-80.429
28164,35.389,-81.037
28166,35.68,-80.868
28167,35.507,-81.967
28168,35.552,-81.425
28169,35.358,-81.429
28170,34.999,-80.099
28173,34.916,-80.731
28174,34.969,-80.44
28202,35.227,-80.844
28203,35.208,-80.859
28204,35.215,-80.827
28205,35.219,-80.79
28206,35.256,-80.821
28207,35.194,-80.825
28208,35.23,-80.907
28209,35.179,-80.854
28210,35.131,-80.857
28211,35.166,-80.797
28212,35.188,-80.745
28213,35.286,-80.734
28214,35.275,-80.968
28215,35.245,-80.693
28216,35.312,-80.889
28217,35.169,-80.908
28226,35.103,-80.822
28227,35.19,-80.645
28244,35.225,-80.843
28262,35.322,-80.74
28269,35.337,-80.803
28270,35.112,-80.764
28273,35.127,-80.947
28277,35.053,-80.818
28278,35.133,-81.009
28280,35.226,-80.843
28282,35.225,-80.845
28301,35.075,-78.884
28303,35.086,-78.959
28304,35.026,-78.99
28305,35.053,-78.907
28306,34.958,-78.897
28307,35.139,-78.982
28308,35.172,-79.017
28310,35.163,-79.038
28311,35.168,-78.888
28312,34.948,-78.738
28314,35.053,-79.029
28315,35.117,-79.432
28318,35.02,-78.614
28320,34.558,-78.773
28323,35.315,-78.834
28325,35.154,-78.104
28326,35.269,-79.155
28327,35.355,-79.416
28328,35.004,-78.338
28330,34.91,-79.822
28332,34.659,-78.738
28333,35.286,-78.017
28334,35.272,-78.568
28337,34.657,-78.562
28338,35.108,-79.76
28339,35.311,-78.733
28340,34.471,-79.134
28341,35.12,-78.174
28342,35.191,-78.651
28343,34.757,-79.565
28344,35.16,-78.625
28345,34.87,-79.666
28347,35.062,-79.632
28348,34.915,-78.927
28349,34.981,-77.927
28350,35.243,-79.314
28351,34.848,-79.564
28352,34.768,-79.452
28356,35.237,-78.79
28357,34.902,-79.083
28358,34.608,-78.935
28360,34.67,-79.075
28363,34.961,-79.555
28364,34.708,-79.323
28365,35.173,-78.052
28366,35.23,-78.362
28367,35.173,-79.725
28369,34.423,-79.029
28371,34.903,-78.98
28372,34.697,-79.178
28373,35.093,-79.486
28374,35.197,-79.463
28375,34.476,-79.039
28376,34.992,-79.243
28377,34.827,-79.213
28379,34.93,-79.779
28382,34.971,-78.518
28383,34.577,-79.263
28384,34.797,-78.961
28385,35.05,-78.477
28386,34.854,-79.13
28387,35.179,-79.376
28390,35.219,-78.956
28391,35.022,-78.699
28392,34.735,-78.801
28393,34.981,-78.189
28394,35.217,-79.242
28395,35.139,-78.741
28396,34.914,-79.397
28398,34.99,-78.064
28399,34.785,-78.709
28401,34.272,-77.962
28403,34.222,-77.881
28405,34.263,-77.866
28409,34.155,-77.862
28411,34.302,-77.793
28412,34.144,-77.928
28420,34.074,-78.484
28421,34.505,-78.167
28422,34.026,-78.189
28423,34.309,-78.393
28424,34.29,-78.7
28425,34.562,-77.896
28428,34.047,-77.91
28429,34.341,-77.9
28430,34.303,-78.945
28431,34.314,-78.84
28432,34.168,-78.759
28433,34.489,-78.617
28434,34.468,-78.465
28435,34.406,-78.109
28436,34.275,-78.267
28438,34.409,-78.919
28439,34.287,-79.001
28441,34.811,-78.427
28442,34.283,-78.613
28443,34.445,-77.676
28444,34.688,-78.32
28445,34.484,-77.556
28447,34.622,-78.277
28448,34.52,-78.363
28449,33.979,-77.934
28450,34.324,-78.515
28451,34.23,-78.089
28452,33.992,-78.55
28453,34.886,-78.076
28454,34.678,-77.651
28455,34.112,-78.632
28456,34.375,-78.287
28457,34.45,-77.887
28458,34.815,-78.091
28460,34.541,-77.418
28461,33.967,-78.059
28462,34.026,-78.29
28463,34.11,-78.776
28464,34.782,-78.021
28465,33.912,-78.103
28466,34.741,-77.876
28467,33.918,-78.592
28468,33.9,-78.519
28469,33.926,-78.467
28470,33.964,-78.404
28472,34.299,-78.691
28478,34.643,-78.042
28479,34.101,-78.017
28480,34.226,-77.797
28501,35.242,-77.514
28504,35.225,-77.635
28508,35.1,-77.825
28510,34.988,-76.804
28511,34.901,-76.346
28512,34.712,-76.793
28513,35.442,-77.389
28515,35.184,-76.699
28516,34.905,-76.553
28518,34.895,-77.747
28519,35.12,-77.027
28520,34.994,-76.323
28521,34.818,-77.737
28523,35.211,-77.285
28524,34.791,-76.469
28525,35.132,-77.687
28526,35.261,-77.372
28527,35.259,-77.03
28528,34.732,-76.539
28529,35.071,-76.855
28530,35.375,-77.415
28531,34.698,-76.556
28532,34.896,-76.891
28533,34.903,-76.901
28537,35.238,-76.526
28538,35.417,-77.565
28539,34.694,-77.203
28540,34.755,-77.504
28543,34.736,-77.376
28544,34.718,-77.309
28546,34.799,-77.356
28547,34.669,-77.367
28551,35.321,-77.781
28552,35.304,-76.556
28553,34.73,-76.512
28554,35.478,-77.586
28555,34.863,-77.222
28556,35.114,-76.626
28557,34.739,-76.749
28560,35.127,-76.978
28562,35.082,-77.127
28570,34.781,-76.857
28571,35.071,-76.689
28572,35.028,-77.736
28573,34.985,-77.149
28574,34.879,-77.59
28575,34.708,-76.884
28577,34.865,-76.373
28578,35.197,-77.857
28579,34.759,-76.51
28580,35.453,-77.68
28581,34.844,-76.436
28582,34.748,-77.15
28583,35.139,-76.742
28584,34.737,-77.078
28585,35.077,-77.412
28586,35.314,-77.167
28587,35.193,-76.662
28589,34.813,-76.505
28590,35.521,-77.417
28594,34.69,-76.97
28601,35.772,-81.327
28602,35.67,-81.389
28604,36.18,-81.859
28605,36.13,-81.695
28606,36.053,-81.322
28607,36.218,-81.652
28609,35.672,-81.056
28610,35.73,-81.135
28611,36.011,-81.735
28612,35.65,-81.538
28613,35.738,-81.208
28615,36.459,-81.661
28616,36.023,-81.92
28617,36.481,-81.362
28618,36.208,-81.517
28619,35.759,-81.602
28621,36.276,-80.915
28622,36.193,-81.947
28623,36.535,-80.971
28624,36.128,-81.412
28625,35.87,-80.89
28626,36.293,-81.518
28627,36.456,-81.004
28628,35.726,-81.785
28629,36.34,-81.364
28630,35.832,-81.42
28631,36.547,-81.41
28634,35.973,-80.757
28635,36.305,-81.126
28636,35.939,-81.063
28637,35.718,-81.419
28638,35.845,-81.478
28640,36.405,-81.399
28642,36.218,-80.82
28643,36.529,-81.541
28644,36.426,-81.278
28645,35.979,-81.548
28646,36.073,-81.847
28647,35.938,-81.973
28649,36.336,-81.212
28650,35.571,-81.158
28651,36.306,-81.309
28652,36.1,-81.987
28654,36.059,-81.159
28655,35.763,-81.75
28657,36.022,-81.942
28658,35.638,-81.236
28659,36.216,-81.148
28660,35.969,-80.856
28662,36.022,-81.899
28663,36.532,-81.309
28665,36.21,-81.375
28666,35.725,-81.471
28667,35.771,-81.426
28668,36.407,-80.99
28669,36.223,-80.99
28670,36.194,-80.912
28671,35.753,-81.528
28672,36.483,-81.327
28673,35.618,-80.999
28675,36.503,-81.135
28676,36.332,-80.855
28677,35.738,-80.926
28678,35.822,-81.061
28679,36.261,-81.828
28681,35.923,-81.223
28682,35.588,-80.965
28683,36.39,-80.911
28684,36.335,-81.608
28685,36.361,-81.06
28689,36.037,-80.941
28690,35.733,-81.574
28692,36.268,-81.808
28693,36.472,-81.559
28694,36.366,-81.468
28697,36.134,-81.166
28698,36.341,-81.736
28701,35.705,-82.636
28702,35.406,-83.605
28704,35.458,-82.58
28705,36.033,-82.156
28707,35.397,-83.066
28708,35.271,-82.863
28709,35.772,-82.382
28711,35.605,-82.292
28712,35.173,-82.771
28713,35.373,-83.496
28714,35.889,-82.304
28715,35.512,-82.712
28716,35.439,-82.848
28717,35.049,-83.093
28718,35.159,-82.635
28719,35.518,-83.334
28720,35.451,-82.254
28721,35.663,-82.958
28722,35.208,-82.061
28723,35.314,-83.026
28725,35.367,-83.255
28726,35.281,-82.417
28729,35.321,-82.6
28730,35.517,-82.378
28731,35.288,-82.395
28732,35.452,-82.446
28733,35.429,-83.816
28734,35.189,-83.412
28735,35.476,-82.35
28736,35.176,-83.086
28739,35.256,-82.544
28740,36.091,-82.273
28741,35.056,-83.211
28742,35.383,-82.651
28743,35.8,-82.881
28745,35.525,-82.972
28746,35.477,-82.162
28747,35.155,-82.923
28748,35.65,-82.758
28749,35.841,-82.099
28751,35.505,-83.121
28752,35.71,-82.036
28753,35.864,-82.713
28754,35.876,-82.516
28756,35.352,-82.186
28757,35.65,-82.309
28759,35.381,-82.589
28761,35.685,-81.911
28762,35.627,-82.232
28763,35.029,-83.467
28766,35.251,-82.62
28768,35.324,-82.707
28771,35.347,-83.843
28772,35.117,-82.827
28773,35.265,-82.31
28774,35.093,-82.995
28775,35.021,-83.322
28777,35.904,-82.069
28778,35.629,-82.405
28779,35.357,-83.216
28781,35.224,-83.635
28782,35.234,-82.147
28783,35.262,-83.01
28785,35.653,-83.14
28786,35.462,-82.989
28787,35.741,-82.516
28789,35.407,-83.317
28790,35.2,-82.525
28791,35.356,-82.508
28792,35.383,-82.37
28801,35.594,-82.558
28803,35.532,-82.523
28804,35.648,-82.564
28805,35.634,-82.483
28806,35.572,-82.615
28901,35.198,-83.81
28902,35.022,-83.959
28904,35.069,-83.734
28905,35.164,-83.94
28906,35.1,-84.139
28909,35.002,-83.905
29001,33.787,-80.174
29003,33.241,-81.024
29006,33.869,-81.551
29009,34.455,-80.376
29010,34.223,-80.273
29014,34.523,-81.115
29015,34.437,-81.33
29016,34.203,-80.997
29018,33.349,-80.639
29020,34.314,-80.574
29030,33.576,-80.648
29031,34.548,-81.493
29032,34.345,-80.445
29033,33.956,-81.057
29036,34.134,-81.34
29037,34.19,-81.868
29038,33.373,-80.982
29039,33.422,-80.915
29040,34.069,-80.44
29042,33.298,-81.159
29044,33.926,-80.695
29045,34.185,-80.806
29046,34.102,-80.154
29047,33.533,-80.586
29048,33.391,-80.295
29051,33.862,-80.128
29052,33.798,-80.741
29053,33.828,-81.091
29054,33.942,-81.383
29055,34.574,-80.915
29056,33.609,-80.006
29058,34.554,-80.75
29059,33.33,-80.419
29061,33.897,-80.851
29062,34.004,-80.606
29063,34.142,-81.206
29065,34.285,-81.297
29067,34.544,-80.537
29069,34.18,-80.095
29070,33.917,-81.449
29072,34.002,-81.272
29073,33.889,-81.239
29074,34.441,-80.818
29075,34.218,-81.299
29078,34.182,-80.709
29079,34.287,-80.114
29080,34.012,-80.086
29081,33.089,-81.047
29082,33.038,-80.939
29101,34.46,-80.247
29102,33.642,-80.188
29104,34.001,-80.213
29105,33.806,-81.594
29107,33.53,-81.124
29108,34.306,-81.627
29111,33.789,-80.006
29112,33.625,-81.082
29113,33.432,-81.135
29114,33.954,-79.932
29115,33.477,-80.849
29117,33.498,-80.849
29118,33.569,-80.889
29122,34.239,-81.328
29123,33.765,-81.271
29125,33.703,-80.462
29126,34.329,-81.419
29127,34.153,-81.512
29128,34.095,-80.526
29129,33.789,-81.673
29130,34.332,-80.88
29133,33.359,-80.803
29135,33.701,-80.757
29137,33.596,-81.321
29138,34.042,-81.776
29142,33.463,-80.525
29145,34.229,-81.766
29146,33.508,-81.295
29147,34.092,-80.966
29148,33.534,-80.337
29150,33.875,-80.354
29152,33.972,-80.466
29153,33.959,-80.308
29154,33.879,-80.44
29160,33.747,-81.036
29161,34.104,-79.943
29162,33.886,-80.014
29163,33.43,-80.44
29164,33.662,-81.416
29166,33.902,-81.706
29168,33.848,-80.541
29169,33.998,-81.097
29170,33.938,-81.147
29172,33.912,-81.077
29175,34.444,-80.598
29178,34.493,-81.607
29180,34.366,-81.094
29201,33.982,-81.028
29202,33.994,-81.031
29203,34.102,-81.042
29204,34.029,-81.003
29205,33.99,-80.997
29206,34.026,-80.959
29207,34.042,-80.846
29208,33.998,-81.028
29209,33.927,-80.95
29210,34.046,-81.107
29212,34.076,-81.199
29223,34.093,-80.919
29225,33.996,-81.025
29229,34.14,-80.888
29301,34.934,-82.011
29302,34.884,-81.844
29303,34.996,-81.96
29306,34.893,-81.922
29307,34.983,-81.832
29316,35.043,-81.975
29320,34.958,-81.994
29321,34.715,-81.741
29322,35.121,-82.132
29323,35.126,-81.907
29324,34.984,-81.827
29325,34.465,-81.85
29329,34.995,-81.836
29330,35.053,-81.804
29331,34.652,-81.844
29332,34.279,-81.97
29333,34.971,-81.91
29334,34.906,-82.124
29335,34.647,-81.904
29338,35.136,-82.002
29340,34.972,-81.586
29341,35.112,-81.713
29346,34.945,-81.836
29349,35.067,-82.068
29351,34.421,-81.808
29353,34.831,-81.649
29355,34.29,-81.826
29356,35.142,-82.281
29360,34.499,-82.051
29364,34.762,-81.471
29365,34.981,-82.172
29368,35.082,-81.863
29369,34.866,-82.019
29370,34.374,-81.963
29372,34.902,-81.711
29373,34.924,-81.748
29374,34.785,-81.853
29375,34.861,-82.114
29376,34.811,-81.944
29377,34.931,-82.095
29378,34.967,-81.969
29379,34.682,-81.609
29384,34.34,-82.09
29385,34.973,-82.101
29388,34.764,-82.045
29401,32.777,-79.932
29403,32.806,-79.943
29404,32.899,-80.05
29405,32.856,-79.982
29406,32.937,-80.035
29407,32.799,-79.998
29409,32.796,-79.96
29410,32.933,-80.003
29412,32.711,-79.953
29414,32.84,-80.089
29418,32.91,-80.094
29420,32.932,-80.101
29423,32.979,-80.071
29424,32.784,-79.937
29426,32.797,-80.371
29429,32.974,-79.65
29431,33.279,-79.882
29432,33.232,-80.809
29434,33.141,-79.844
29435,32.973,-80.466
29436,33.315,-80.187
29437,33.14,-80.432
29438,32.565,-80.322
29439,32.648,-79.96
29440,33.381,-79.33
29445,32.998,-79.967
29446,32.631,-80.552
29448,33.256,-80.453
29449,32.7,-80.287
29450,33.066,-79.784
29451,32.823,-79.755
29452,32.678,-80.461
29453,33.226,-79.643
29455,32.625,-80.041
29456,32.986,-80.115
29458,33.093,-79.461
29461,33.16,-80.008
29464,32.817,-79.858
29466,32.878,-79.792
29468,33.426,-80.057
29469,33.258,-80.056
29470,32.827,-80.254
29471,33.193,-80.67
29472,33.046,-80.327
29474,32.884,-80.524
29475,32.957,-80.806
29477,33.163,-80.565
29479,33.381,-79.891
29481,33.109,-80.8
29482,32.765,-79.855
29483,33.058,-80.183
29485,32.948,-80.19
29487,32.658,-80.184
29488,32.907,-80.673
29492,32.904,-79.911
29493,33.034,-80.843
29501,34.206,-79.826
29505,34.13,-79.689
29506,34.221,-79.65
29510,33.454,-79.613
29511,33.976,-79.123
29512,34.619,-79.718
29516,34.437,-79.635
29518,33.789,-79.848
29519,34.019,-79.36
29520,34.679,-79.927
29525,34.552,-79.541
29526,33.847,-78.947
29527,33.785,-79.14
29530,33.996,-79.74
29532,34.28,-79.869
29536,34.42,-79.373
29540,34.377,-79.846
29541,34.065,-79.741
29543,34.288,-79.266
29544,33.926,-79.256
29545,34.164,-78.966
29546,33.884,-79.349
29547,34.496,-79.335
29550,34.4,-80.083
29554,33.704,-79.382
29555,33.846,-79.484
29556,33.668,-79.763
29560,33.828,-79.742
29563,34.353,-79.209
29564,33.449,-79.848
29565,34.358,-79.499
29566,33.873,-78.667
29567,34.561,-79.433
29568,33.914,-78.75
29569,34.033,-78.912
29570,34.668,-79.563
29571,34.135,-79.425
29572,33.773,-78.786
29574,34.165,-79.261
29575,33.629,-78.97
29576,33.562,-79.061
29577,33.698,-78.903
29579,33.753,-78.916
29580,33.653,-79.552
29581,34.196,-79.113
29582,33.839,-78.661
29583,33.978,-79.571
29584,34.583,-80.066
29585,33.52,-79.136
29588,33.671,-79.024
29590,33.569,-79.849
29591,33.938,-79.762
29592,34.265,-79.484
29593,34.493,-79.857
29594,34.64,-79.577
29596,34.744,-79.831
29601,34.847,-82.402
29605,34.774,-82.377
29607,34.813,-82.332
29609,34.913,-82.388
29611,34.831,-82.458
29613,34.924,-82.44
29614,34.874,-82.363
29615,34.857,-82.296
29617,34.911,-82.468
29620,34.182,-82.426
29621,34.507,-82.605
29624,34.436,-82.624
29625,34.555,-82.766
29626,34.461,-82.757
29627,34.519,-82.476
29628,34.089,-82.559
29630,34.739,-82.799
29631,34.682,-82.818
29634,34.675,-82.836
29635,35.078,-82.627
29638,34.364,-82.338
29639,34.304,-82.429
29640,34.878,-82.575
29642,34.777,-82.564
29643,34.516,-82.996
29644,34.668,-82.19
29645,34.588,-82.127
29646,34.136,-82.148
29649,34.239,-82.145
29650,34.898,-82.258
29651,35.024,-82.28
29653,34.306,-82.232
29654,34.461,-82.362
29655,34.264,-82.64
29657,34.767,-82.687
29658,34.761,-83.285
29659,34.21,-82.647
29661,35.148,-82.53
29662,34.778,-82.302
29664,34.861,-83.158
29665,34.725,-82.915
29666,34.113,-81.98
29667,34.765,-82.757
29669,34.639,-82.413
29670,34.644,-82.723
29671,34.935,-82.729
29672,34.751,-82.934
29673,34.716,-82.456
29676,34.95,-82.983
29678,34.634,-82.937
29680,34.685,-82.289
29681,34.768,-82.225
29682,34.836,-82.853
29683,35.03,-82.494
29684,34.379,-82.719
29685,34.991,-82.842
29686,34.958,-83.053
29687,34.987,-82.327
29689,34.534,-82.868
29690,35.06,-82.417
29691,34.783,-83.084
29692,34.413,-82.219
29693,34.644,-83.152
29696,34.781,-83.008
29697,34.626,-82.549
29702,35.116,-81.473
29704,34.832,-80.91
29706,34.716,-81.235
29707,34.974,-80.862
29708,35.049,-80.987
29709,34.72,-80.098
29710,35.106,-81.221
29712,34.798,-80.976
29714,34.712,-80.915
29715,35.01,-80.929
29717,34.951,-81.449
29718,34.624,-80.331
29720,34.741,-80.733
29724,34.774,-81.011
29726,34.861,-81.236
29727,34.719,-80.265
29728,34.765,-80.401
29729,34.689,-81.007
29730,34.89,-81.018
29732,34.971,-81.081
29733,34.94,-81.032
29741,34.725,-80.196
29742,34.87,-81.392
29743,35.012,-81.39
29745,34.991,-81.214
29801,33.589,-81.697
29803,33.49,-81.763
29805,33.648,-81.604
29809,33.419,-81.692
29810,32.986,-81.378
29812,33.232,-81.428
29816,33.501,-81.872
29817,33.371,-81.273
29819,34.044,-82.227
29821,33.643,-82.107
29824,33.82,-81.993
29826,33.385,-81.36
29827,32.963,-81.254
29828,33.523,-81.828
29829,33.575,-81.858
29831,33.297,-81.8
29832,33.839,-81.804
29834,33.513,-81.857
29835,33.919,-82.289
29836,33.127,-81.557
29838,33.747,-82.151
29840,34.007,-82.521
29841,33.526,-81.939
29842,33.457,-81.861
29843,33.182,-81.18
29844,33.77,-82.242
29845,33.818,-82.201
29847,33.704,-81.847
29848,33.97,-82.076
29849,33.104,-81.238
29850,33.61,-81.817
29851,33.507,-81.812
29853,33.403,-81.423
29856,33.485,-81.512
29860,33.615,-81.984
29899,33.928,-82.251
29902,32.335,-80.684
29904,32.457,-80.718
29905,32.352,-80.682
29906,32.445,-80.753
29907,32.475,-80.599
29909,32.337,-80.848
29910,32.215,-80.892
29911,32.941,-81.142
29912,32.585,-80.928
29915,32.122,-80.856
29916,32.718,-80.967
29918,32.744,-81.247
29920,32.364,-80.554
29921,32.683,-81.173
29922,32.626,-81.277
29923,32.86,-81.246
29924,32.877,-81.111
29926,32.238,-80.74
29927,32.227,-81.058
29928,32.163,-80.756
29929,32.928,-80.939
29932,32.818,-81.349
29934,32.592,-81.107
29935,32.383,-80.694
29936,32.482,-80.972
29939,32.673,-81.244
29940,32.546,-80.714
29941,32.55,-80.807
29943,32.479,-81.192
29944,32.796,-81.035
29945,32.673,-80.766
30002,33.773,-84.262
30004,34.146,-84.292
30005,34.089,-84.217
30008,33.898,-84.59
30009,34.079,-84.305
30011,34.02,-83.837
30012,33.718,-84.003
30013,33.645,-83.972
30014,33.58,-83.823
30016,33.517,-83.929
30017,33.891,-83.962
30019,33.976,-83.884
30021,33.807,-84.238
30022,34.03,-84.24
30024,34.063,-84.091
30025,33.656,-83.697
30028,34.293,-84.176
30030,33.772,-84.29
30032,33.741,-84.264
30033,33.812,-84.283
30034,33.691,-84.249
30035,33.724,-84.204
30038,33.666,-84.14
30039,33.8,-84.036
30040,34.21,-84.188
30041,34.205,-84.1
30043,33.999,-84.01
30044,33.922,-84.066
30045,33.937,-83.928
30046,33.949,-83.996
30047,33.872,-84.113
30052,33.815,-83.894
30054,33.673,-83.872
30055,33.497,-83.75
30056,33.5,-83.66
30058,33.74,-84.109
30060,33.926,-84.542
30062,34.006,-84.469
30064,33.94,-84.61
30066,34.032,-84.505
30067,33.934,-84.462
30068,33.968,-84.432
30070,33.574,-83.895
30071,33.941,-84.207
30072,33.792,-84.206
30075,34.055,-84.39
30076,34.028,-84.311
30078,33.861,-84.018
30079,33.792,-84.257
30080,33.87,-84.498
30082,33.855,-84.536
30083,33.797,-84.198
30084,33.854,-84.216
30087,33.806,-84.127
30088,33.756,-84.182
30092,33.972,-84.232
30093,33.909,-84.177
30094,33.613,-84.052
30096,33.974,-84.145
30097,34.026,-84.146
30101,34.035,-84.707
30102,34.11,-84.631
30103,34.366,-84.918
30104,34.087,-85.056
30105,34.433,-85.172
30106,33.839,-84.628
30107,34.336,-84.346
30108,33.532,-85.263
30110,33.744,-85.136
30113,33.851,-85.205
30114,34.248,-84.524
30115,34.204,-84.4
30116,33.541,-85.003
30117,33.582,-85.132
30118,33.572,-85.104
30120,34.168,-84.852
30121,34.209,-84.778
30122,33.767,-84.641
30124,34.134,-85.346
30125,34.0,-85.277
30126,33.815,-84.554
30127,33.875,-84.695
30132,33.989,-84.859
30134,33.778,-84.781
30135,33.671,-84.734
30137,34.126,-84.761
30139,34.432,-84.705
30141,33.86,-84.77
30143,34.46,-84.432
30144,34.037,-84.591
30145,34.246,-84.986
30147,34.151,-85.208
30148,34.459,-84.259
30149,34.31,-85.226
30152,33.989,-84.646
30153,33.96,-85.054
30157,33.885,-84.872
30161,34.242,-85.171
30164,33.396,-83.834
30165,34.303,-85.269
30168,33.784,-84.588
30170,33.429,-85.169
30171,34.343,-84.726
30173,34.133,-85.154
30175,34.535,-84.527
30176,33.767,-85.301
30177,34.411,-84.378
30178,34.095,-84.971
30179,33.779,-85.014
30180,33.717,-84.918
30182,33.656,-85.249
30183,34.339,-84.602
30184,34.252,-84.741
30185,33.52,-84.918
30187,33.663,-84.847
30188,34.124,-84.458
30189,34.124,-84.571
30204,33.056,-84.121
30205,33.267,-84.475
30206,33.096,-84.458
30213,33.589,-84.637
30214,33.49,-84.486
30215,33.392,-84.456
30216,33.229,-83.885
30217,33.282,-85.134
30218,33.129,-84.587
30220,33.225,-84.824
30222,33.044,-84.743
30223,33.289,-84.28
30224,33.204,-84.24
30228,33.404,-84.307
30230,33.164,-84.921
30233,33.292,-83.97
30234,33.324,-84.031
30236,33.524,-84.325
30238,33.493,-84.379
30240,33.037,-85.12
30241,33.022,-84.95
30248,33.352,-84.106
30250,33.437,-84.314
30251,33.198,-84.698
30252,33.474,-84.057
30253,33.449,-84.184
30256,33.007,-84.31
30257,33.143,-84.186
30258,32.972,-84.449
30259,33.266,-84.737
30260,33.585,-84.327
30263,33.388,-84.859
30265,33.419,-84.713
30268,33.546,-84.723
30269,33.392,-84.571
30273,33.584,-84.271
30274,33.555,-84.4
30275,33.437,-84.874
30276,33.264,-84.571
30277,33.375,-84.649
30281,33.568,-84.193
30284,33.343,-84.289
30285,32.988,-84.258
30286,32.879,-84.331
30288,33.653,-84.327
30289,33.323,-84.634
30290,33.476,-84.59
30291,33.576,-84.544
30292,33.168,-84.393
30293,32.977,-84.612
30294,33.64,-84.267
30295,33.09,-84.31
30296,33.563,-84.441
30297,33.616,-84.373
30303,33.753,-84.39
30305,33.836,-84.389
30306,33.789,-84.351
30307,33.771,-84.334
30308,33.771,-84.378
30309,33.8,-84.386
30310,33.727,-84.426
30311,33.723,-84.476
30312,33.745,-84.375
30313,33.765,-84.397
30314,33.758,-84.432
30315,33.703,-84.383
30316,33.712,-84.332
30317,33.748,-84.316
30318,33.792,-84.448
30319,33.876,-84.335
30322,33.794,-84.326
30324,33.818,-84.358
30326,33.85,-84.364
30327,33.87,-84.417
30328,33.933,-84.386
30329,33.827,-84.323
30331,33.707,-84.544
30332,33.778,-84.405
30334,33.749,-84.387
30336,33.738,-84.568
30337,33.64,-84.45
30338,33.946,-84.318
30339,33.876,-84.462
30340,33.898,-84.253
30341,33.889,-84.29
30342,33.882,-84.375
30344,33.676,-84.461
30345,33.852,-84.284
30346,33.924,-84.339
30349,33.622,-84.524
30350,33.98,-84.33
30354,33.661,-84.387
30360,33.934,-84.273
30363,33.791,-84.399
30401,32.6,-82.353
30410,32.189,-82.513
30411,32.128,-82.794
30412,32.079,-82.491
30413,32.889,-82.511
30415,32.324,-81.603
30417,32.17,-81.921
30420,32.288,-82.153
30421,32.18,-82.108
30423,32.149,-81.831
30425,32.682,-82.095
30426,33.035,-81.629
30427,31.923,-81.962
30428,32.225,-82.715
30429,32.165,-81.936
30434,33.026,-82.384
30436,32.155,-82.293
30438,32.166,-82.021
30439,32.407,-82.079
30441,32.797,-82.225
30442,32.8,-81.984
30445,32.164,-82.589
30446,32.563,-81.463
30448,32.488,-82.363
30449,32.515,-81.561
30450,32.562,-81.923
30451,32.391,-81.952
30452,32.325,-81.889
30453,32.011,-82.122
30454,32.436,-82.73
30455,32.691,-81.802
30456,32.981,-81.796
30457,32.4,-82.568
30458,32.4,-81.828
30460,32.419,-81.782
30461,32.512,-81.719
30464,32.437,-82.225
30467,32.754,-81.604
30470,32.314,-82.561
30471,32.543,-82.181
30473,32.017,-82.469
30474,32.239,-82.418
30475,32.225,-82.369
30477,32.862,-82.402
30501,34.319,-83.814
30504,34.272,-83.891
30506,34.347,-83.896
30507,34.248,-83.774
30510,34.445,-83.571
30511,34.45,-83.487
30512,34.86,-83.961
30513,34.821,-84.322
30516,34.381,-83.031
30517,34.13,-83.797
30518,34.131,-84.027
30519,34.087,-83.945
30520,34.34,-83.083
30521,34.362,-83.292
30522,34.796,-84.34
30523,34.717,-83.553
30525,34.907,-83.369
30527,34.481,-83.782
30528,34.622,-83.795
30529,34.217,-83.483
30530,34.223,-83.394
30531,34.513,-83.592
30533,34.564,-84.02
30534,34.431,-84.144
30535,34.574,-83.575
30536,34.652,-84.359
30537,34.976,-83.32
30538,34.501,-83.264
30540,34.728,-84.544
30541,34.913,-84.539
30542,34.178,-83.909
30543,34.29,-83.65
30545,34.763,-83.762
30546,34.899,-83.697
30547,34.362,-83.456
30548,34.09,-83.767
30549,34.108,-83.577
30552,34.771,-83.444
30553,34.444,-83.084
30554,34.398,-83.662
30555,34.971,-84.436
30557,34.48,-83.185
30558,34.264,-83.567
30559,34.958,-84.274
30560,34.877,-84.205
30562,34.921,-83.381
30563,34.568,-83.455
30564,34.471,-83.887
30565,34.086,-83.411
30566,34.236,-83.895
30567,34.181,-83.677
30568,34.959,-83.433
30571,34.708,-83.694
30572,34.736,-84.072
30573,34.75,-83.417
30575,34.208,-83.713
30576,34.835,-83.452
30577,34.552,-83.326
30581,34.795,-83.424
30582,34.959,-83.9
30601,33.999,-83.347
30602,33.945,-83.373
30605,33.906,-83.324
30606,33.938,-83.425
30607,34.017,-83.448
30609,33.949,-83.382
30619,33.856,-83.245
30620,33.929,-83.758
30621,33.791,-83.492
30622,33.924,-83.518
30623,33.727,-83.542
30624,34.186,-83.044
30625,33.52,-83.334
30627,33.972,-82.964
30628,34.029,-83.213
30629,34.077,-83.11
30630,33.913,-83.147
30631,33.559,-82.875
30633,34.181,-83.249
30634,34.196,-82.945
30635,34.106,-82.793
30641,33.778,-83.574
30642,33.554,-83.194
30643,34.363,-82.909
30646,34.085,-83.299
30648,33.88,-83.052
30650,33.584,-83.474
30655,33.782,-83.696
30656,33.862,-83.716
30660,33.789,-82.952
30662,34.267,-83.154
30663,33.616,-83.601
30664,33.556,-82.798
30665,33.543,-83.063
30666,33.962,-83.585
30667,33.776,-83.145
30668,33.896,-82.697
30669,33.672,-83.121
30673,33.711,-82.714
30677,33.783,-83.373
30678,33.453,-83.065
30680,33.996,-83.7
30683,33.947,-83.256
30701,34.492,-84.958
30705,34.744,-84.731
30707,34.772,-85.359
30708,34.962,-84.665
30710,34.953,-84.911
30711,34.921,-84.712
30720,34.734,-85.001
30721,34.789,-84.916
30725,34.925,-85.353
30726,34.976,-85.14
30728,34.685,-85.226
30730,34.348,-85.417
30731,34.588,-85.477
30733,34.415,-85.051
30734,34.533,-84.715
30735,34.603,-84.883
30736,34.903,-85.134
30738,34.797,-85.481
30739,34.806,-85.216
30740,34.757,-85.072
30741,34.953,-85.281
30742,34.951,-85.243
30746,34.577,-85.027
30747,34.503,-85.303
30750,34.941,-85.388
30751,34.985,-84.733
30752,34.915,-85.538
30753,34.582,-85.286
30755,34.868,-85.043
30756,34.898,-84.977
30757,34.936,-85.442
30802,33.601,-82.3
30803,33.133,-82.549
30805,33.28,-82.192
30807,33.457,-82.649
30808,33.384,-82.392
30809,33.556,-82.17
30810,33.236,-82.59
30812,33.367,-82.029
30813,33.472,-82.22
30814,33.44,-82.3
30815,33.287,-82.089
30816,33.156,-82.166
30817,33.778,-82.43
30818,33.276,-82.339
30820,33.218,-82.71
30821,33.492,-82.738
30822,32.926,-81.853
30823,33.226,-82.453
30824,33.513,-82.515
30828,33.368,-82.656
30830,33.08,-81.975
30833,33.191,-82.353
30901,33.437,-81.956
30903,33.49,-82.163
30904,33.478,-82.014
30905,33.415,-82.143
30906,33.347,-81.968
30907,33.524,-82.086
30909,33.47,-82.083
30912,33.471,-81.988
31001,31.976,-83.34
31002,32.554,-82.595
31003,32.606,-83.213
31005,32.544,-83.597
31006,32.581,-84.251
31007,32.189,-83.927
31008,32.665,-83.786
31009,32.282,-83.02
31011,32.13,-83.075
31012,32.394,-83.174
31014,32.416,-83.349
31015,31.935,-83.775
31016,32.842,-84.116
31017,32.621,-83.232
31018,32.977,-82.628
31019,32.424,-83.051
31020,32.691,-83.499
31021,32.493,-82.943
31022,32.512,-83.117
31023,32.183,-83.199
31024,33.321,-83.375
31025,32.336,-83.741
31027,32.581,-82.804
31028,32.631,-83.696
31029,33.04,-83.935
31030,32.571,-83.89
31031,32.866,-83.328
31032,33.012,-83.569
31033,33.079,-83.434
31035,32.846,-82.696
31036,32.282,-83.523
31037,32.081,-82.969
31038,33.134,-83.647
31039,32.594,-84.387
31041,32.334,-84.204
31042,32.761,-83.177
31044,32.655,-83.385
31045,33.281,-82.785
31046,33.054,-83.796
31047,32.467,-83.595
31049,32.686,-82.525
31050,32.74,-83.956
31051,32.156,-83.887
31052,32.789,-83.84
31054,32.89,-83.214
31055,32.005,-82.901
31057,32.435,-83.937
31058,32.489,-84.41
31060,31.976,-83.064
31061,33.077,-83.246
31062,33.047,-83.216
31063,32.289,-83.963
31064,33.286,-83.702
31065,32.55,-83.163
31066,32.811,-84.015
31067,32.86,-82.937
31068,32.329,-84.117
31069,32.44,-83.749
31070,32.187,-83.79
31071,32.129,-83.541
31072,31.974,-83.567
31075,32.352,-82.956
31076,32.539,-84.11
31077,31.921,-83.198
31078,32.695,-84.076
31079,31.943,-83.459
31081,32.419,-84.283
31082,32.996,-82.903
31083,32.04,-82.814
31084,31.962,-83.608
31085,33.427,-83.628
31087,33.251,-83.001
31088,32.579,-83.65
31089,32.851,-82.86
31090,32.83,-83.068
31091,32.238,-83.705
31092,32.091,-83.786
31093,32.648,-83.657
31094,33.114,-82.796
31096,32.723,-82.707
31097,32.89,-84.167
31098,32.614,-83.569
31201,32.806,-83.618
31204,32.849,-83.675
31206,32.801,-83.694
31207,32.828,-83.649
31210,32.908,-83.735
31211,32.901,-83.576
31213,32.84,-83.639
31216,32.73,-83.685
31217,32.844,-83.5
31220,32.872,-83.81
31301,31.751,-81.602
31302,32.122,-81.342
31303,32.505,-81.313
31304,31.511,-81.355
31305,31.397,-81.394
31307,32.173,-81.399
31308,32.18,-81.471
31309,31.88,-81.438
31312,32.307,-81.404
31313,31.845,-81.613
31314,31.87,-81.631
31315,31.893,-81.589
31316,31.724,-81.714
31318,32.142,-81.372
31320,31.766,-81.368
31321,32.185,-81.66
31322,32.11,-81.255
31323,31.687,-81.428
31324,31.851,-81.262
31326,32.295,-81.23
31327,31.468,-81.249
31328,32.011,-80.866
31329,32.426,-81.351
31331,31.512,-81.443
31401,32.075,-81.088
31404,32.052,-81.049
31405,32.039,-81.179
31406,31.981,-81.085
31407,32.186,-81.192
31408,32.118,-81.184
31409,32.016,-81.145
31410,32.029,-80.993
31411,31.943,-81.035
31415,32.079,-81.126
31419,31.997,-81.231
31501,31.224,-82.35
31503,31.204,-82.42
31510,31.545,-82.441
31512,31.546,-83.018
31513,31.777,-82.348
31516,31.309,-82.253
31518,31.513,-82.185
31519,31.685,-82.879
31520,31.181,-81.494
31522,31.257,-81.342
31523,31.213,-81.617
31524,31.241,-81.473
31525,31.321,-81.526
31527,31.067,-81.433
31532,31.722,-82.759
31533,31.56,-82.828
31535,31.459,-82.867
31537,30.885,-82.005
31539,31.832,-82.605
31542,31.143,-82.119
31543,31.334,-81.829
31544,31.84,-82.964
31545,31.664,-81.934
31546,31.51,-81.777
31547,30.791,-81.56
31548,30.796,-81.698
31549,31.928,-82.715
31550,31.147,-82.596
31551,31.496,-82.273
31552,31.29,-82.599
31553,31.182,-81.972
31554,31.486,-82.621
31555,31.706,-82.081
31556,31.414,-82.112
31557,31.375,-82.099
31558,30.899,-81.428
31560,31.499,-82.021
31561,31.209,-81.31
31562,30.422,-82.17
31563,31.751,-82.181
31565,31.067,-81.633
31566,31.183,-81.806
31567,31.631,-82.706
31568,31.013,-81.819
31569,30.896,-81.697
31601,30.759,-83.319
31602,30.869,-83.343
31605,30.93,-83.223
31606,30.806,-83.19
31620,31.117,-83.434
31622,31.379,-83.192
31623,31.074,-82.644
31624,31.296,-82.73
31625,30.993,-83.534
31626,30.778,-83.796
31627,31.043,-83.393
31629,30.817,-83.689
31630,30.951,-82.877
31631,30.644,-82.741
31632,30.987,-83.36
31634,31.042,-82.767
31635,31.097,-83.049
31636,30.731,-83.111
31637,31.296,-83.44
31638,30.906,-83.512
31639,31.217,-83.191
31641,30.92,-83.092
31642,31.263,-82.883
31643,30.773,-83.557
31645,31.061,-83.219
31647,31.209,-83.427
31648,30.707,-83.019
31649,30.964,-82.995
31650,31.396,-83.025
31698,30.849,-83.29
31699,30.975,-83.205
31701,31.553,-84.159
31705,31.517,-84.043
31707,31.587,-84.206
31709,32.065,-84.123
31711,32.191,-84.13
31712,31.835,-83.707
31714,31.72,-83.694
31716,31.359,-84.128
31719,32.09,-84.311
31720,30.878,-83.725
31721,31.525,-84.301
31722,31.067,-83.623
31730,31.195,-84.311
31733,31.593,-83.49
31735,31.97,-83.973
31738,31.013,-83.872
31743,31.908,-83.991
31744,31.341,-83.902
31747,31.177,-83.587
31749,31.414,-83.327
31750,31.736,-83.215
31756,31.183,-83.966
31757,30.871,-83.903
31763,31.75,-84.139
31764,31.976,-84.089
31765,31.088,-84.027
31768,31.189,-83.841
31771,31.248,-83.654
31772,31.724,-83.961
31773,30.973,-84.048
31774,31.565,-83.264
31775,31.331,-83.599
31778,30.975,-83.7
31779,31.108,-84.211
31780,32.032,-84.389
31781,31.561,-83.796
31783,31.759,-83.47
31784,31.247,-84.037
31787,31.899,-84.243
31788,31.111,-83.677
31789,31.48,-83.74
31790,31.652,-83.578
31791,31.529,-83.895
31792,30.771,-84.044
31793,31.463,-83.594
31794,31.446,-83.453
31795,31.474,-83.687
31796,31.77,-83.856
31798,31.613,-83.066
31801,32.519,-84.595
31803,32.285,-84.494
31804,32.662,-84.913
31805,32.263,-84.74
31806,32.263,-84.323
31807,32.638,-84.801
31808,32.631,-85.013
31810,32.568,-84.525
31811,32.741,-84.928
31812,32.64,-84.403
31814,32.216,-84.846
31815,32.03,-84.845
31816,32.881,-84.608
31820,32.579,-84.825
31821,32.116,-84.963
31822,32.865,-84.91
31823,32.811,-84.823
31824,32.051,-84.519
31825,32.116,-84.671
31826,32.793,-84.703
31827,32.687,-84.522
31829,32.563,-84.732
31830,32.901,-84.729
31831,32.686,-84.707
31832,31.958,-84.615
31833,32.843,-85.092
31836,32.796,-84.535
31901,32.465,-84.98
31903,32.414,-84.954
31904,32.555,-85.01
31905,32.379,-84.907
31906,32.468,-84.95
31907,32.482,-84.901
31909,32.549,-84.924
32003,30.096,-81.71
32008,29.926,-82.914
32009,30.423,-81.974
32011,30.571,-81.84
32024,30.092,-82.731
32025,30.107,-82.579
32026,30.054,-82.182
32033,29.788,-81.434
32034,30.61,-81.492
32038,29.935,-82.692
32040,30.244,-82.239
32043,29.937,-81.733
32044,29.859,-82.169
32046,30.701,-81.917
32052,30.486,-82.936
32053,30.576,-83.126
32054,30.034,-82.394
32055,30.27,-82.624
32058,30.108,-82.107
32059,30.385,-83.256
32060,30.274,-83.036
32061,30.098,-82.51
32062,30.137,-82.978
32063,30.248,-82.113
32064,30.296,-82.984
32065,30.152,-81.797
32066,30.04,-83.206
32068,30.083,-81.891
32071,30.058,-82.956
32072,30.188,-82.424
32073,30.17,-81.739
32079,29.978,-81.807
32080,29.819,-81.273
32081,30.131,-81.408
32082,30.125,-81.37
32083,30.115,-82.233
32084,29.918,-81.368
32086,29.767,-81.306
32087,30.377,-82.28
32091,29.93,-82.128
32092,29.939,-81.508
32094,30.188,-82.821
32095,30.023,-81.407
32096,30.534,-82.627
32097,30.661,-81.619
32102,29.137,-81.546
32110,29.429,-81.339
32112,29.432,-81.566
32113,29.41,-82.089
32114,29.192,-81.047
32117,29.236,-81.064
32118,29.21,-81.002
32119,29.161,-81.026
32124,29.171,-81.141
32127,29.106,-80.974
32128,29.101,-81.072
32129,29.137,-81.024
32130,29.148,-81.341
32131,29.684,-81.562
32132,28.98,-80.921
32133,29.02,-81.909
32134,29.385,-81.838
32136,29.464,-81.147
32137,29.582,-81.218
32139,29.372,-81.587
32140,29.762,-81.867
32141,28.929,-80.919
32145,29.678,-81.421
32147,29.591,-81.777
32148,29.617,-81.884
32157,29.467,-81.578
32159,28.933,-81.898
32162,28.914,-81.99
32164,29.518,-81.231
32168,28.964,-81.029
32169,28.965,-80.866
32174,29.285,-81.161
32176,29.332,-81.063
32177,29.691,-81.708
32179,29.088,-81.895
32180,29.236,-81.397
32181,29.508,-81.602
32187,29.579,-81.55
32189,29.55,-81.648
32190,29.343,-81.489
32193,29.505,-81.645
32195,28.988,-81.886
32202,30.325,-81.647
32204,30.317,-81.681
32205,30.299,-81.721
32206,30.35,-81.639
32207,30.29,-81.641
32208,30.393,-81.683
32209,30.361,-81.696
32210,30.267,-81.746
32211,30.332,-81.583
32212,30.217,-81.667
32216,30.277,-81.583
32217,30.229,-81.621
32218,30.488,-81.667
32219,30.427,-81.819
32220,30.368,-81.871
32221,30.256,-81.854
32222,30.217,-81.828
32223,30.157,-81.649
32224,30.27,-81.469
32225,30.358,-81.506
32226,30.481,-81.506
32227,30.389,-81.404
32228,30.392,-81.4
32233,30.359,-81.419
32234,30.225,-81.985
32244,30.218,-81.753
32246,30.294,-81.517
32250,30.281,-81.412
32254,30.341,-81.735
32256,30.175,-81.473
32257,30.189,-81.612
32258,30.141,-81.552
32259,30.075,-81.587
32266,30.317,-81.409
32277,30.377,-81.594
32301,30.428,-84.258
32303,30.516,-84.342
32304,30.452,-84.353
32305,30.332,-84.301
32308,30.477,-84.227
32309,30.567,-84.098
32310,30.385,-84.512
32311,30.39,-84.181
32312,30.605,-84.23
32317,30.47,-84.117
32320,29.732,-85.112
32321,30.265,-84.98
32322,29.953,-84.579
32323,29.892,-84.614
32324,30.655,-84.783
32327,30.182,-84.305
32328,29.752,-84.909
32330,30.58,-84.751
32331,30.445,-83.638
32332,30.62,-84.677
32333,30.608,-84.418
32334,30.266,-84.742
32336,30.261,-83.848
32340,30.46,-83.434
32343,30.478,-84.505
32344,30.526,-83.962
32346,29.991,-84.385
32347,30.174,-83.612
32348,29.977,-83.596
32350,30.575,-83.326
32351,30.52,-84.675
32352,30.662,-84.592
32355,30.172,-84.209
32356,29.859,-83.415
32358,30.106,-84.558
32359,29.68,-83.387
32361,30.358,-83.989
32399,30.437,-84.283
32401,30.16,-85.661
32403,30.049,-85.553
32404,30.189,-85.507
32405,30.202,-85.667
32407,30.198,-85.791
32408,30.142,-85.733
32409,30.357,-85.654
32410,29.995,-85.414
32413,30.31,-85.905
32420,30.632,-85.385
32421,30.525,-85.173
32423,30.944,-85.049
32424,30.362,-85.083
32425,30.853,-85.72
32426,30.947,-85.37
32427,30.71,-85.792
32428,30.616,-85.573
32430,30.418,-85.234
32431,30.787,-85.411
32432,30.715,-85.078
32433,30.851,-86.201
32435,30.649,-86.13
32437,30.436,-85.909
32438,30.501,-85.424
32439,30.468,-86.112
32440,30.922,-85.526
32442,30.679,-85.017
32443,30.873,-85.109
32444,30.24,-85.652
32445,30.971,-85.197
32446,30.848,-85.231
32447,30.76,-85.252
32448,30.671,-85.223
32449,30.287,-85.24
32455,30.639,-85.963
32456,29.839,-85.298
32459,30.361,-86.186
32460,30.764,-84.954
32461,30.29,-86.028
32462,30.554,-85.833
32463,30.631,-85.59
32464,30.903,-85.953
32465,30.008,-85.182
32466,30.394,-85.512
32501,30.429,-87.223
32502,30.409,-87.224
32503,30.46,-87.214
32504,30.472,-87.187
32505,30.455,-87.261
32506,30.392,-87.369
32507,30.34,-87.374
32508,30.351,-87.317
32509,30.469,-87.343
32511,30.406,-87.292
32514,30.531,-87.222
32526,30.499,-87.366
32530,30.598,-87.03
32531,30.884,-86.683
32533,30.611,-87.327
32534,30.529,-87.282
32535,30.964,-87.346
32536,30.764,-86.592
32539,30.78,-86.479
32541,30.393,-86.47
32542,30.465,-86.525
32544,30.427,-86.696
32547,30.475,-86.668
32548,30.403,-86.65
32550,30.385,-86.345
32561,30.347,-87.113
32563,30.397,-87.028
32564,30.729,-86.782
32565,30.893,-87.132
32566,30.436,-86.88
32567,30.924,-86.449
32568,30.873,-87.45
32569,30.41,-86.731
32570,30.805,-86.967
32571,30.675,-87.208
32577,30.727,-87.365
32578,30.507,-86.448
32579,30.451,-86.573
32580,30.49,-86.515
32583,30.593,-86.971
32601,29.649,-82.325
32603,29.657,-82.347
32605,29.679,-82.373
32606,29.682,-82.444
32607,29.647,-82.419
32608,29.597,-82.408
32609,29.772,-82.283
32612,29.643,-82.354
32615,29.819,-82.486
32616,29.788,-82.495
32617,29.308,-82.074
32618,29.546,-82.517
32619,29.762,-82.86
32621,29.425,-82.61
32622,29.908,-82.319
32625,29.201,-83.004
32626,29.424,-82.899
32628,29.625,-83.207
32631,29.704,-82.093
32639,29.227,-82.713
32640,29.581,-82.084
32641,29.643,-82.232
32643,29.827,-82.634
32648,29.504,-83.27
32653,29.745,-82.394
32656,29.814,-81.959
32658,29.85,-82.391
32664,29.446,-82.217
32666,29.724,-81.997
32667,29.514,-82.305
32668,29.257,-82.475
32669,29.632,-82.59
32680,29.543,-83.132
32681,29.423,-82.206
32683,29.295,-82.786
32686,29.356,-82.275
32692,29.333,-83.123
32693,29.626,-82.785
32694,29.808,-82.144
32696,29.398,-82.462
32697,29.93,-82.431
32701,28.666,-81.37
32702,29.044,-81.627
32703,28.671,-81.553
32707,28.664,-81.315
32708,28.687,-81.273
32709,28.478,-80.977
32712,28.749,-81.48
32713,28.884,-81.325
32714,28.663,-81.412
32720,29.003,-81.369
32724,29.057,-81.226
32725,28.886,-81.251
32726,28.855,-81.679
32730,28.654,-81.344
32732,28.751,-81.102
32735,28.89,-81.739
32736,28.917,-81.489
32738,28.905,-81.185
32744,28.988,-81.219
32746,28.771,-81.355
32750,28.709,-81.351
32751,28.63,-81.365
32754,28.687,-80.919
32757,28.773,-81.638
32759,28.826,-80.903
32763,28.941,-81.297
32764,28.853,-81.102
32765,28.664,-81.196
32766,28.648,-81.045
32767,29.027,-81.534
32771,28.814,-81.325
32773,28.755,-81.247
32776,28.82,-81.509
32778,28.773,-81.73
32779,28.727,-81.415
32780,28.533,-80.792
32784,28.974,-81.717
32789,28.599,-81.352
32792,28.61,-81.298
32796,28.625,-80.846
32798,28.724,-81.588
32801,28.542,-81.374
32803,28.556,-81.346
32804,28.578,-81.396
32805,28.529,-81.404
32806,28.512,-81.36
32807,28.554,-81.299
32808,28.58,-81.444
32809,28.462,-81.386
32810,28.625,-81.428
32811,28.522,-81.447
32812,28.484,-81.323
32814,28.573,-81.322
32817,28.591,-81.244
32818,28.587,-81.487
32819,28.453,-81.472
32820,28.577,-81.14
32821,28.382,-81.48
32822,28.49,-81.29
32824,28.384,-81.333
32825,28.518,-81.229
32826,28.58,-81.189
32827,28.416,-81.299
32828,28.529,-81.167
32829,28.485,-81.246
32830,28.383,-81.574
32831,28.475,-81.131
32832,28.403,-81.192
32833,28.494,-81.083
32835,28.519,-81.486
32836,28.408,-81.52
32837,28.379,-81.429
32839,28.488,-81.407
32901,28.079,-80.624
32903,28.105,-80.593
32904,28.066,-80.678
32905,28.031,-80.6
32907,28.021,-80.681
32908,27.956,-80.699
32909,27.919,-80.644
32920,28.396,-80.615
32922,28.373,-80.743
32925,28.246,-80.629
32926,28.389,-80.818
32927,28.458,-80.812
32931,28.323,-80.623
32934,28.135,-80.713
32935,28.146,-80.65
32937,28.179,-80.602
32940,28.199,-80.782
32948,27.889,-80.734
32949,27.91,-80.56
32950,27.981,-80.57
32951,27.947,-80.505
32952,28.311,-80.661
32953,28.442,-80.703
32955,28.297,-80.725
32958,27.794,-80.491
32960,27.642,-80.403
32962,27.588,-80.383
32963,27.718,-80.393
32966,27.684,-80.708
32967,27.715,-80.454
32968,27.584,-80.472
32970,27.75,-80.45
32976,27.846,-80.554
33001,24.817,-80.806
33004,26.058,-80.138
33009,25.985,-80.147
33010,25.833,-80.279
33012,25.866,-80.301
33013,25.862,-80.27
33014,25.903,-80.303
33015,25.941,-80.318
33016,25.896,-80.333
33018,25.918,-80.384
33019,26.027,-80.12
33020,26.019,-80.153
33021,26.023,-80.187
33023,25.989,-80.217
33024,26.027,-80.245
33025,25.988,-80.281
33026,26.026,-80.296
33027,25.988,-80.34
33028,26.021,-80.34
33029,25.975,-80.42
33030,25.485,-80.511
33031,25.525,-80.501
33032,25.532,-80.391
33033,25.481,-80.415
33034,25.274,-80.633
33035,25.409,-80.384
33036,24.894,-80.711
33037,25.228,-80.395
33039,25.502,-80.398
33040,24.561,-81.889
33042,24.682,-81.511
33043,24.726,-81.33
33050,24.747,-81.01
33051,24.723,-81.022
33054,25.909,-80.265
33055,25.948,-80.279
33056,25.949,-80.244
33060,26.235,-80.121
33062,26.241,-80.091
33063,26.252,-80.209
33064,26.279,-80.115
33065,26.274,-80.26
33066,26.253,-80.17
33067,26.306,-80.223
33068,26.216,-80.218
33069,26.236,-80.157
33070,25.017,-80.518
33071,26.245,-80.265
33073,26.298,-80.181
33076,26.315,-80.278
33101,25.779,-80.199
33109,25.757,-80.14
33122,25.795,-80.288
33125,25.784,-80.236
33126,25.779,-80.299
33127,25.813,-80.206
33128,25.776,-80.204
33129,25.75,-80.19
33130,25.769,-80.203
33131,25.766,-80.183
33132,25.778,-80.176
33133,25.729,-80.24
33134,25.753,-80.27
33135,25.767,-80.235
33136,25.787,-80.205
33137,25.816,-80.172
33138,25.854,-80.178
33139,25.78,-80.153
33140,25.82,-80.134
33141,25.852,-80.139
33142,25.812,-80.239
33143,25.703,-80.297
33144,25.763,-80.313
33145,25.753,-80.234
33146,25.721,-80.273
33147,25.851,-80.238
33149,25.72,-80.169
33150,25.852,-80.207
33154,25.883,-80.132
33155,25.737,-80.311
33156,25.668,-80.297
33157,25.606,-80.343
33158,25.639,-80.311
33160,25.934,-80.136
33161,25.894,-80.182
33162,25.928,-80.177
33165,25.734,-80.358
33166,25.828,-80.316
33167,25.885,-80.239
33168,25.893,-80.209
33169,25.943,-80.215
33170,25.558,-80.458
33172,25.787,-80.361
33173,25.702,-80.358
33174,25.762,-80.365
33175,25.735,-80.407
33176,25.66,-80.358
33177,25.596,-80.404
33178,25.835,-80.423
33179,25.958,-80.18
33180,25.96,-80.143
33181,25.898,-80.152
33182,25.781,-80.458
33183,25.703,-80.405
33184,25.76,-80.406
33185,25.726,-80.451
33186,25.654,-80.412
33187,25.596,-80.507
33189,25.572,-80.335
33190,25.56,-80.35
33193,25.701,-80.465
33194,25.714,-80.584
33196,25.652,-80.491
33301,26.121,-80.128
33304,26.14,-80.121
33305,26.153,-80.119
33306,26.165,-80.114
33308,26.189,-80.105
33309,26.186,-80.173
33311,26.144,-80.173
33312,26.088,-80.182
33313,26.152,-80.227
33314,26.068,-80.223
33315,26.087,-80.153
33316,26.099,-80.122
33317,26.113,-80.228
33319,26.181,-80.226
33321,26.214,-80.27
33322,26.151,-80.27
33323,26.152,-80.321
33324,26.112,-80.275
33325,26.112,-80.318
33326,26.114,-80.371
33327,26.111,-80.42
33328,26.068,-80.275
33330,26.061,-80.319
33331,26.06,-80.369
33332,26.007,-80.46
33334,26.183,-80.134
33351,26.18,-80.275
33401,26.716,-80.07
33403,26.804,-80.076
33404,26.781,-80.064
33405,26.67,-80.058
33406,26.664,-80.092
33407,26.758,-80.091
33408,26.84,-80.052
33409,26.715,-80.096
33410,26.846,-80.087
33411,26.72,-80.193
33412,26.795,-80.207
33413,26.664,-80.152
33414,26.649,-80.246
33415,26.66,-80.127
33417,26.719,-80.125
33418,26.873,-80.166
33426,26.534,-80.083
33428,26.353,-80.208
33430,26.642,-80.554
33431,26.375,-80.106
33432,26.344,-80.083
33433,26.347,-80.159
33434,26.383,-80.167
33435,26.526,-80.061
33436,26.523,-80.107
33437,26.512,-80.149
33438,26.932,-80.601
33440,26.565,-81.038
33441,26.311,-80.098
33442,26.309,-80.15
33444,26.459,-80.08
33445,26.455,-80.106
33446,26.45,-80.186
33449,26.59,-80.233
33455,27.053,-80.161
33458,26.937,-80.132
33460,26.62,-80.057
33461,26.62,-80.091
33462,26.58,-80.072
33463,26.593,-80.128
33467,26.596,-80.176
33469,26.989,-80.109
33470,26.729,-80.32
33471,26.885,-81.198
33472,26.538,-80.186
33473,26.504,-80.192
33476,26.802,-80.625
33477,26.92,-80.077
33478,26.935,-80.246
33480,26.686,-80.043
33483,26.463,-80.062
33484,26.454,-80.134
33486,26.348,-80.113
33487,26.415,-80.089
33493,26.539,-80.729
33496,26.407,-80.161
33498,26.386,-80.22
33503,27.764,-82.276
33510,27.956,-82.297
33511,27.91,-82.296
33513,28.714,-82.195
33514,28.686,-81.995
33521,28.798,-82.069
33523,28.419,-82.221
33525,28.342,-82.198
33527,27.974,-82.213
33534,27.828,-82.379
33538,28.85,-82.185
33540,28.257,-82.133
33541,28.237,-82.228
33542,28.236,-82.178
33543,28.213,-82.296
33544,28.254,-82.366
33545,28.273,-82.297
33547,27.79,-82.136
33548,28.146,-82.482
33549,28.138,-82.446
33556,28.135,-82.591
33558,28.165,-82.511
33559,28.161,-82.415
33563,28.017,-82.125
33565,28.086,-82.148
33566,27.978,-82.096
33567,27.921,-82.117
33569,27.846,-82.289
33570,27.69,-82.46
33572,27.761,-82.409
33573,27.723,-82.357
33576,28.336,-82.338
33578,27.862,-82.35
33579,27.796,-82.294
33584,28.005,-82.294
33585,28.731,-82.086
33592,28.102,-82.283
33594,27.941,-82.242
33596,27.887,-82.226
33597,28.546,-82.081
33598,27.693,-82.285
33602,27.954,-82.457
33603,27.986,-82.464
33604,28.017,-82.455
33605,27.951,-82.43
33606,27.917,-82.452
33607,27.962,-82.492
33609,27.944,-82.518
33610,27.998,-82.378
33611,27.891,-82.506
33612,28.051,-82.45
33613,28.084,-82.451
33614,28.005,-82.506
33615,28.005,-82.58
33616,27.865,-82.535
33617,28.036,-82.392
33618,28.075,-82.498
33619,27.935,-82.379
33620,28.061,-82.413
33621,27.842,-82.493
33624,28.08,-82.528
33625,28.067,-82.561
33626,28.067,-82.62
33629,27.922,-82.509
33634,28.01,-82.548
33635,28.028,-82.62
33637,28.04,-82.368
33647,28.127,-82.354
33701,27.771,-82.633
33702,27.847,-82.629
33703,27.817,-82.62
33704,27.796,-82.629
33705,27.734,-82.643
33706,27.74,-82.751
33707,27.754,-82.722
33708,27.818,-82.801
33709,27.817,-82.732
33710,27.791,-82.731
33711,27.739,-82.688
33712,27.734,-82.668
33713,27.788,-82.677
33714,27.815,-82.678
33715,27.663,-82.722
33716,27.875,-82.649
33744,27.807,-82.773
33755,27.98,-82.781
33756,27.946,-82.794
33759,27.975,-82.701
33760,27.908,-82.714
33761,28.033,-82.724
33762,27.899,-82.68
33763,28.003,-82.743
33764,27.934,-82.74
33765,27.975,-82.745
33767,27.975,-82.827
33770,27.915,-82.804
33771,27.907,-82.759
33772,27.844,-82.797
33773,27.882,-82.756
33774,27.884,-82.828
33776,27.85,-82.826
33777,27.854,-82.759
33778,27.889,-82.799
33781,27.838,-82.715
33782,27.86,-82.708
33785,27.892,-82.85
33786,27.927,-82.833
33801,28.036,-81.9
33803,28.009,-81.933
33805,28.101,-81.908
33809,28.221,-81.974
33810,28.132,-82.03
33811,27.984,-82.015
33812,27.971,-81.894
33813,27.965,-81.94
33815,28.041,-81.998
33823,28.086,-81.814
33825,27.62,-81.459
33827,27.816,-81.509
33830,27.873,-81.813
33834,27.62,-82.002
33837,28.195,-81.588
33838,28.019,-81.614
33839,27.977,-81.75
33841,27.741,-81.755
33843,27.721,-81.533
33844,28.089,-81.59
33847,27.803,-81.822
33848,28.283,-81.505
33849,28.226,-82.069
33850,28.122,-81.733
33851,28.045,-81.624
33852,27.239,-81.374
33853,27.901,-81.584
33854,27.856,-81.41
33855,27.795,-81.353
33856,27.856,-81.428
33857,27.336,-81.189
33859,27.873,-81.626
33860,27.763,-82.025
33865,27.434,-81.963
33867,27.778,-81.196
33868,28.241,-81.827
33870,27.507,-81.408
33872,27.505,-81.546
33873,27.571,-81.781
33875,27.392,-81.51
33876,27.413,-81.36
33877,27.986,-81.612
33880,27.979,-81.78
33881,28.056,-81.712
33884,27.978,-81.672
33890,27.433,-81.7
33896,28.257,-81.583
33897,28.285,-81.688
33898,27.841,-81.373
33901,26.621,-81.878
33903,26.68,-81.907
33904,26.576,-81.944
33905,26.668,-81.761
33907,26.564,-81.87
33908,26.516,-81.979
33909,26.693,-81.945
33912,26.534,-81.826
33913,26.514,-81.697
33914,26.554,-82.021
33916,26.637,-81.838
33917,26.739,-81.845
33919,26.557,-81.901
33920,26.742,-81.636
33921,26.772,-82.253
33922,26.638,-82.163
33924,26.618,-82.209
33928,26.399,-81.705
33930,26.567,-81.407
33931,26.433,-81.903
33935,26.76,-81.433
33936,26.623,-81.601
33944,26.994,-81.291
33945,26.602,-82.221
33946,26.848,-82.281
33947,26.888,-82.266
33948,26.986,-82.152
33950,26.903,-82.046
33952,26.986,-82.097
33953,27.0,-82.212
33954,27.025,-82.122
33955,26.816,-81.994
33956,26.546,-82.144
33957,26.464,-82.093
33960,27.044,-81.403
33965,26.463,-81.773
33966,26.592,-81.831
33967,26.472,-81.812
33971,26.64,-81.7
33972,26.649,-81.616
33973,26.608,-81.725
33974,26.563,-81.602
33976,26.591,-81.686
33980,26.984,-82.044
33981,26.918,-82.22
33982,26.911,-81.767
33983,27.009,-82.018
33990,26.628,-81.945
33991,26.625,-82.026
33993,26.693,-82.034
34101,26.032,-81.762
34102,26.137,-81.799
34103,26.194,-81.806
34104,26.15,-81.742
34105,26.19,-81.765
34108,26.246,-81.808
34109,26.241,-81.764
34110,26.3,-81.788
34112,26.12,-81.742
34113,26.044,-81.732
34114,25.944,-81.538
34116,26.189,-81.711
34117,26.181,-81.605
34119,26.268,-81.714
34120,26.326,-81.57
34134,26.353,-81.824
34135,26.356,-81.754
34137,25.943,-81.383
34138,25.817,-81.369
34139,25.831,-81.403
34140,25.925,-81.663
34141,25.947,-81.096
34142,26.343,-81.313
34145,25.904,-81.676
34201,27.402,-82.469
34202,27.406,-82.389
34203,27.44,-82.509
34205,27.484,-82.582
34207,27.439,-82.58
34208,27.487,-82.516
34209,27.5,-82.651
34210,27.44,-82.621
34211,27.454,-82.377
34212,27.498,-82.408
34215,27.471,-82.686
34216,27.537,-82.733
34217,27.491,-82.705
34219,27.576,-82.299
34221,27.581,-82.555
34222,27.539,-82.507
34223,26.983,-82.354
34224,26.918,-82.304
34228,27.402,-82.639
34229,27.192,-82.485
34231,27.266,-82.517
34232,27.325,-82.472
34233,27.28,-82.477
34234,27.368,-82.543
34235,27.37,-82.476
34236,27.316,-82.554
34237,27.339,-82.513
34238,27.236,-82.471
34239,27.311,-82.521
34240,27.364,-82.319
34241,27.251,-82.378
34242,27.26,-82.541
34243,27.401,-82.528
34251,27.378,-82.172
34266,27.192,-81.82
34268,27.149,-81.895
34269,27.068,-82.013
34275,27.152,-82.422
34285,27.095,-82.441
34286,27.081,-82.181
34287,27.053,-82.244
34288,27.052,-82.115
34289,27.08,-82.133
34291,27.094,-82.24
34292,27.102,-82.342
34293,27.025,-82.347
34420,29.053,-82.036
34428,28.957,-82.648
34429,28.851,-82.667
34431,29.142,-82.53
34432,29.088,-82.382
34433,29.002,-82.525
34434,28.996,-82.44
34436,28.721,-82.298
34442,28.937,-82.387
34445,28.968,-82.421
34446,28.747,-82.522
34448,28.767,-82.625
34449,29.075,-82.679
34450,28.83,-82.266
34452,28.816,-82.344
34453,28.874,-82.335
34461,28.866,-82.495
34465,28.929,-82.489
34470,29.199,-82.087
34471,29.161,-82.131
34472,29.109,-81.997
34473,29.006,-82.184
34474,29.156,-82.209
34475,29.259,-82.167
34476,29.082,-82.197
34479,29.256,-82.109
34480,29.102,-82.097
34481,29.126,-82.31
34482,29.244,-82.275
34484,28.945,-82.098
34488,29.228,-81.939
34491,28.996,-82.055
34498,29.032,-82.736
34601,28.589,-82.351
34602,28.502,-82.282
34604,28.477,-82.435
34606,28.468,-82.596
34607,28.487,-82.633
34608,28.483,-82.553
34609,28.479,-82.508
34610,28.369,-82.511
34613,28.579,-82.568
34614,28.644,-82.535
34637,28.308,-82.465
34638,28.257,-82.513
34639,28.265,-82.423
34652,28.237,-82.738
34653,28.244,-82.688
34654,28.295,-82.628
34655,28.203,-82.619
34661,28.605,-82.245
34667,28.391,-82.663
34668,28.301,-82.709
34669,28.356,-82.61
34677,28.038,-82.673
34679,28.432,-82.661
34681,28.083,-82.776
34683,28.088,-82.761
34684,28.081,-82.727
34685,28.093,-82.689
34688,28.147,-82.679
34689,28.148,-82.76
34690,28.194,-82.726
34691,28.198,-82.816
34695,28.008,-82.688
34698,28.038,-82.786
34705,28.7,-81.719
34711,28.53,-81.753
34714,28.403,-81.777
34715,28.631,-81.726
34731,28.864,-81.899
34734,28.537,-81.515
34736,28.556,-81.9
34737,28.692,-81.797
34739,27.931,-81.117
34741,28.306,-81.427
34743,28.329,-81.355
34744,28.301,-81.329
34746,28.239,-81.445
34747,28.311,-81.596
34748,28.768,-81.883
34753,28.577,-81.886
34756,28.584,-81.684
34758,28.192,-81.485
34759,28.104,-81.419
34760,28.555,-81.632
34761,28.579,-81.534
34762,28.757,-81.921
34769,28.245,-81.291
34771,28.284,-81.174
34772,28.163,-81.264
34773,28.16,-81.008
34785,28.837,-82.041
34786,28.487,-81.552
34787,28.485,-81.619
34788,28.896,-81.808
34797,28.73,-81.827
34945,27.437,-80.557
34946,27.503,-80.36
34947,27.454,-80.374
34949,27.467,-80.3
34950,27.444,-80.331
34951,27.532,-80.419
34952,27.296,-80.299
34953,27.244,-80.382
34956,27.095,-80.499
34957,27.28,-80.239
34972,27.509,-80.929
34974,27.146,-80.95
34981,27.396,-80.377
34982,27.373,-80.308
34983,27.324,-80.35
34984,27.249,-80.331
34986,27.328,-80.402
34987,27.29,-80.497
34990,27.137,-80.347
34994,27.201,-80.257
34996,27.193,-80.19
34997,27.056,-80.27
35004,33.603,-86.494
35005,33.596,-87.001
35006,33.423,-87.21
35007,33.216,-86.798
35010,32.917,-85.941
35013,33.902,-86.518
35014,33.356,-86.262
35016,34.324,-86.502
35019,34.302,-86.634
35020,33.402,-86.952
35022,33.323,-86.971
35023,33.468,-87.088
35031,34.098,-86.555
35032,33.265,-86.336
35033,33.926,-87.032
35034,32.911,-87.272
35035,33.044,-86.968
35036,33.644,-86.92
35040,33.103,-86.729
35042,32.958,-87.104
35043,33.315,-86.66
35044,33.244,-86.381
35045,32.8,-86.677
35046,32.931,-86.534
35049,33.962,-86.612
35051,33.205,-86.619
35052,33.591,-86.41
35053,34.054,-87.074
35054,33.502,-86.338
35055,34.151,-86.759
35057,34.18,-86.934
35058,34.229,-86.737
35060,33.558,-86.952
35061,33.472,-86.956
35062,33.725,-87.01
35063,33.818,-87.021
35064,33.476,-86.92
35068,33.608,-86.831
35070,34.009,-86.758
35071,33.695,-86.848
35072,33.093,-86.067
35073,33.651,-86.987
35074,33.222,-87.124
35077,34.021,-86.833
35078,33.324,-86.445
35079,33.938,-86.758
35080,33.26,-86.911
35082,33.158,-86.154
35083,34.2,-86.599
35085,32.976,-86.739
35087,34.306,-86.584
35089,32.946,-86.082
35091,33.779,-86.79
35094,33.53,-86.553
35096,33.62,-86.108
35097,33.892,-86.627
35098,34.121,-87.047
35111,33.284,-87.095
35112,33.691,-86.471
35114,33.224,-86.879
35115,33.142,-86.892
35116,33.731,-86.77
35117,33.668,-86.893
35118,33.527,-87.035
35119,33.647,-86.771
35120,33.667,-86.424
35121,33.941,-86.455
35124,33.322,-86.742
35125,33.633,-86.289
35126,33.731,-86.655
35127,33.492,-86.976
35128,33.552,-86.338
35130,33.633,-87.137
35131,33.727,-86.197
35133,33.83,-86.596
35135,33.616,-86.2
35136,32.879,-86.287
35139,33.714,-86.974
35143,33.101,-86.543
35146,33.795,-86.453
35147,33.416,-86.531
35148,33.756,-87.046
35149,33.25,-86.187
35150,33.189,-86.238
35151,33.081,-86.392
35160,33.357,-86.052
35171,32.883,-86.74
35172,33.845,-86.695
35173,33.655,-86.563
35175,34.436,-86.511
35176,33.485,-86.498
35178,33.42,-86.398
35179,34.273,-86.969
35180,33.82,-86.84
35183,33.016,-86.352
35184,33.114,-87.137
35186,33.257,-86.51
35187,33.081,-86.886
35188,33.18,-87.164
35203,33.519,-86.81
35204,33.522,-86.84
35205,33.495,-86.808
35206,33.57,-86.713
35207,33.565,-86.824
35208,33.497,-86.879
35209,33.466,-86.812
35210,33.542,-86.669
35211,33.455,-86.856
35212,33.547,-86.753
35213,33.507,-86.744
35214,33.577,-86.893
35215,33.649,-86.707
35216,33.419,-86.789
35217,33.608,-86.76
35218,33.508,-86.894
35221,33.449,-86.899
35222,33.524,-86.77
35223,33.488,-86.735
35224,33.517,-86.944
35226,33.399,-86.846
35228,33.456,-86.921
35229,33.466,-86.789
35233,33.509,-86.802
35234,33.541,-86.803
35235,33.624,-86.648
35242,33.425,-86.672
35243,33.441,-86.742
35244,33.353,-86.825
35254,33.516,-86.858
35401,33.17,-87.616
35404,33.215,-87.483
35405,33.121,-87.539
35406,33.339,-87.469
35441,32.853,-87.75
35442,33.077,-88.203
35443,32.755,-88.001
35444,33.329,-87.293
35446,33.208,-87.751
35447,33.252,-88.158
35452,33.278,-87.681
35453,33.164,-87.389
35456,33.064,-87.415
35457,33.304,-87.773
35458,33.411,-87.807
35459,32.792,-88.276
35460,32.713,-88.154
35461,33.417,-88.214
35462,32.92,-87.967
35463,33.065,-87.682
35464,32.806,-88.155
35466,33.249,-87.919
35469,32.974,-87.782
35470,32.562,-88.066
35473,33.271,-87.582
35474,32.941,-87.591
35475,33.434,-87.594
35476,33.227,-87.591
35477,32.956,-88.241
35480,33.078,-87.819
35481,33.395,-88.037
35490,33.218,-87.238
35501,33.819,-87.293
35503,33.936,-87.305
35504,33.894,-87.171
35540,34.235,-87.21
35541,34.081,-87.174
35542,33.719,-87.676
35543,34.211,-87.758
35544,33.96,-88.017
35545,33.652,-87.935
35546,33.619,-87.543
35548,34.056,-87.75
35549,33.851,-87.545
35550,33.745,-87.16
35552,34.072,-88.142
35553,34.127,-87.383
35554,33.886,-87.672
35555,33.659,-87.816
35559,33.905,-87.728
35563,33.978,-87.904
35564,34.259,-87.845
35565,34.237,-87.563
35570,34.164,-87.993
35571,34.369,-87.944
35572,34.201,-87.283
35574,33.568,-87.95
35575,34.036,-87.588
35576,33.575,-88.144
35577,34.102,-87.62
35578,33.98,-87.466
35579,33.636,-87.36
35580,33.673,-87.256
35581,34.36,-87.713
35582,34.487,-88.113
35584,33.819,-87.088
35585,34.421,-87.832
35586,33.878,-88.134
35587,33.796,-87.457
35592,33.746,-88.085
35593,34.339,-88.096
35594,33.933,-87.774
35601,34.608,-87.011
35603,34.535,-86.971
35610,34.954,-87.246
35611,34.774,-87.084
35613,34.82,-86.882
35614,34.854,-86.99
35615,34.663,-86.875
35616,34.74,-88.019
35618,34.641,-87.305
35619,34.383,-87.152
35620,34.931,-87.02
35621,34.349,-86.73
35622,34.347,-86.899
35630,34.823,-87.662
35633,34.875,-87.798
35634,34.919,-87.615
35640,34.441,-86.944
35643,34.673,-87.202
35645,34.903,-87.501
35646,34.677,-87.523
35647,34.968,-87.117
35648,34.959,-87.388
35649,34.618,-86.869
35650,34.447,-87.309
35651,34.47,-87.496
35652,34.847,-87.31
35653,34.518,-87.872
35654,34.498,-87.632
35660,34.755,-87.701
35661,34.769,-87.563
35670,34.455,-86.729
35671,34.684,-86.935
35672,34.649,-87.406
35673,34.576,-87.137
35674,34.662,-87.782
35677,34.956,-88.027
35739,34.969,-86.791
35740,34.965,-85.777
35741,34.718,-86.479
35744,34.611,-85.909
35745,34.943,-86.18
35746,34.829,-86.006
35747,34.495,-86.299
35748,34.721,-86.389
35749,34.822,-86.758
35750,34.956,-86.589
35751,34.811,-86.276
35752,34.746,-85.946
35754,34.525,-86.604
35755,34.489,-86.15
35756,34.644,-86.818
35757,34.784,-86.745
35758,34.711,-86.747
35759,34.868,-86.546
35760,34.544,-86.384
35761,34.916,-86.409
35763,34.622,-86.462
35764,34.726,-86.31
35765,34.69,-85.814
35766,34.867,-86.3
35768,34.769,-86.104
35769,34.598,-86.105
35771,34.539,-86.005
35772,34.937,-85.949
35773,34.891,-86.708
35774,34.765,-86.227
35775,34.543,-86.706
35776,34.659,-86.239
35801,34.725,-86.561
35802,34.668,-86.559
35803,34.563,-86.519
35805,34.709,-86.62
35806,34.761,-86.686
35808,34.633,-86.659
35810,34.803,-86.601
35811,34.795,-86.51
35816,34.74,-86.631
35824,34.645,-86.752
35896,34.755,-86.655
35901,34.049,-85.934
35903,34.024,-85.864
35904,34.071,-85.99
35905,33.961,-85.922
35906,33.927,-86.095
35907,33.891,-86.018
35950,34.25,-86.261
35951,34.339,-86.162
35952,34.052,-86.311
35953,33.81,-86.23
35954,34.09,-86.057
35956,34.146,-86.147
35957,34.196,-86.197
35958,34.916,-85.646
35959,34.242,-85.608
35960,34.124,-85.571
35961,34.304,-85.846
35962,34.304,-86.036
35963,34.36,-85.927
35966,34.787,-85.674
35967,34.408,-85.695
35968,34.551,-85.739
35971,34.455,-85.945
35972,33.994,-86.247
35973,34.344,-85.552
35974,34.363,-86.01
35975,34.436,-86.06
35976,34.346,-86.33
35978,34.643,-85.729
35979,34.832,-85.61
35980,34.172,-86.39
35981,34.722,-85.649
35983,34.173,-85.766
35984,34.537,-85.564
35986,34.5,-85.836
35987,33.913,-86.242
35988,34.558,-85.796
35989,34.614,-85.62
35990,34.068,-86.305
36003,32.452,-86.724
36005,31.888,-85.72
36006,32.647,-86.722
36009,31.595,-86.301
36010,31.66,-85.798
36013,32.285,-85.985
36016,31.85,-85.415
36017,31.679,-85.558
36020,32.479,-86.323
36022,32.623,-86.406
36024,32.672,-86.025
36025,32.544,-86.325
36026,32.775,-86.131
36027,32.061,-85.117
36028,31.495,-86.393
36029,32.182,-85.933
36030,31.871,-86.876
36031,32.246,-85.734
36032,31.995,-86.569
36033,31.672,-86.771
36034,31.621,-86.111
36035,31.789,-86.126
36036,31.974,-86.162
36037,31.799,-86.629
36038,31.435,-86.491
36039,32.299,-85.838
36040,32.174,-86.684
36041,31.914,-86.32
36042,31.869,-86.46
36043,32.201,-86.421
36046,32.024,-86.333
36047,32.075,-86.518
36048,31.804,-85.592
36049,31.768,-86.277
36051,32.685,-86.5
36052,32.184,-86.048
36053,32.029,-85.444
36054,32.482,-86.366
36064,32.297,-86.078
36066,32.48,-86.424
36067,32.517,-86.561
36069,32.094,-86.15
36071,31.707,-86.398
36075,32.378,-85.924
36078,32.547,-85.943
36079,31.767,-85.998
36080,32.712,-86.284
36081,31.904,-85.898
36082,31.803,-85.955
36083,32.387,-85.684
36088,32.415,-85.72
36089,32.151,-85.699
36091,32.75,-86.509
36092,32.618,-86.201
36093,32.495,-86.134
36104,32.403,-86.327
36105,32.21,-86.289
36106,32.353,-86.258
36107,32.384,-86.279
36108,32.339,-86.401
36109,32.389,-86.242
36110,32.447,-86.256
36111,32.337,-86.271
36112,32.381,-86.349
36113,32.381,-86.364
36115,32.407,-86.247
36116,32.274,-86.214
36117,32.379,-86.145
36201,33.649,-85.88
36203,33.583,-85.835
36205,33.717,-85.795
36206,33.733,-85.81
36207,33.68,-85.71
36250,33.765,-85.901
36251,33.222,-85.872
36255,33.168,-85.73
36256,33.046,-85.705
36258,33.478,-85.717
36260,33.582,-85.995
36262,33.806,-85.48
36263,33.466,-85.359
36264,33.597,-85.551
36265,33.848,-85.785
36266,33.35,-85.734
36267,33.197,-85.948
36268,33.495,-85.929
36269,33.74,-85.384
36271,33.781,-86.019
36272,33.942,-85.595
36273,33.545,-85.378
36274,33.172,-85.363
36276,33.133,-85.57
36277,33.757,-85.818
36278,33.332,-85.524
36279,33.872,-85.889
36280,33.376,-85.388
36301,31.14,-85.398
36303,31.267,-85.401
36305,31.205,-85.496
36310,31.595,-85.209
36311,31.61,-85.686
36312,31.171,-85.237
36313,31.179,-85.794
36314,31.019,-85.773
36316,31.176,-85.864
36317,31.644,-85.404
36318,31.17,-85.951
36319,31.332,-85.149
36320,31.05,-85.319
36321,31.211,-85.299
36322,31.258,-85.736
36323,31.428,-86.072
36330,31.306,-85.864
36340,31.052,-85.891
36343,31.061,-85.121
36344,31.098,-85.708
36345,31.366,-85.31
36346,31.561,-85.93
36350,31.35,-85.496
36351,31.426,-85.907
36352,31.265,-85.61
36353,31.479,-85.349
36360,31.467,-85.617
36362,31.351,-85.68
36370,31.142,-85.158
36371,31.312,-85.552
36373,31.542,-85.097
36374,31.579,-85.494
36375,31.071,-85.545
36376,31.251,-85.27
36401,31.481,-86.941
36420,31.172,-86.565
36421,31.325,-86.507
36425,31.765,-87.195
36426,31.141,-87.071
36432,31.294,-87.03
36435,31.87,-87.452
36436,31.785,-87.65
36439,31.419,-87.345
36441,31.039,-87.255
36442,31.073,-86.359
36444,31.676,-87.441
36445,31.445,-87.453
36446,31.792,-87.72
36451,31.701,-87.804
36453,31.192,-86.149
36454,31.328,-87.2
36455,31.013,-86.352
36456,31.568,-86.806
36460,31.519,-87.305
36467,31.281,-86.257
36470,31.515,-87.566
36471,31.616,-87.249
36473,31.307,-87.202
36474,31.43,-86.626
36475,31.388,-87.22
36476,31.362,-86.55
36477,31.097,-86.061
36480,31.325,-87.599
36481,31.772,-87.383
36482,31.639,-87.637
36483,31.048,-86.674
36502,31.148,-87.495
36505,30.942,-88.016
36507,30.859,-87.742
36509,30.393,-88.27
36511,30.315,-87.747
36512,30.999,-88.018
36513,31.174,-88.006
36518,31.459,-88.284
36521,30.965,-88.177
36522,31.091,-88.275
36523,30.371,-88.191
36524,31.803,-88.011
36525,30.89,-88.019
36526,30.611,-87.86
36527,30.702,-87.882
36528,30.235,-88.236
36529,31.275,-88.229
36530,30.408,-87.556
36532,30.481,-87.861
36535,30.384,-87.727
36538,31.657,-88.143
36539,31.349,-88.381
36540,31.449,-87.676
36541,30.49,-88.344
36542,30.27,-87.751
36543,31.221,-87.466
36544,30.48,-88.23
36545,31.489,-87.872
36548,31.489,-87.968
36549,30.411,-87.456
36550,31.249,-87.73
36551,30.647,-87.753
36553,31.243,-88.068
36555,30.397,-87.783
36556,31.198,-87.976
36558,31.608,-88.316
36559,30.568,-87.909
36560,31.098,-88.04
36561,30.289,-87.572
36562,31.037,-87.67
36564,30.483,-87.935
36567,30.624,-87.557
36568,30.512,-88.273
36569,31.542,-88.091
36571,30.855,-88.11
36572,30.858,-88.061
36574,30.501,-87.478
36575,30.769,-88.273
36576,30.523,-87.764
36578,30.749,-87.779
36579,31.107,-87.797
36580,30.479,-87.703
36581,31.375,-87.966
36582,30.51,-88.173
36583,31.367,-88.195
36584,31.199,-88.389
36585,31.387,-88.08
36587,30.844,-88.351
36590,30.532,-88.174
36602,30.693,-88.046
36603,30.674,-88.027
36604,30.682,-88.068
36605,30.605,-88.088
36606,30.669,-88.106
36607,30.699,-88.106
36608,30.682,-88.3
36609,30.66,-88.163
36610,30.736,-88.074
36611,30.77,-88.08
36612,30.753,-88.113
36613,30.81,-88.187
36615,30.63,-88.07
36616,30.725,-88.082
36617,30.716,-88.096
36618,30.737,-88.17
36619,30.596,-88.197
36688,30.696,-88.182
36693,30.626,-88.15
36695,30.628,-88.28
36701,32.484,-87.055
36703,32.427,-86.913
36720,32.158,-87.345
36722,32.095,-87.571
36723,32.054,-87.275
36726,31.964,-87.296
36727,31.911,-88.034
36728,32.161,-87.476
36732,32.429,-87.914
36736,32.06,-87.776
36738,32.421,-87.625
36740,32.627,-87.837
36742,32.468,-87.729
36744,32.696,-87.6
36748,32.267,-87.781
36749,32.551,-86.849
36750,32.79,-86.849
36751,31.824,-87.546
36752,32.299,-86.632
36753,31.807,-87.077
36754,32.154,-87.701
36756,32.684,-87.276
36758,32.639,-86.89
36759,32.417,-87.278
36761,32.106,-86.978
36763,32.277,-87.981
36765,32.588,-87.522
36766,31.955,-87.087
36767,32.259,-87.191
36768,31.913,-87.02
36769,32.008,-87.547
36773,32.259,-87.358
36775,32.176,-86.979
36776,32.736,-87.741
36782,32.116,-87.913
36783,32.248,-87.598
36784,31.927,-87.788
36785,32.261,-86.846
36786,32.431,-87.482
36790,32.734,-86.894
36792,32.926,-86.906
36793,32.822,-87.028
36801,32.695,-85.396
36804,32.534,-85.347
36830,32.539,-85.493
36832,32.583,-85.586
36849,32.602,-85.487
36850,32.783,-85.659
36852,32.757,-85.292
36853,32.817,-85.767
36854,32.752,-85.189
36855,33.029,-85.308
36856,32.274,-84.998
36858,32.328,-85.33
36859,32.235,-85.011
36860,32.274,-85.425
36861,32.891,-85.851
36862,32.904,-85.455
36863,32.889,-85.264
36865,32.603,-85.589
36866,32.565,-85.712
36867,32.495,-85.025
36869,32.42,-85.064
36870,32.483,-85.12
36871,32.179,-85.157
36874,32.564,-85.199
36875,32.337,-85.167
36877,32.573,-85.101
36879,32.728,-85.558
36901,32.422,-88.147
36904,32.101,-88.261
36907,32.426,-88.347
36908,31.871,-88.391
36910,32.205,-88.147
36912,32.23,-88.303
36913,31.961,-88.447
36915,31.955,-88.359
36916,32.21,-88.06
36919,31.769,-88.283
36921,31.938,-88.183
36922,32.3,-88.142
36925,32.432,-88.184
37010,36.572,-87.108
37012,36.074,-86.002
37013,36.052,-86.633
37014,35.875,-86.633
37015,36.279,-87.076
37016,35.957,-86.1
37018,35.631,-86.211
37019,35.392,-86.71
37020,35.634,-86.407
37022,36.515,-86.317
37023,36.592,-87.783
37025,35.949,-87.308
37026,35.696,-86.106
37027,35.999,-86.785
37028,36.628,-87.863
37029,36.043,-87.264
37030,36.272,-85.942
37031,36.366,-86.293
37032,36.524,-87.017
37033,35.745,-87.558
37034,35.652,-86.69
37035,36.381,-87.134
37036,36.235,-87.261
37037,35.703,-86.351
37040,36.523,-87.335
37042,36.569,-87.416
37043,36.49,-87.237
37046,35.782,-86.701
37047,35.317,-86.836
37048,36.491,-86.596
37049,36.557,-86.673
37050,36.374,-87.631
37051,36.304,-87.41
37052,36.379,-87.402
37055,36.077,-87.443
37057,36.418,-86.03
37058,36.444,-87.877
37059,35.985,-85.903
37060,35.745,-86.638
37061,36.288,-87.635
37062,35.991,-87.136
37064,35.885,-86.954
37066,36.399,-86.456
37067,35.912,-86.78
37069,35.987,-86.904
37072,36.352,-86.747
37073,36.432,-86.817
37074,36.426,-86.153
37075,36.34,-86.608
37076,36.145,-86.577
37078,35.911,-87.747
37079,36.465,-87.648
37080,36.333,-86.917
37082,36.095,-87.115
37083,36.535,-86.011
37085,35.955,-86.28
37086,36.022,-86.559
37087,36.264,-86.269
37090,36.112,-86.299
37091,35.489,-86.767
37095,35.977,-85.968
37096,35.613,-87.871
37097,35.78,-87.823
37098,35.872,-87.319
37101,36.06,-87.629
37110,35.645,-85.741
37115,36.254,-86.696
37118,35.93,-86.19
37122,36.181,-86.482
37127,35.781,-86.328
37128,35.784,-86.489
37129,35.933,-86.443
37130,35.882,-86.319
37132,35.849,-86.364
37134,35.992,-87.948
37135,35.915,-86.676
37137,35.884,-87.505
37138,36.244,-86.609
37140,35.859,-87.653
37141,36.615,-86.702
37142,36.411,-87.51
37143,36.128,-87.031
37144,35.305,-86.66
37145,36.381,-85.917
37146,36.402,-87.032
37148,36.567,-86.495
37149,35.804,-86.193
37150,36.541,-85.81
37151,36.309,-86.043
37153,35.764,-86.554
37160,35.456,-86.485
37165,36.293,-87.471
37166,35.918,-85.787
37167,35.96,-86.532
37171,36.361,-87.296
37172,36.532,-86.862
37174,35.72,-86.898
37175,36.324,-87.893
37178,36.324,-87.79
37179,35.811,-86.924
37180,35.606,-86.587
37181,36.245,-87.469
37183,35.494,-86.303
37184,36.082,-86.144
37185,36.064,-87.858
37186,36.597,-86.222
37187,36.144,-87.198
37188,36.48,-86.681
37189,36.299,-86.835
37190,35.817,-86.021
37191,36.5,-87.529
37201,36.166,-86.777
37203,36.15,-86.791
37204,36.107,-86.774
37205,36.113,-86.87
37206,36.179,-86.731
37207,36.234,-86.776
37208,36.178,-86.808
37209,36.185,-86.949
37210,36.149,-86.733
37211,36.067,-86.724
37212,36.134,-86.801
37213,36.166,-86.768
37214,36.162,-86.671
37215,36.082,-86.835
37216,36.217,-86.727
37217,36.109,-86.657
37218,36.164,-86.889
37219,36.167,-86.783
37220,36.068,-86.793
37221,36.051,-86.969
37228,36.197,-86.803
37240,36.145,-86.805
37243,36.165,-86.782
37246,36.16,-86.791
37301,35.417,-85.794
37302,35.008,-85.02
37303,35.442,-84.64
37305,35.465,-85.694
37306,35.097,-86.192
37307,35.174,-84.621
37308,35.343,-84.994
37309,35.302,-84.741
37310,35.253,-84.71
37311,35.113,-84.928
37312,35.232,-84.88
37313,35.358,-85.713
37315,35.048,-85.052
37317,35.031,-84.443
37318,35.178,-85.993
37321,35.502,-85.008
37322,35.503,-84.824
37323,35.096,-84.817
37324,35.24,-85.987
37325,35.251,-84.592
37326,35.04,-84.385
37327,35.438,-85.415
37328,35.037,-86.357
37329,35.394,-84.461
37330,35.28,-86.131
37331,35.319,-84.53
37332,35.599,-84.972
37333,35.154,-84.335
37334,35.166,-86.581
37335,35.069,-86.404
37336,35.309,-84.932
37337,35.787,-84.851
37338,35.43,-85.21
37339,35.38,-85.634
37340,35.034,-85.518
37341,35.224,-85.073
37342,35.392,-85.948
37343,35.167,-85.212
37345,35.017,-86.203
37347,35.063,-85.613
37348,35.132,-86.434
37350,34.994,-85.35
37351,35.1,-85.26
37352,35.278,-86.353
37353,35.115,-84.989
37354,35.506,-84.347
37355,35.5,-86.084
37356,35.229,-85.824
37357,35.585,-85.917
37359,35.204,-86.413
37360,35.438,-86.254
37361,35.101,-84.687
37362,35.031,-84.681
37363,35.116,-85.064
37365,35.383,-85.56
37366,35.339,-85.83
37367,35.627,-85.236
37369,35.191,-84.48
37370,35.357,-84.7
37373,35.407,-85.093
37374,35.169,-85.647
37375,35.15,-85.89
37376,35.048,-85.956
37377,35.205,-85.335
37379,35.295,-85.177
37380,35.071,-85.755
37381,35.687,-84.877
37385,35.333,-84.237
37387,35.273,-85.747
37388,35.344,-86.221
37391,35.093,-84.354
37394,35.539,-85.86
37396,35.006,-85.5
37397,35.226,-85.515
37398,35.181,-86.138
37402,35.044,-85.318
37403,35.048,-85.294
37404,35.028,-85.274
37405,35.12,-85.408
37406,35.073,-85.246
37407,35.002,-85.29
37408,35.029,-85.309
37409,35.014,-85.335
37410,35.002,-85.314
37411,35.029,-85.226
37412,34.998,-85.227
37415,35.125,-85.281
37416,35.098,-85.18
37419,35.04,-85.404
37421,35.03,-85.146
37601,36.338,-82.318
37604,36.3,-82.383
37614,36.301,-82.371
37615,36.402,-82.457
37616,36.228,-82.747
37617,36.525,-82.366
37618,36.46,-82.209
37620,36.55,-82.094
37640,36.327,-81.975
37641,36.196,-82.667
37642,36.531,-82.727
37643,36.377,-82.137
37645,36.562,-82.662
37650,36.094,-82.448
37656,36.399,-82.63
37657,36.018,-82.56
37658,36.239,-82.099
37659,36.28,-82.491
37660,36.527,-82.572
37663,36.463,-82.489
37664,36.52,-82.499
37665,36.579,-82.571
37680,36.579,-81.725
37681,36.258,-82.621
37682,36.301,-82.291
37683,36.455,-81.822
37686,36.44,-82.349
37687,36.179,-82.097
37688,36.545,-81.883
37690,36.25,-82.558
37691,36.372,-81.757
37692,36.19,-82.301
37694,36.384,-82.279
37701,35.792,-83.987
37705,36.227,-84.01
37708,36.331,-83.316
37709,36.163,-83.665
37710,36.159,-84.316
37711,36.281,-83.045
37713,36.081,-83.134
37714,36.26,-84.293
37715,36.554,-83.961
37716,36.097,-84.175
37719,36.022,-84.429
37721,36.118,-83.813
37722,35.815,-83.203
37723,35.97,-84.814
37724,36.549,-83.71
37725,35.996,-83.399
37726,36.204,-84.83
37727,35.885,-83.023
37729,36.517,-84.034
37730,36.547,-83.976
37731,36.549,-83.009
37732,36.327,-84.606
37733,36.354,-84.711
37737,35.761,-84.12
37738,35.67,-83.475
37742,35.676,-84.179
37743,36.069,-82.856
37745,36.278,-82.821
37748,35.946,-84.516
37752,36.561,-83.538
37753,35.823,-83.1
37754,36.139,-84.03
37755,36.402,-84.527
37756,36.305,-84.42
37757,36.299,-84.137
37760,36.108,-83.458
37762,36.577,-84.126
37763,35.82,-84.492
37764,35.97,-83.617
37765,36.572,-83.059
37766,36.4,-84.081
37769,36.219,-84.154
37770,36.153,-84.663
37771,35.841,-84.322
37772,35.791,-84.219
37774,35.729,-84.359
37777,35.827,-84.054
37779,36.215,-83.756
37801,35.664,-84.095
37803,35.661,-83.981
37804,35.792,-83.893
37806,36.085,-83.728
37807,36.26,-83.826
37809,36.157,-83.038
37810,36.185,-83.115
37811,36.356,-83.211
37813,36.175,-83.257
37814,36.233,-83.338
37818,36.189,-82.971
37819,36.568,-84.206
37820,36.085,-83.566
37821,35.975,-83.196
37825,36.412,-83.696
37826,35.558,-84.59
37828,36.198,-84.069
37829,36.01,-84.638
37830,35.966,-84.291
37840,36.07,-84.409
37841,36.516,-84.571
37843,36.011,-83.048
37845,36.093,-84.44
37846,35.679,-84.482
37847,36.434,-84.279
37848,36.236,-83.68
37849,36.054,-84.046
37851,36.584,-83.908
37852,36.324,-84.58
37853,35.837,-83.911
37854,35.881,-84.72
37857,36.424,-82.941
37860,36.25,-83.184
37861,36.241,-83.514
37862,35.778,-83.613
37863,35.786,-83.562
37865,35.851,-83.735
37866,36.342,-83.857
37869,36.515,-83.245
37870,36.463,-83.834
37871,36.052,-83.681
37872,36.27,-84.649
37873,36.526,-82.843
37874,35.598,-84.456
37876,35.865,-83.479
37877,36.151,-83.407
37878,35.621,-83.894
37879,36.473,-83.514
37880,35.686,-84.678
37881,36.406,-83.343
37882,35.601,-83.813
37885,35.476,-84.132
37886,35.746,-83.805
37887,36.092,-84.581
37888,36.31,-83.608
37890,36.085,-83.299
37891,36.292,-83.138
37892,36.556,-84.358
37902,35.964,-83.921
37909,35.948,-84.021
37912,36.008,-83.985
37914,35.983,-83.796
37915,35.971,-83.9
37916,35.953,-83.934
37917,36.001,-83.914
37918,36.056,-83.917
37919,35.915,-84.0
37920,35.909,-83.869
37921,35.98,-84.002
37922,35.86,-84.101
37923,35.926,-84.08
37924,36.03,-83.799
37931,35.976,-84.13
37932,35.917,-84.199
37934,35.861,-84.168
37938,36.124,-83.939
38001,35.816,-89.16
38002,35.286,-89.7
38004,35.411,-89.76
38006,35.694,-89.09
38007,36.159,-89.427
38008,35.246,-88.997
38011,35.462,-89.712
38012,35.611,-89.273
38015,35.557,-89.823
38016,35.182,-89.76
38017,35.067,-89.649
38018,35.139,-89.76
38019,35.562,-89.629
38021,35.876,-89.165
38023,35.457,-89.938
38024,36.036,-89.381
38028,35.183,-89.632
38029,35.239,-89.822
38030,36.016,-89.586
38034,35.911,-89.237
38036,35.32,-89.626
38037,35.797,-89.399
38039,35.071,-89.156
38040,35.892,-89.445
38041,35.659,-89.705
38042,35.145,-89.137
38044,35.199,-88.81
38046,35.07,-89.248
38047,36.091,-89.503
38049,35.39,-89.538
38050,35.83,-89.233
38052,35.09,-88.918
38053,35.347,-89.951
38054,35.336,-89.873
38057,35.053,-89.368
38058,35.458,-89.816
38059,36.106,-89.249
38060,35.209,-89.505
38061,35.068,-88.771
38063,35.764,-89.641
38066,35.073,-89.505
38067,35.082,-89.042
38068,35.266,-89.345
38069,35.478,-89.33
38070,35.944,-89.237
38075,35.379,-89.136
38076,35.139,-89.442
38077,36.328,-89.474
38079,36.428,-89.463
38080,36.207,-89.519
38103,35.153,-90.055
38104,35.133,-90.004
38105,35.151,-90.035
38106,35.102,-90.095
38107,35.17,-90.023
38108,35.177,-89.968
38109,35.038,-90.154
38111,35.111,-89.944
38112,35.148,-89.976
38114,35.096,-89.986
38115,35.053,-89.863
38116,35.033,-90.011
38117,35.115,-89.905
38118,35.033,-89.933
38119,35.08,-89.845
38120,35.124,-89.853
38122,35.159,-89.921
38125,35.026,-89.789
38126,35.127,-90.044
38127,35.243,-90.027
38128,35.225,-89.927
38131,35.066,-89.992
38132,35.073,-89.995
38133,35.213,-89.794
38134,35.175,-89.86
38135,35.239,-89.849
38138,35.085,-89.799
38139,35.08,-89.755
38141,35.014,-89.857
38152,35.124,-89.931
38201,36.124,-88.53
38220,35.994,-88.671
38221,36.245,-88.035
38222,36.446,-88.158
38224,36.387,-88.492
38225,36.319,-88.671
38226,36.484,-88.702
38229,36.223,-88.606
38230,36.155,-88.776
38231,36.213,-88.426
38232,36.359,-89.324
38233,36.203,-89.049
38235,35.989,-88.564
38236,36.168,-88.268
38237,36.358,-88.838
38240,36.245,-89.318
38241,36.428,-88.592
38242,36.306,-88.331
38251,36.46,-88.356
38253,36.264,-88.993
38254,36.375,-89.347
38255,36.241,-88.859
38256,36.309,-88.132
38257,36.457,-88.877
38258,36.033,-88.619
38259,36.199,-89.184
38260,36.361,-89.2
38261,36.429,-89.114
38301,35.588,-88.853
38305,35.702,-88.768
38310,35.262,-88.409
38311,35.437,-88.104
38313,35.61,-88.62
38315,35.268,-88.616
38316,36.066,-88.818
38317,36.058,-88.264
38318,35.947,-88.242
38320,36.052,-88.113
38321,35.846,-88.532
38326,35.055,-88.286
38327,35.224,-88.309
38328,35.681,-88.216
38329,35.538,-88.108
38330,36.071,-89.034
38332,35.419,-88.426
38333,36.128,-87.954
38334,35.361,-88.572
38337,35.785,-89.014
38339,35.052,-88.515
38340,35.401,-88.683
38341,35.878,-88.084
38342,36.072,-88.289
38343,35.827,-88.926
38344,35.978,-88.424
38345,35.597,-88.506
38347,35.478,-88.499
38348,35.873,-88.651
38351,35.671,-88.4
38352,35.529,-88.534
38355,35.784,-88.775
38356,35.438,-88.894
38357,35.045,-88.415
38358,35.917,-88.759
38359,35.37,-88.351
38361,35.311,-88.3
38362,35.729,-88.783
38363,35.688,-88.111
38365,35.054,-88.232
38366,35.479,-88.741
38367,35.053,-88.623
38368,35.511,-88.348
38369,36.132,-88.943
38370,35.384,-88.245
38371,35.424,-88.295
38372,35.144,-88.157
38374,35.506,-88.231
38375,35.158,-88.592
38376,35.099,-88.369
38379,35.164,-88.434
38380,35.78,-88.039
38381,35.357,-88.971
38382,35.968,-88.984
38387,35.873,-88.277
38388,35.782,-88.32
38390,35.841,-88.372
38391,35.547,-88.992
38392,35.457,-89.045
38401,35.629,-87.022
38425,35.412,-87.943
38449,35.04,-86.818
38450,35.184,-87.793
38451,35.461,-86.992
38452,35.08,-87.796
38453,35.121,-86.812
38454,35.728,-87.345
38455,35.044,-86.886
38456,35.335,-87.266
38457,35.029,-87.284
38459,35.194,-86.805
38460,35.089,-87.153
38461,35.593,-87.342
38462,35.528,-87.563
38463,35.071,-87.645
38464,35.291,-87.434
38468,35.135,-87.291
38469,35.075,-87.429
38471,35.084,-87.932
38472,35.378,-87.039
38473,35.021,-87.172
38474,35.518,-87.226
38475,35.253,-88.016
38476,35.841,-87.214
38477,35.065,-86.993
38478,35.233,-87.006
38481,35.031,-87.492
38482,35.769,-87.15
38483,35.441,-87.334
38485,35.356,-87.782
38486,35.171,-87.545
38487,35.718,-87.233
38488,35.043,-86.663
38501,36.226,-85.533
38504,36.396,-84.725
38505,36.175,-85.505
38506,36.187,-85.433
38541,36.538,-85.336
38542,36.317,-85.202
38543,36.35,-85.15
38544,36.124,-85.663
38545,36.232,-85.663
38547,36.156,-86.007
38548,36.164,-85.791
38549,36.562,-85.149
38551,36.558,-85.487
38552,36.218,-85.814
38553,36.202,-85.006
38554,36.249,-85.162
38555,35.888,-84.989
38556,36.407,-84.919
38558,36.01,-84.867
38559,35.808,-85.508
38560,36.222,-85.856
38562,36.354,-85.658
38563,36.214,-86.023
38564,36.276,-85.736
38565,36.263,-85.009
38567,36.133,-85.926
38568,36.438,-85.473
38569,36.092,-85.863
38570,36.376,-85.326
38571,36.052,-85.013
38572,35.849,-85.129
38573,36.493,-85.224
38574,36.144,-85.229
38575,36.555,-85.636
38577,36.566,-84.972
38578,35.982,-85.198
38579,35.836,-85.548
38580,36.29,-85.3
38581,35.741,-85.621
38582,36.099,-85.765
38583,35.945,-85.442
38585,35.619,-85.486
38587,35.865,-85.614
38588,36.446,-85.731
38589,36.286,-85.077
38601,34.492,-89.443
38603,34.848,-89.142
38606,34.303,-89.952
38610,34.652,-89.026
38611,34.856,-89.676
38614,34.157,-90.598
38617,34.351,-90.522
38618,34.716,-89.938
38619,34.518,-89.836
38620,34.23,-89.903
38621,34.447,-90.17
38622,34.172,-90.138
38623,34.368,-90.283
38625,34.612,-88.826
38626,34.517,-90.415
38627,34.418,-89.208
38629,34.863,-89.01
38630,34.279,-90.686
38631,34.361,-90.62
38632,34.796,-90.015
38633,34.647,-89.195
38635,34.767,-89.486
38637,34.952,-90.049
38639,34.303,-90.432
38641,34.912,-90.191
38642,34.929,-89.335
38643,34.148,-90.261
38644,34.461,-90.494
38645,34.248,-90.476
38646,34.29,-90.314
38647,34.964,-89.224
38650,34.528,-89.145
38651,34.893,-90.002
38652,34.483,-88.997
38654,34.934,-89.816
38655,34.333,-89.473
38658,34.188,-89.901
38659,34.622,-89.332
38661,34.897,-89.561
38663,34.734,-88.882
38664,34.811,-90.329
38665,34.583,-90.166
38666,34.426,-89.92
38668,34.591,-89.918
38670,34.417,-90.289
38671,34.966,-89.998
38672,34.911,-89.928
38673,34.293,-89.636
38674,34.868,-88.892
38676,34.666,-90.384
38677,34.365,-89.537
38680,34.952,-90.146
38683,34.935,-88.867
38685,34.593,-89.488
38701,33.311,-91.044
38702,33.536,-91.18
38703,33.476,-91.053
38704,33.007,-91.021
38720,34.108,-90.788
38721,32.99,-90.746
38722,33.26,-90.884
38723,33.23,-91.038
38725,33.649,-91.031
38726,33.756,-90.989
38730,33.683,-90.791
38731,33.067,-91.047
38732,33.759,-90.726
38736,33.643,-90.537
38737,33.864,-90.524
38738,33.945,-90.533
38740,34.058,-90.799
38744,33.014,-91.037
38745,32.972,-90.993
38746,33.962,-90.909
38748,33.151,-90.902
38749,33.447,-90.752
38751,33.446,-90.687
38753,33.347,-90.576
38754,33.25,-90.623
38756,33.39,-90.86
38759,33.825,-90.73
38760,33.458,-90.989
38761,33.43,-90.484
38762,33.896,-90.717
38764,33.78,-90.866
38765,33.069,-90.875
38767,34.141,-90.785
38768,33.976,-90.5
38769,33.865,-90.985
38771,33.74,-90.529
38772,33.559,-91.052
38773,33.607,-90.777
38774,33.96,-90.763
38778,33.547,-90.531
38781,33.909,-90.757
38801,34.223,-88.775
38804,34.281,-88.673
38821,33.978,-88.437
38824,34.521,-88.643
38826,34.301,-88.841
38827,34.517,-88.177
38828,34.43,-88.869
38829,34.651,-88.527
38833,34.918,-88.319
38834,34.917,-88.572
38838,34.546,-88.256
38841,34.353,-89.015
38843,34.262,-88.376
38844,33.839,-88.255
38846,34.852,-88.385
38847,34.413,-88.233
38848,33.938,-88.271
38849,34.461,-88.696
38850,34.059,-89.058
38851,33.91,-88.968
38852,34.844,-88.213
38855,34.323,-88.485
38856,34.467,-88.455
38857,34.282,-88.575
38858,34.1,-88.549
38859,34.515,-88.375
38860,33.972,-88.761
38862,34.168,-88.623
38863,34.218,-89.019
38864,34.157,-89.208
38865,34.788,-88.595
38866,34.368,-88.68
38868,34.124,-88.763
38869,34.357,-88.835
38870,34.067,-88.336
38871,34.382,-89.247
38873,34.66,-88.243
38876,34.214,-88.23
38878,33.905,-89.187
38879,34.185,-88.718
38901,33.763,-89.803
38913,34.139,-89.385
38914,33.846,-89.417
38915,34.038,-89.389
38916,33.817,-89.353
38917,33.558,-90.008
38920,33.91,-89.995
38921,33.982,-90.144
38922,33.933,-89.649
38923,33.389,-89.989
38924,33.291,-90.225
38925,33.626,-89.634
38927,34.143,-90.027
38928,33.869,-90.292
38929,33.739,-89.531
38930,33.538,-90.154
38940,33.744,-90.057
38941,33.485,-90.358
38943,33.54,-89.846
38944,33.765,-90.342
38945,33.601,-90.168
38946,33.364,-90.379
38947,33.534,-89.899
38948,34.068,-89.882
38949,34.192,-89.425
38950,33.733,-90.2
38951,33.974,-89.29
38952,33.628,-90.345
38953,33.931,-89.933
38954,33.415,-90.212
38957,33.992,-90.35
38958,33.304,-90.428
38961,33.955,-89.915
38962,33.872,-90.185
38963,34.025,-90.393
38964,34.099,-90.398
38965,34.136,-89.602
38966,33.947,-90.319
38967,33.457,-89.732
39038,33.186,-90.485
39039,32.817,-90.217
39040,32.63,-90.417
39041,32.405,-90.469
39042,32.198,-89.895
39044,32.029,-89.975
39045,32.82,-89.785
39046,32.632,-89.984
39047,32.421,-89.946
39051,32.778,-89.49
39054,32.774,-90.939
39056,32.374,-90.351
39057,32.491,-89.284
39059,31.982,-90.356
39061,33.086,-90.821
39062,31.985,-89.898
39063,33.117,-89.897
39066,32.297,-90.606
39067,33.11,-89.444
39069,31.686,-91.043
39071,32.556,-90.318
39073,32.102,-90.136
39074,32.394,-89.478
39078,31.878,-90.188
39079,32.935,-89.899
39082,31.942,-90.12
39083,31.845,-90.477
39086,31.949,-90.767
39088,32.755,-90.704
39090,33.002,-89.544
39092,32.32,-89.362
39094,32.586,-89.663
39095,33.13,-90.087
39096,31.818,-91.121
39097,32.989,-90.608
39108,33.149,-89.339
39110,32.504,-90.147
39111,31.897,-89.718
39113,32.914,-91.017
39114,31.952,-89.825
39115,33.045,-90.567
39116,31.896,-89.538
39117,32.296,-89.657
39119,31.752,-89.671
39120,31.509,-91.359
39140,31.749,-90.02
39144,31.821,-90.792
39145,32.345,-89.794
39146,32.876,-89.995
39149,31.832,-90.011
39150,32.005,-90.976
39152,32.207,-89.585
39153,32.045,-89.49
39154,32.225,-90.445
39156,32.548,-90.777
39157,32.426,-90.17
39159,32.827,-90.935
39160,32.992,-89.765
39162,32.619,-90.624
39166,33.041,-90.482
39167,32.094,-90.041
39168,31.832,-89.412
39169,33.216,-90.245
39170,32.112,-90.331
39174,32.401,-90.16
39175,32.091,-90.631
39176,33.306,-89.768
39177,32.623,-90.8
39179,32.802,-90.097
39180,32.224,-90.857
39183,32.447,-90.807
39189,32.608,-89.4
39191,31.711,-90.424
39192,33.184,-89.762
39193,32.234,-90.079
39194,32.845,-90.521
39201,32.29,-90.184
39202,32.311,-90.171
39203,32.309,-90.2
39204,32.279,-90.206
39206,32.372,-90.172
39208,32.26,-90.092
39209,32.396,-90.293
39211,32.372,-90.123
39212,32.243,-90.28
39213,32.393,-90.237
39216,32.334,-90.16
39217,32.299,-90.21
39218,32.23,-90.16
39232,32.331,-90.092
39269,32.301,-90.189
39272,32.191,-90.258
39301,32.274,-88.58
39305,32.463,-88.715
39307,32.335,-88.797
39309,32.549,-88.615
39320,32.569,-88.744
39322,31.535,-88.504
39323,32.352,-88.924
39325,32.562,-88.878
39326,32.603,-88.656
39327,32.446,-89.119
39328,32.744,-88.699
39330,32.181,-88.843
39332,32.304,-88.999
39335,32.533,-88.491
39336,32.301,-89.262
39337,32.508,-88.98
39338,32.107,-89.231
39339,33.102,-89.012
39341,33.099,-88.566
39342,32.424,-88.648
39345,32.292,-89.122
39346,32.965,-89.096
39347,32.06,-88.942
39348,32.015,-89.033
39350,32.796,-89.125
39352,32.684,-88.482
39354,32.875,-88.84
39355,32.055,-88.625
39356,32.134,-89.022
39358,32.905,-88.411
39359,32.568,-89.334
39360,31.865,-88.754
39361,32.995,-88.596
39362,31.391,-88.541
39363,32.127,-88.765
39364,32.405,-88.487
39365,32.603,-89.126
39366,31.944,-88.919
39367,31.677,-88.666
39401,31.234,-89.266
39402,31.334,-89.419
39406,31.328,-89.335
39421,31.492,-89.721
39422,31.959,-89.258
39423,31.17,-88.915
39425,31.06,-89.08
39426,30.655,-89.661
39427,31.48,-89.815
39428,31.651,-89.573
39429,31.239,-89.763
39437,31.58,-89.219
39439,31.849,-89.014
39440,31.693,-89.147
39443,31.717,-89.078
39451,31.177,-88.622
39452,30.874,-88.602
39455,31.012,-89.459
39456,31.06,-88.824
39459,31.49,-89.305
39461,31.206,-88.733
39462,31.234,-89.057
39464,31.492,-89.084
39465,31.34,-89.188
39466,30.521,-89.586
39470,30.823,-89.569
39474,31.613,-89.855
39475,31.153,-89.425
39476,31.387,-88.867
39477,31.788,-89.034
39478,31.054,-89.857
39479,31.529,-89.458
39480,31.712,-89.315
39481,31.868,-89.238
39482,31.372,-89.579
39483,31.243,-89.932
39501,30.383,-89.102
39503,30.475,-89.153
39507,30.4,-89.034
39520,30.271,-89.482
39525,30.382,-89.371
39530,30.41,-88.88
39531,30.404,-88.966
39532,30.493,-88.964
39534,30.407,-88.925
39540,30.443,-88.897
39553,30.411,-88.645
39556,30.442,-89.44
39560,30.376,-89.173
39561,30.703,-89.155
39562,30.547,-88.489
39563,30.422,-88.523
39564,30.405,-88.771
39565,30.587,-88.744
39567,30.365,-88.54
39571,30.42,-89.275
39572,30.251,-89.601
39573,30.731,-89.093
39574,30.612,-89.09
39576,30.29,-89.383
39577,30.905,-89.086
39581,30.357,-88.489
39601,31.563,-90.471
39629,31.437,-90.457
39630,31.459,-90.845
39631,31.067,-91.134
39633,31.306,-91.181
39635,31.191,-90.463
39638,31.225,-90.996
39641,31.355,-90.175
39643,31.247,-90.014
39645,31.149,-90.799
39647,31.526,-90.723
39648,31.189,-90.384
39652,31.114,-90.475
39653,31.482,-90.864
39654,31.545,-90.137
39656,31.444,-89.932
39657,31.04,-90.506
39661,31.484,-91.083
39662,31.386,-90.285
39663,31.595,-90.038
39664,31.326,-90.674
39665,31.643,-90.209
39666,31.295,-90.483
39667,31.125,-90.126
39668,31.71,-90.809
39669,31.121,-91.383
39701,33.394,-88.505
39702,33.44,-88.345
39705,33.588,-88.441
39730,33.844,-88.566
39735,33.353,-89.187
39736,33.432,-88.652
39737,33.671,-89.33
39739,33.239,-88.574
39740,33.722,-88.305
39741,33.645,-88.866
39743,33.337,-88.619
39744,33.58,-89.307
39745,33.297,-89.451
39746,33.749,-88.415
39747,33.409,-89.555
39750,33.569,-89.045
39751,33.695,-89.093
39752,33.523,-89.151
39755,33.607,-88.964
39756,33.757,-88.741
39759,33.438,-88.825
39760,33.464,-88.705
39762,33.453,-88.795
39766,33.588,-88.312
39767,33.476,-89.449
39769,33.322,-89.018
39771,33.606,-89.275
39772,33.295,-89.304
39773,33.648,-88.69
39776,33.78,-89.04
39813,31.423,-84.684
39815,30.739,-84.491
39817,30.944,-84.602
39819,30.789,-84.634
39823,31.336,-84.946
39824,31.495,-84.925
39825,30.931,-84.741
39826,31.821,-84.349
39827,30.948,-84.21
39828,30.808,-84.224
39834,30.894,-84.431
39836,31.666,-84.869
39837,31.152,-84.678
39840,31.781,-84.765
39841,31.293,-84.685
39842,31.761,-84.437
39845,30.951,-84.893
39846,31.563,-84.746
39851,31.62,-84.993
39854,31.869,-85.053
39859,30.988,-84.813
39861,31.135,-84.987
39862,31.459,-84.517
39866,31.559,-84.594
39867,31.828,-84.928
39870,31.322,-84.414
39877,31.915,-84.512
39885,31.717,-84.351
39886,31.746,-84.622
39897,30.911,-84.33
40003,38.277,-85.044
40004,37.803,-85.466
40006,38.596,-85.333
40007,38.458,-84.999
40008,37.909,-85.275
40009,37.47,-85.107
40010,38.373,-85.46
40011,38.528,-85.17
40012,37.901,-85.192
40013,37.935,-85.458
40014,38.34,-85.43
40019,38.381,-85.164
40020,37.935,-85.387
40022,38.153,-85.355
40023,38.174,-85.432
40025,38.3,-85.649
40026,38.431,-85.533
40031,38.429,-85.401
40033,37.544,-85.226
40036,38.416,-84.982
40037,37.661,-85.418
40040,37.777,-85.069
40041,38.256,-85.664
40045,38.687,-85.359
40046,38.024,-85.17
40047,38.039,-85.555
40048,37.847,-85.47
40049,37.664,-85.395
40050,38.446,-85.187
40051,37.677,-85.551
40052,37.604,-85.488
40055,38.495,-85.326
40056,38.304,-85.49
40057,38.394,-85.043
40058,38.433,-85.17
40059,38.358,-85.594
40060,37.542,-85.466
40062,37.605,-85.441
40063,37.571,-85.342
40065,38.217,-85.207
40067,38.223,-85.37
40068,38.396,-85.274
40069,37.724,-85.208
40070,38.469,-85.232
40071,38.043,-85.379
40075,38.568,-85.113
40076,38.114,-85.086
40077,38.495,-85.445
40078,37.831,-85.145
40104,38.086,-86.333
40107,37.725,-85.599
40108,37.97,-86.173
40109,38.064,-85.75
40110,37.933,-85.658
40111,37.775,-86.629
40115,37.728,-86.228
40117,37.897,-86.124
40118,38.097,-85.751
40119,37.608,-86.553
40121,37.953,-85.924
40140,37.763,-86.354
40142,37.893,-86.204
40143,37.781,-86.51
40144,37.74,-86.368
40145,37.64,-86.314
40146,37.849,-86.331
40150,37.88,-85.713
40152,37.602,-86.456
40155,37.936,-85.992
40157,38.05,-86.436
40160,37.813,-85.931
40161,38.002,-86.386
40162,37.757,-86.06
40165,37.973,-85.672
40170,37.964,-86.509
40171,37.965,-86.465
40175,37.819,-86.09
40176,37.919,-86.333
40177,38.007,-85.922
40178,37.66,-86.413
40202,38.257,-85.754
40203,38.253,-85.765
40204,38.24,-85.722
40205,38.223,-85.683
40206,38.26,-85.705
40207,38.266,-85.657
40208,38.221,-85.768
40209,38.19,-85.748
40210,38.232,-85.786
40211,38.236,-85.824
40212,38.272,-85.799
40213,38.178,-85.719
40214,38.152,-85.781
40215,38.19,-85.786
40216,38.19,-85.84
40217,38.217,-85.738
40218,38.189,-85.654
40219,38.138,-85.693
40220,38.216,-85.618
40222,38.272,-85.619
40223,38.258,-85.54
40228,38.134,-85.626
40229,38.089,-85.654
40231,38.195,-85.695
40241,38.3,-85.576
40242,38.277,-85.591
40243,38.242,-85.536
40245,38.267,-85.446
40258,38.146,-85.878
40272,38.078,-85.853
40280,38.248,-85.688
40291,38.131,-85.584
40299,38.152,-85.517
40310,37.749,-84.765
40311,38.332,-83.997
40312,37.855,-83.94
40313,38.147,-83.377
40316,37.942,-83.54
40322,37.939,-83.635
40324,38.245,-84.55
40328,37.604,-85.067
40330,37.788,-84.888
40334,38.013,-83.762
40336,37.683,-83.991
40337,37.942,-83.855
40339,37.944,-84.639
40342,37.996,-84.98
40346,37.987,-83.744
40347,38.158,-84.728
40348,38.289,-84.129
40350,38.305,-83.874
40351,38.205,-83.416
40353,38.064,-83.948
40356,37.875,-84.563
40358,38.061,-83.676
40359,38.492,-84.803
40360,38.155,-83.79
40361,38.209,-84.227
40363,38.514,-85.01
40370,38.403,-84.525
40371,38.104,-83.58
40372,37.912,-84.888
40374,38.222,-83.89
40376,37.773,-83.69
40379,38.302,-84.687
40380,37.816,-83.792
40383,38.007,-84.739
40385,37.738,-84.133
40387,37.934,-83.492
40390,37.851,-84.666
40391,37.97,-84.145
40402,37.292,-83.976
40403,37.57,-84.272
40404,37.573,-84.291
40409,37.369,-84.435
40419,37.452,-84.494
40422,37.641,-84.797
40434,37.394,-83.941
40437,37.436,-84.87
40440,37.586,-84.82
40442,37.338,-84.751
40444,37.667,-84.577
40445,37.339,-84.187
40447,37.486,-84.032
40448,37.462,-84.753
40456,37.353,-84.32
40460,37.398,-84.227
40461,37.583,-84.406
40464,37.572,-84.925
40468,37.634,-84.978
40472,37.732,-83.86
40475,37.762,-84.313
40481,37.449,-84.09
40484,37.521,-84.674
40486,37.365,-83.863
40489,37.366,-84.637
40502,38.011,-84.483
40503,38.006,-84.533
40504,38.042,-84.544
40505,38.061,-84.457
40506,38.028,-84.503
40507,38.047,-84.496
40508,38.061,-84.512
40509,37.997,-84.378
40510,38.071,-84.584
40511,38.14,-84.462
40513,38.017,-84.605
40514,37.982,-84.563
40515,37.918,-84.391
40516,38.072,-84.364
40517,37.983,-84.489
40601,38.235,-84.869
40604,38.176,-84.865
40701,36.922,-84.158
40729,37.255,-84.136
40734,36.926,-83.958
40737,37.01,-84.122
40740,37.021,-84.037
40741,37.137,-84.127
40743,37.073,-84.115
40744,37.029,-84.119
40759,36.813,-84.057
40763,36.689,-83.926
40769,36.703,-84.197
40771,36.864,-84.035
40801,36.862,-83.246
40806,36.891,-83.297
40807,36.964,-82.946
40808,36.996,-83.203
40810,36.907,-83.375
40813,36.71,-83.592
40815,36.784,-83.219
40816,37.014,-83.295
40818,36.822,-83.243
40819,36.805,-83.446
40820,36.744,-83.197
40823,36.959,-82.991
40824,36.825,-83.375
40826,37.046,-82.764
40827,37.038,-83.512
40828,36.88,-83.123
40829,36.796,-83.302
40830,36.76,-83.329
40831,36.767,-83.354
40840,36.9,-83.44
40843,36.891,-82.991
40844,37.058,-83.341
40845,36.799,-83.518
40847,36.851,-83.175
40849,36.894,-83.132
40854,36.846,-83.354
40855,36.93,-82.885
40856,36.739,-83.527
40858,37.004,-83.411
40862,37.018,-82.856
40863,36.727,-83.431
40865,36.92,-83.211
40868,37.077,-83.497
40870,36.923,-83.144
40873,36.818,-83.409
40874,36.998,-83.47
40902,36.882,-83.58
40903,36.799,-83.811
40906,36.872,-83.882
40913,36.926,-83.567
40914,37.143,-83.568
40915,36.887,-83.808
40921,36.767,-83.887
40923,36.919,-83.845
40927,36.873,-83.063
40935,36.92,-83.722
40939,36.812,-83.696
40940,36.603,-83.939
40941,37.125,-83.732
40943,36.971,-83.861
40946,36.974,-83.807
40949,36.887,-83.871
40953,36.938,-83.801
40958,36.81,-83.597
40962,37.146,-83.746
40964,36.773,-83.313
40965,36.646,-83.721
40972,37.26,-83.577
40977,36.7,-83.772
40979,37.006,-83.511
40982,36.933,-83.69
40983,37.331,-83.755
40988,36.867,-83.517
40995,36.761,-83.815
40997,36.895,-83.662
41001,38.918,-84.403
41002,38.742,-83.974
41003,38.53,-84.39
41004,38.644,-84.088
41005,39.007,-84.76
41006,38.784,-84.346
41007,38.892,-84.295
41008,38.663,-85.169
41010,38.5,-84.608
41011,39.067,-84.533
41014,39.066,-84.505
41015,38.98,-84.479
41016,39.089,-84.548
41017,39.029,-84.562
41018,39.015,-84.602
41030,38.789,-84.589
41031,38.418,-84.289
41033,38.769,-84.445
41034,38.724,-83.891
41035,38.719,-84.654
41039,38.414,-83.871
41040,38.652,-84.331
41041,38.407,-83.721
41042,39.001,-84.651
41043,38.762,-84.205
41044,38.61,-83.972
41045,38.718,-85.035
41046,38.717,-84.803
41048,39.099,-84.706
41049,38.269,-83.64
41051,38.935,-84.55
41052,38.678,-84.769
41055,38.525,-83.866
41056,38.595,-83.778
41059,39.013,-84.351
41062,38.704,-83.923
41063,38.847,-84.495
41064,38.514,-84.064
41071,39.072,-84.485
41073,39.101,-84.479
41074,39.111,-84.462
41075,39.082,-84.453
41076,39.013,-84.454
41080,39.055,-84.824
41083,38.666,-84.967
41085,39.036,-84.393
41086,38.689,-84.871
41091,38.91,-84.736
41092,38.816,-84.688
41093,38.387,-83.558
41094,38.883,-84.624
41095,38.774,-84.747
41097,38.621,-84.581
41098,38.587,-85.008
41099,39.036,-84.468
41101,38.474,-82.648
41102,38.428,-82.73
41121,38.439,-82.834
41124,38.065,-82.869
41129,38.321,-82.656
41132,38.272,-82.813
41135,38.344,-83.302
41139,38.514,-82.727
41141,38.556,-83.159
41142,38.278,-83.073
41143,38.335,-82.975
41144,38.541,-82.943
41146,38.279,-82.896
41149,38.099,-83.077
41159,38.01,-82.975
41164,38.288,-83.157
41166,38.637,-83.094
41168,38.307,-82.751
41169,38.536,-82.738
41171,38.089,-83.106
41174,38.706,-83.007
41175,38.649,-82.972
41179,38.552,-83.377
41180,38.15,-82.884
41183,38.553,-82.738
41189,38.548,-83.563
41201,38.074,-82.738
41203,37.841,-82.46
41204,37.83,-82.672
41214,37.802,-82.628
41216,37.733,-82.803
41219,37.926,-82.905
41222,37.756,-82.858
41224,37.805,-82.546
41226,37.981,-82.952
41230,38.044,-82.673
41231,37.814,-82.407
41232,37.941,-82.73
41234,37.79,-82.742
41238,37.846,-82.961
41240,37.824,-82.797
41250,37.715,-82.456
41254,37.887,-82.715
41255,37.904,-82.833
41256,37.84,-82.897
41257,37.919,-82.795
41260,37.826,-82.753
41262,37.845,-82.63
41263,37.857,-82.752
41264,37.925,-82.681
41265,37.748,-82.707
41267,37.878,-82.441
41268,37.788,-82.785
41271,37.822,-82.724
41274,37.864,-82.811
41301,37.729,-83.492
41311,37.583,-83.711
41314,37.426,-83.64
41317,37.446,-83.153
41332,37.801,-83.389
41339,37.507,-83.283
41348,37.409,-83.301
41352,37.823,-83.33
41360,37.801,-83.615
41365,37.707,-83.629
41366,37.595,-83.218
41367,37.415,-83.228
41385,37.664,-83.315
41390,37.409,-83.377
41397,37.689,-83.673
41408,37.779,-83.285
41421,37.992,-83.197
41425,37.889,-83.393
41464,37.658,-82.953
41465,37.706,-83.095
41472,37.943,-83.249
41501,37.514,-82.509
41503,37.664,-82.287
41512,37.254,-82.476
41513,37.344,-82.344
41514,37.669,-82.319
41517,37.195,-82.579
41519,37.584,-82.322
41522,37.297,-82.389
41524,37.418,-82.231
41526,37.433,-82.511
41527,37.632,-82.289
41528,37.549,-82.14
41531,37.593,-82.233
41534,37.278,-82.477
41535,37.596,-82.28
41537,37.223,-82.614
41538,37.316,-82.59
41539,37.507,-82.327
41540,37.391,-82.335
41543,37.548,-82.285
41544,37.594,-82.174
41547,37.536,-82.091
41548,37.403,-82.271
41553,37.477,-82.164
41554,37.436,-82.289
41555,37.538,-82.258
41557,37.486,-82.411
41558,37.539,-82.209
41559,37.374,-82.383
41560,37.396,-82.578
41562,37.399,-82.464
41563,37.232,-82.537
41564,37.608,-82.365
41566,37.403,-82.201
41567,37.575,-82.283
41568,37.492,-82.098
41571,37.628,-82.436
41572,37.313,-82.644
41601,37.6,-82.722
41602,37.746,-82.754
41603,37.571,-82.704
41604,37.384,-82.661
41605,37.55,-82.625
41606,37.337,-82.734
41607,37.625,-82.857
41612,37.354,-82.723
41615,37.537,-82.693
41616,37.562,-82.879
41619,37.479,-82.733
41621,37.627,-82.731
41622,37.523,-82.817
41630,37.468,-82.799
41631,37.474,-82.655
41632,37.565,-82.952
41635,37.484,-82.626
41636,37.399,-82.732
41640,37.476,-83.009
41642,37.592,-82.649
41643,37.46,-82.832
41645,37.524,-82.795
41647,37.442,-82.718
41649,37.571,-82.777
41650,37.355,-82.683
41653,37.655,-82.758
41655,37.507,-82.736
41659,37.58,-82.622
41660,37.414,-82.632
41663,37.565,-82.659
41666,37.439,-82.808
41667,37.308,-82.695
41669,37.332,-82.716
41701,37.292,-83.19
41712,37.364,-83.127
41713,37.219,-83.276
41714,37.143,-83.517
41719,37.306,-83.258
41721,37.309,-83.473
41722,37.369,-83.116
41723,37.265,-83.311
41725,37.339,-83.035
41727,37.377,-83.279
41729,37.265,-83.216
41731,37.094,-83.079
41735,37.015,-83.103
41739,37.33,-83.119
41740,37.364,-83.073
41745,37.34,-83.433
41746,37.214,-83.09
41749,37.205,-83.449
41751,37.211,-83.138
41754,37.295,-83.318
41759,37.218,-83.014
41760,37.206,-83.076
41762,37.274,-83.475
41763,37.067,-83.15
41764,37.117,-83.254
41766,37.18,-83.466
41772,37.424,-83.054
41773,37.232,-83.027
41774,37.143,-83.14
41775,37.088,-83.346
41776,37.168,-83.295
41777,37.072,-83.256
41804,37.152,-83.002
41810,37.185,-82.674
41812,37.254,-82.746
41815,37.16,-82.798
41817,37.347,-82.93
41819,36.987,-83.107
41821,37.059,-83.015
41822,37.327,-82.982
41824,37.192,-82.873
41825,37.231,-82.706
41826,37.163,-82.912
41828,37.288,-82.788
41831,37.387,-82.953
41832,37.149,-82.959
41833,37.026,-82.986
41834,37.254,-82.969
41835,37.221,-82.668
41836,37.233,-82.901
41837,37.125,-82.758
41838,37.204,-82.757
41839,37.397,-82.905
41840,37.199,-82.721
41843,37.283,-82.845
41844,37.314,-82.872
41845,37.141,-82.901
41847,37.203,-82.968
41848,37.093,-82.948
41849,37.176,-82.735
41855,37.19,-82.785
41858,37.136,-82.855
41859,37.388,-82.772
41861,37.406,-82.822
41862,37.336,-82.778
42001,37.031,-88.709
42003,37.005,-88.578
42020,36.693,-88.29
42021,36.823,-89.028
42022,37.145,-88.945
42023,36.872,-88.991
42024,37.077,-89.05
42025,36.857,-88.335
42027,36.917,-88.628
42028,37.239,-88.337
42029,37.006,-88.392
42031,36.686,-88.991
42032,36.776,-89.108
42035,36.9,-88.84
42036,36.712,-88.215
42037,37.173,-88.188
42038,37.047,-88.028
42039,36.789,-88.825
42040,36.625,-88.497
42041,36.55,-88.877
42044,36.958,-88.263
42045,37.064,-88.263
42047,37.295,-88.399
42048,36.766,-88.229
42049,36.521,-88.334
42050,36.555,-89.219
42051,36.851,-88.647
42053,37.113,-88.878
42054,36.714,-88.433
42055,37.075,-88.174
42056,37.107,-88.987
42058,37.058,-88.466
42060,36.966,-88.828
42061,36.883,-88.766
42064,37.357,-88.09
42066,36.733,-88.64
42069,36.919,-88.756
42071,36.625,-88.285
42076,36.571,-88.107
42078,37.278,-88.287
42079,36.568,-88.589
42081,37.227,-88.417
42082,36.92,-88.5
42083,37.162,-88.288
42084,37.435,-88.246
42085,36.57,-88.801
42086,37.089,-88.772
42087,36.973,-88.995
42088,36.621,-88.748
42101,37.058,-86.463
42102,37.004,-86.418
42103,36.946,-86.281
42104,36.877,-86.451
42120,36.673,-86.262
42122,36.857,-86.354
42123,36.818,-85.983
42124,36.871,-85.644
42127,37.114,-85.918
42129,36.989,-85.585
42130,36.926,-85.786
42133,36.726,-85.956
42134,36.725,-86.564
42140,36.657,-85.829
42141,36.948,-85.918
42151,36.65,-85.554
42153,36.663,-86.067
42154,37.042,-85.726
42156,36.851,-86.054
42157,36.781,-85.82
42159,36.994,-86.248
42160,37.12,-86.004
42163,37.079,-86.134
42164,36.776,-86.182
42166,36.88,-85.709
42167,36.721,-85.674
42170,36.841,-86.577
42171,37.036,-86.174
42202,36.683,-86.844
42204,36.685,-87.076
42206,36.887,-86.743
42207,37.294,-86.267
42210,37.207,-86.252
42211,36.818,-87.834
42214,37.138,-85.683
42215,36.996,-87.667
42217,37.041,-87.458
42220,36.893,-87.179
42223,36.628,-87.463
42232,36.865,-87.643
42234,36.722,-87.179
42236,36.712,-87.614
42240,36.88,-87.463
42254,36.661,-87.655
42256,37.001,-86.938
42259,37.243,-86.148
42261,37.217,-86.671
42262,36.68,-87.449
42265,36.739,-87.004
42266,36.744,-87.357
42273,37.216,-86.839
42274,36.95,-86.599
42275,37.217,-86.457
42276,36.857,-86.88
42280,36.957,-87.099
42285,37.264,-86.298
42286,36.729,-87.29
42301,37.736,-87.249
42303,37.759,-87.047
42320,37.333,-86.867
42321,37.165,-87.055
42322,37.614,-87.395
42323,37.173,-87.035
42324,37.135,-87.005
42325,37.328,-87.274
42326,37.225,-87.005
42327,37.581,-87.297
42328,37.431,-87.045
42330,37.322,-87.116
42332,37.25,-87.089
42333,37.364,-86.752
42337,37.198,-86.949
42338,37.544,-86.801
42339,37.094,-86.975
42343,37.653,-86.694
42344,37.271,-87.317
42345,37.136,-87.184
42347,37.525,-86.882
42348,37.831,-86.775
42349,37.43,-86.677
42350,37.455,-87.187
42351,37.899,-86.867
42352,37.515,-87.086
42354,37.378,-86.931
42355,37.856,-86.994
42356,37.693,-87.324
42361,37.517,-86.684
42366,37.723,-86.939
42367,37.239,-87.16
42368,37.703,-86.754
42369,37.359,-87.004
42370,37.449,-86.739
42371,37.51,-87.29
42372,37.406,-87.27
42374,37.326,-87.154
42376,37.617,-87.086
42378,37.667,-86.863
42404,37.474,-87.838
42406,37.762,-87.738
42408,37.18,-87.693
42409,37.539,-87.693
42410,37.279,-87.512
42411,37.198,-88.011
42413,37.449,-87.467
42420,37.811,-87.515
42431,37.334,-87.481
42436,37.374,-87.576
42437,37.667,-87.938
42440,37.241,-87.465
42441,37.363,-87.669
42442,37.167,-87.488
42445,37.133,-87.852
42450,37.396,-87.763
42451,37.885,-87.391
42452,37.687,-87.532
42453,37.158,-87.591
42455,37.593,-87.543
42456,37.508,-87.496
42458,37.84,-87.421
42459,37.567,-88.019
42461,37.797,-87.889
42462,37.744,-87.802
42463,37.473,-87.869
42464,37.181,-87.356
42501,37.056,-84.451
42503,37.165,-84.519
42516,37.222,-84.786
42518,36.942,-84.633
42519,36.955,-84.535
42528,37.182,-85.023
42533,37.072,-84.592
42539,37.309,-84.951
42541,37.359,-84.794
42544,37.03,-84.815
42553,37.156,-84.698
42565,37.159,-84.889
42566,37.279,-84.783
42567,37.266,-84.605
42602,36.74,-85.11
42603,36.782,-85.029
42629,36.913,-85.138
42631,36.74,-84.481
42633,36.802,-84.83
42634,36.873,-84.443
42635,36.68,-84.397
42638,36.675,-84.47
42642,37.059,-85.035
42647,36.681,-84.627
42649,36.62,-84.431
42653,36.782,-84.455
42701,37.704,-85.837
42712,37.519,-86.109
42713,37.383,-85.884
42715,36.955,-85.39
42716,37.48,-85.606
42717,36.788,-85.379
42718,37.385,-85.373
42721,37.423,-86.5
42722,37.277,-85.716
42724,37.676,-86.071
42726,37.425,-86.141
42728,37.117,-85.29
42729,37.306,-86.096
42731,36.848,-85.557
42732,37.589,-86.133
42733,37.344,-85.186
42740,37.586,-85.949
42741,36.999,-85.238
42743,37.228,-85.532
42746,37.212,-85.732
42748,37.567,-85.694
42749,37.184,-85.877
42753,37.211,-85.2
42754,37.473,-86.316
42757,37.403,-85.72
42758,37.374,-85.199
42762,37.455,-86.393
42764,37.43,-85.621
42765,37.333,-85.933
42776,37.515,-85.927
42782,37.337,-85.643
42784,37.452,-85.932
42788,37.53,-86.028
43001,40.088,-82.614
43002,40.063,-83.17
43003,40.412,-82.979
43004,40.017,-82.799
43005,40.286,-82.277
43006,40.46,-82.149
43008,39.934,-82.481
43009,40.171,-83.639
43010,40.0,-83.623
43011,40.303,-82.68
43013,40.233,-82.688
43014,40.467,-82.263
43015,40.298,-83.06
43016,40.097,-83.15
43017,40.111,-83.129
43019,40.493,-82.579
43021,40.198,-82.874
43022,40.345,-82.34
43023,40.079,-82.536
43025,39.971,-82.517
43026,40.021,-83.194
43028,40.402,-82.297
43029,40.097,-83.441
43030,39.961,-82.416
43031,40.161,-82.665
43032,40.329,-82.959
43033,39.961,-82.604
43035,40.189,-82.995
43036,40.352,-83.261
43037,40.284,-82.323
43040,40.26,-83.359
43044,40.055,-83.551
43045,40.168,-83.459
43046,39.896,-82.542
43050,40.374,-82.493
43054,40.083,-82.799
43055,40.12,-82.378
43056,40.008,-82.341
43060,40.222,-83.572
43061,40.29,-83.203
43062,40.007,-82.682
43064,40.098,-83.284
43065,40.178,-83.094
43066,40.391,-83.172
43067,40.34,-83.468
43068,39.956,-82.785
43070,40.216,-83.958
43071,40.181,-82.359
43072,40.12,-83.957
43074,40.27,-82.851
43076,39.897,-82.399
43077,40.137,-83.341
43078,40.118,-83.784
43080,40.241,-82.429
43081,40.11,-82.891
43082,40.149,-82.885
43084,40.15,-83.557
43085,40.101,-83.013
43101,39.465,-82.746
43102,39.641,-82.765
43103,39.732,-82.936
43105,39.867,-82.612
43106,39.642,-83.421
43107,39.693,-82.415
43109,39.918,-82.831
43110,39.827,-82.8
43111,39.502,-82.243
43112,39.798,-82.705
43113,39.587,-82.962
43115,39.492,-83.151
43116,39.772,-83.062
43117,39.769,-83.206
43119,39.941,-83.206
43123,39.867,-83.116
43125,39.838,-82.888
43126,39.816,-83.166
43127,39.48,-82.321
43128,39.66,-83.594
43130,39.696,-82.615
43135,39.468,-82.693
43136,39.801,-82.812
43137,39.809,-82.987
43138,39.518,-82.414
43140,39.88,-83.429
43142,39.594,-83.587
43143,39.712,-83.289
43144,39.53,-82.195
43145,39.565,-83.26
43146,39.774,-83.137
43147,39.898,-82.744
43148,39.82,-82.5
43149,39.543,-82.578
43150,39.777,-82.41
43151,39.733,-83.476
43152,39.39,-82.624
43153,39.744,-83.557
43154,39.601,-82.83
43155,39.635,-82.529
43156,39.554,-82.776
43157,39.843,-82.546
43158,39.44,-82.356
43160,39.527,-83.441
43162,39.949,-83.308
43164,39.585,-83.118
43201,39.991,-83.0
43202,40.02,-83.015
43203,39.973,-82.969
43204,39.961,-83.083
43205,39.957,-82.962
43206,39.942,-82.974
43207,39.896,-82.964
43209,39.954,-82.931
43210,40.005,-83.023
43211,40.012,-82.971
43212,39.987,-83.043
43213,39.967,-82.862
43214,40.052,-83.016
43215,39.967,-83.013
43217,39.817,-82.923
43219,40.006,-82.921
43220,40.049,-83.074
43221,40.023,-83.076
43222,39.961,-83.035
43223,39.928,-83.035
43224,40.044,-82.966
43227,39.944,-82.89
43228,39.966,-83.125
43229,40.086,-82.978
43230,40.036,-82.871
43231,40.079,-82.935
43232,39.921,-82.87
43235,40.118,-83.028
43240,40.145,-82.983
43302,40.599,-83.13
43310,40.535,-83.786
43311,40.366,-83.756
43314,40.649,-82.959
43315,40.484,-82.874
43316,40.954,-83.381
43317,40.475,-82.681
43318,40.31,-83.912
43319,40.303,-83.575
43320,40.589,-82.898
43321,40.457,-82.83
43322,40.532,-83.208
43323,40.73,-83.248
43324,40.445,-83.814
43326,40.639,-83.615
43330,40.813,-83.419
43331,40.518,-83.922
43332,40.591,-83.372
43333,40.443,-83.925
43334,40.398,-82.797
43336,40.291,-83.582
43337,40.681,-83.267
43338,40.564,-82.76
43340,40.544,-83.476
43341,40.596,-83.315
43342,40.471,-83.184
43343,40.309,-83.979
43344,40.431,-83.345
43345,40.511,-83.584
43347,40.478,-83.66
43348,40.461,-83.891
43351,40.825,-83.303
43356,40.465,-83.033
43357,40.254,-83.747
43358,40.415,-83.538
43359,40.873,-83.455
43360,40.333,-83.644
43402,41.418,-83.657
43403,41.377,-83.637
43406,41.334,-83.433
43407,41.278,-83.249
43408,41.572,-83.363
43410,41.312,-82.958
43412,41.631,-83.322
43413,41.243,-83.652
43416,41.484,-83.267
43420,41.358,-83.11
43430,41.522,-83.37
43431,41.39,-83.338
43432,41.563,-83.252
43433,41.505,-82.88
43434,41.693,-83.445
43435,41.325,-83.313
43437,41.254,-83.602
43438,41.603,-82.707
43439,41.518,-83.041
43440,41.526,-82.777
43442,41.423,-83.216
43443,41.461,-83.47
43445,41.583,-83.296
43446,41.681,-82.81
43447,41.563,-83.446
43449,41.534,-83.136
43450,41.401,-83.491
43451,41.318,-83.617
43452,41.516,-82.981
43456,41.647,-82.823
43457,41.267,-83.427
43458,41.53,-83.213
43460,41.601,-83.565
43462,41.284,-83.723
43463,41.509,-83.508
43464,41.405,-82.924
43465,41.565,-83.5
43466,41.295,-83.515
43467,41.243,-83.484
43468,41.598,-83.341
43469,41.46,-83.365
43501,41.673,-84.462
43502,41.535,-84.294
43504,41.696,-83.837
43505,41.524,-84.731
43506,41.466,-84.557
43511,41.263,-83.815
43512,41.303,-84.358
43515,41.584,-84.011
43516,41.215,-83.915
43517,41.434,-84.729
43518,41.596,-84.758
43519,41.419,-84.407
43521,41.66,-84.298
43522,41.42,-83.832
43523,41.337,-83.989
43524,41.227,-84.038
43525,41.467,-83.704
43526,41.313,-84.725
43527,41.246,-84.158
43528,41.629,-83.75
43529,41.188,-83.782
43531,41.635,-84.496
43532,41.45,-83.975
43533,41.692,-84.082
43534,41.35,-83.927
43535,41.307,-84.022
43536,41.31,-84.633
43537,41.575,-83.687
43540,41.693,-83.928
43541,41.301,-83.83
43542,41.567,-83.765
43543,41.606,-84.645
43545,41.391,-84.127
43547,41.492,-83.876
43548,41.185,-84.175
43549,41.371,-84.521
43551,41.518,-83.572
43553,41.531,-84.229
43554,41.658,-84.563
43555,41.434,-84.254
43556,41.303,-84.564
43557,41.487,-84.392
43558,41.595,-83.878
43560,41.701,-83.739
43565,41.42,-83.74
43566,41.493,-83.753
43567,41.58,-84.161
43569,41.35,-83.789
43570,41.588,-84.441
43571,41.513,-83.823
43604,41.652,-83.541
43605,41.648,-83.507
43606,41.673,-83.611
43607,41.649,-83.604
43608,41.68,-83.529
43609,41.627,-83.581
43610,41.678,-83.561
43611,41.705,-83.485
43612,41.716,-83.551
43613,41.706,-83.604
43614,41.604,-83.63
43615,41.65,-83.674
43616,41.658,-83.409
43617,41.665,-83.728
43619,41.604,-83.47
43620,41.665,-83.554
43623,41.703,-83.65
43701,39.969,-81.991
43711,39.841,-81.577
43713,39.988,-81.175
43716,39.829,-81.012
43717,39.79,-81.556
43718,40.015,-80.998
43719,39.997,-81.079
43720,39.796,-81.876
43721,39.95,-82.265
43722,39.919,-81.518
43723,39.961,-81.539
43724,39.721,-81.499
43725,40.045,-81.589
43727,39.861,-81.785
43728,39.48,-81.895
43730,39.615,-82.102
43731,39.725,-82.061
43732,39.845,-81.643
43733,39.927,-81.538
43734,39.885,-81.891
43735,39.867,-82.118
43736,40.061,-81.238
43738,39.856,-82.142
43739,39.903,-82.286
43740,39.952,-82.213
43746,39.965,-82.184
43747,39.861,-81.125
43748,39.692,-82.316
43749,40.167,-81.561
43750,39.997,-81.513
43754,39.761,-81.234
43755,40.053,-81.432
43756,39.692,-81.795
43758,39.628,-81.946
43759,40.066,-81.073
43760,39.888,-82.193
43761,39.668,-82.148
43762,40.026,-81.741
43764,39.713,-82.181
43766,39.593,-82.253
43767,40.064,-81.784
43768,40.038,-81.445
43771,39.836,-81.945
43772,39.886,-81.527
43773,39.982,-81.299
43777,39.819,-82.114
43778,39.999,-81.379
43779,39.82,-81.428
43780,39.909,-81.438
43782,39.622,-82.212
43783,39.804,-82.279
43786,39.71,-81.277
43787,39.524,-81.802
43788,39.806,-81.334
43793,39.745,-81.096
43802,40.091,-81.852
43804,40.451,-81.741
43805,40.393,-81.973
43811,40.18,-81.921
43812,40.264,-81.881
43821,40.137,-82.001
43822,40.179,-82.174
43824,40.364,-81.758
43830,40.067,-82.14
43832,40.276,-81.585
43836,40.209,-81.72
43837,40.298,-81.478
43840,40.411,-81.601
43842,40.137,-82.013
43843,40.349,-82.176
43844,40.325,-82.061
43845,40.265,-81.731
43901,40.224,-80.856
43902,39.883,-80.952
43903,40.472,-80.973
43905,40.105,-80.839
43906,40.011,-80.809
43907,40.248,-81.02
43908,40.506,-80.874
43910,40.373,-80.826
43912,40.083,-80.797
43913,40.267,-80.636
43914,39.775,-80.953
43915,39.763,-80.899
43917,40.234,-80.798
43920,40.677,-80.595
43925,40.448,-80.862
43926,40.508,-80.622
43927,40.121,-80.937
43928,40.01,-80.915
43930,40.563,-80.763
43931,39.673,-80.873
43932,40.517,-80.761
43933,39.935,-80.896
43934,40.078,-80.789
43935,40.128,-80.755
43938,40.304,-80.673
43939,40.167,-80.8
43940,40.029,-80.827
43942,39.861,-80.855
43943,40.208,-80.731
43944,40.429,-80.769
43945,40.637,-80.848
43946,39.652,-80.965
43947,39.956,-80.808
43948,40.27,-80.778
43950,40.097,-80.925
43951,40.112,-81.012
43952,40.409,-80.665
43953,40.353,-80.702
43961,40.525,-80.63
43962,40.672,-80.88
43963,40.171,-80.697
43964,40.481,-80.662
43967,40.026,-80.94
43968,40.632,-80.684
43970,40.463,-80.889
43971,40.159,-80.713
43972,40.102,-80.974
43973,40.19,-81.276
43974,40.182,-80.888
43976,40.374,-80.921
43977,40.135,-81.083
43983,40.137,-81.199
43985,40.165,-81.132
43986,40.385,-80.996
43988,40.401,-81.121
44001,41.366,-82.26
44003,41.616,-80.586
44004,41.856,-80.792
44010,41.765,-80.847
44011,41.445,-82.005
44012,41.498,-82.017
44017,41.371,-81.862
44021,41.443,-81.144
44022,41.446,-81.403
44023,41.385,-81.286
44024,41.578,-81.192
44026,41.528,-81.325
44028,41.301,-81.937
44030,41.897,-80.585
44032,41.669,-80.67
44035,41.364,-82.138
44039,41.386,-82.025
44040,41.536,-81.411
44041,41.777,-80.95
44044,41.266,-82.042
44045,41.749,-81.284
44046,41.543,-81.069
44047,41.728,-80.736
44048,41.85,-80.639
44049,41.267,-82.306
44050,41.249,-82.128
44052,41.459,-82.165
44053,41.427,-82.226
44054,41.472,-82.09
44055,41.434,-82.134
44056,41.315,-81.502
44057,41.76,-81.06
44060,41.677,-81.328
44062,41.452,-81.037
44064,41.598,-81.032
44065,41.476,-81.222
44067,41.316,-81.543
44070,41.415,-81.919
44072,41.471,-81.325
44074,41.289,-82.231
44076,41.531,-80.824
44077,41.698,-81.21
44080,41.366,-81.058
44081,41.764,-81.143
44082,41.762,-80.568
44084,41.671,-80.899
44085,41.603,-80.875
44086,41.676,-81.059
44087,41.313,-81.439
44089,41.392,-82.377
44090,41.168,-82.229
44092,41.6,-81.469
44093,41.531,-80.614
44094,41.611,-81.379
44095,41.652,-81.442
44099,41.549,-80.983
44101,41.489,-81.667
44102,41.479,-81.741
44103,41.519,-81.642
44104,41.482,-81.627
44105,41.449,-81.63
44106,41.505,-81.605
44107,41.483,-81.802
44108,41.545,-81.607
44109,41.448,-81.694
44110,41.569,-81.565
44111,41.458,-81.789
44112,41.536,-81.574
44113,41.483,-81.697
44114,41.52,-81.678
44115,41.494,-81.671
44116,41.473,-81.854
44117,41.571,-81.524
44118,41.502,-81.557
44119,41.589,-81.547
44120,41.474,-81.58
44121,41.526,-81.532
44122,41.469,-81.512
44123,41.605,-81.524
44124,41.5,-81.465
44125,41.406,-81.609
44126,41.442,-81.853
44127,41.472,-81.65
44128,41.44,-81.539
44129,41.39,-81.735
44130,41.377,-81.787
44131,41.383,-81.65
44132,41.606,-81.497
44133,41.314,-81.745
44134,41.38,-81.701
44135,41.426,-81.819
44136,41.312,-81.811
44137,41.409,-81.563
44138,41.374,-81.923
44139,41.383,-81.444
44140,41.488,-81.931
44141,41.3,-81.617
44142,41.4,-81.834
44143,41.553,-81.477
44144,41.437,-81.74
44145,41.45,-81.93
44146,41.381,-81.529
44147,41.318,-81.679
44149,41.316,-81.856
44201,41.029,-81.184
44202,41.315,-81.338
44203,41.021,-81.629
44212,41.244,-81.829
44214,40.952,-82.0
44215,41.069,-81.896
44216,40.946,-81.582
44217,40.952,-81.913
44221,41.139,-81.475
44223,41.17,-81.531
44224,41.176,-81.437
44230,40.964,-81.688
44231,41.303,-81.07
44233,41.249,-81.738
44234,41.326,-81.152
44235,41.031,-82.117
44236,41.246,-81.45
44240,41.132,-81.333
44241,41.243,-81.348
44243,41.148,-81.341
44250,41.02,-81.437
44251,41.029,-81.927
44253,41.167,-82.032
44254,41.043,-82.014
44255,41.287,-81.229
44256,41.14,-81.861
44260,41.035,-81.338
44262,41.14,-81.436
44264,41.23,-81.54
44265,41.036,-81.253
44266,41.166,-81.208
44270,40.961,-81.775
44272,41.09,-81.181
44273,41.028,-81.878
44274,41.098,-81.733
44275,41.102,-82.103
44276,40.94,-81.836
44278,41.106,-81.425
44280,41.249,-81.931
44281,41.06,-81.741
44285,41.16,-81.072
44286,41.233,-81.644
44287,40.938,-82.102
44288,41.239,-81.076
44301,41.043,-81.524
44302,41.089,-81.539
44303,41.105,-81.537
44304,41.083,-81.508
44305,41.075,-81.462
44306,41.039,-81.483
44307,41.069,-81.547
44308,41.082,-81.517
44310,41.106,-81.494
44311,41.064,-81.521
44312,41.014,-81.444
44313,41.13,-81.573
44314,41.041,-81.56
44319,40.982,-81.527
44320,41.073,-81.582
44321,41.089,-81.652
44333,41.161,-81.631
44401,41.021,-80.939
44402,41.381,-80.845
44403,41.24,-80.582
44404,41.324,-80.557
44405,41.078,-80.592
44406,41.011,-80.77
44408,40.886,-80.688
44410,41.346,-80.728
44411,41.037,-81.037
44412,41.094,-81.023
44413,40.845,-80.549
44417,41.436,-80.664
44418,41.307,-80.603
44420,41.178,-80.682
44423,40.749,-80.896
44425,41.17,-80.574
44427,40.709,-80.95
44428,41.437,-80.574
44429,41.097,-80.98
44430,41.24,-80.908
44431,40.852,-80.749
44432,40.746,-80.766
44436,41.059,-80.535
44437,41.156,-80.73
44438,41.24,-80.531
44439,41.456,-80.956
44440,41.141,-80.803
44441,40.756,-80.55
44442,40.966,-80.546
44443,40.934,-80.604
44444,41.173,-80.973
44445,40.849,-80.622
44446,41.19,-80.749
44449,40.976,-81.038
44450,41.445,-80.835
44451,41.079,-80.868
44452,40.947,-80.664
44454,40.917,-80.552
44455,40.772,-80.61
44460,40.899,-80.87
44470,41.3,-80.973
44471,41.051,-80.591
44473,41.255,-80.65
44481,41.177,-80.902
44483,41.264,-80.817
44484,41.236,-80.75
44485,41.24,-80.848
44490,40.896,-80.768
44491,41.37,-80.964
44493,40.825,-80.889
44502,41.083,-80.639
44503,41.099,-80.649
44504,41.124,-80.655
44505,41.129,-80.622
44506,41.093,-80.626
44507,41.074,-80.655
44509,41.109,-80.696
44510,41.122,-80.673
44511,41.069,-80.697
44512,41.026,-80.668
44514,41.001,-80.606
44515,41.103,-80.761
44601,40.919,-81.129
44606,40.735,-81.8
44607,40.69,-81.026
44608,40.656,-81.593
44609,40.917,-80.99
44610,40.56,-81.8
44611,40.61,-82.075
44612,40.633,-81.476
44613,40.712,-81.608
44614,40.89,-81.576
44615,40.565,-81.075
44618,40.77,-81.681
44620,40.578,-81.21
44621,40.437,-81.298
44622,40.546,-81.483
44624,40.609,-81.662
44625,40.763,-81.004
44626,40.689,-81.382
44627,40.664,-81.836
44628,40.535,-82.169
44629,40.349,-81.453
44632,40.963,-81.313
44633,40.63,-81.935
44634,40.838,-81.041
44637,40.49,-82.039
44638,40.642,-82.146
44640,40.986,-81.151
44641,40.857,-81.246
44643,40.639,-81.303
44644,40.688,-81.178
44645,40.91,-81.718
44646,40.814,-81.497
44647,40.798,-81.565
44651,40.628,-80.951
44652,40.9,-81.326
44653,40.436,-81.37
44654,40.538,-81.871
44656,40.569,-81.335
44657,40.741,-81.093
44659,40.695,-81.703
44661,40.596,-82.113
44662,40.711,-81.555
44663,40.46,-81.452
44666,40.848,-81.639
44667,40.834,-81.767
44669,40.788,-81.151
44670,40.763,-81.189
44671,40.646,-81.366
44672,40.92,-81.025
44675,40.502,-81.254
44676,40.691,-82.034
44677,40.875,-81.859
44678,40.567,-81.35
44680,40.607,-81.545
44681,40.508,-81.662
44682,40.397,-81.405
44683,40.365,-81.325
44685,40.955,-81.424
44687,40.538,-81.72
44688,40.684,-81.255
44689,40.645,-81.659
44690,40.613,-81.694
44691,40.806,-81.982
44693,40.302,-81.186
44695,40.442,-81.17
44697,40.612,-81.424
44699,40.277,-81.281
44702,40.8,-81.376
44703,40.811,-81.381
44704,40.8,-81.34
44705,40.835,-81.331
44706,40.754,-81.419
44707,40.761,-81.35
44708,40.818,-81.436
44709,40.842,-81.386
44710,40.79,-81.426
44714,40.836,-81.358
44718,40.848,-81.451
44720,40.903,-81.433
44721,40.893,-81.332
44730,40.767,-81.266
44802,41.046,-83.419
44804,41.106,-83.534
44805,40.873,-82.317
44807,41.06,-82.877
44809,41.133,-83.289
44811,41.246,-82.847
44813,40.6,-82.53
44814,41.324,-82.472
44815,41.247,-83.239
44816,41.33,-82.353
44817,41.204,-83.545
44818,40.998,-82.989
44820,40.817,-82.974
44822,40.557,-82.398
44824,41.383,-82.806
44825,40.954,-82.943
44826,41.242,-82.478
44827,40.822,-82.755
44828,41.232,-82.861
44830,41.168,-83.399
44833,40.711,-82.794
44836,41.237,-83.063
44837,41.021,-82.473
44838,40.772,-82.256
44839,41.381,-82.557
44840,40.788,-82.178
44841,41.251,-83.306
44842,40.649,-82.225
44843,40.689,-82.408
44844,40.992,-83.261
44846,41.319,-82.606
44847,41.23,-82.713
44849,40.809,-83.13
44850,41.035,-82.684
44851,41.109,-82.392
44853,41.055,-83.303
44854,40.944,-82.868
44855,41.106,-82.592
44856,40.794,-82.857
44857,41.216,-82.578
44859,41.022,-82.331
44861,41.239,-83.148
44864,40.668,-82.321
44865,40.993,-82.677
44866,40.924,-82.198
44867,41.149,-82.982
44870,41.428,-82.745
44874,40.969,-82.37
44875,40.89,-82.652
44878,40.942,-82.521
44880,41.035,-82.22
44881,40.87,-82.876
44882,40.947,-83.14
44883,41.123,-83.174
44887,40.916,-82.791
44889,41.246,-82.382
44890,41.085,-82.711
44901,40.792,-82.509
44902,40.758,-82.511
44903,40.776,-82.528
44904,40.664,-82.614
44905,40.778,-82.467
44906,40.767,-82.573
44907,40.728,-82.52
45001,39.141,-84.712
45002,39.197,-84.758
45003,39.587,-84.786
45005,39.539,-84.296
45011,39.427,-84.498
45013,39.414,-84.653
45014,39.326,-84.552
45015,39.377,-84.567
45030,39.26,-84.76
45032,39.503,-84.01
45033,39.177,-84.763
45034,39.359,-84.243
45036,39.444,-84.214
45039,39.329,-84.246
45040,39.351,-84.313
45041,39.21,-84.702
45042,39.557,-84.42
45044,39.482,-84.41
45050,39.445,-84.359
45051,39.098,-84.647
45052,39.144,-84.779
45053,39.354,-84.788
45054,39.439,-84.085
45056,39.491,-84.744
45062,39.48,-84.553
45064,39.562,-84.596
45065,39.37,-84.211
45066,39.551,-84.224
45067,39.495,-84.481
45068,39.525,-84.066
45069,39.347,-84.413
45070,39.59,-84.558
45101,38.697,-83.727
45102,39.017,-84.204
45103,39.097,-84.134
45106,38.945,-84.065
45107,39.292,-83.969
45111,39.196,-84.29
45112,38.793,-84.14
45113,39.397,-83.986
45115,38.824,-83.699
45118,39.172,-83.934
45120,38.828,-84.09
45121,38.87,-83.904
45122,39.217,-84.115
45123,39.35,-83.386
45130,38.909,-83.999
45131,38.79,-83.967
45132,39.344,-83.6
45133,39.162,-83.576
45135,39.348,-83.542
45140,39.257,-84.242
45142,39.205,-83.811
45144,38.706,-83.61
45145,39.145,-84.005
45146,39.314,-83.804
45147,39.205,-84.284
45148,39.29,-83.887
45150,39.166,-84.23
45152,39.351,-84.12
45153,38.865,-84.187
45154,39.063,-83.917
45155,39.043,-83.752
45156,38.815,-84.214
45157,38.954,-84.23
45158,39.182,-84.09
45159,39.337,-83.692
45160,39.123,-84.137
45162,39.27,-84.075
45164,39.554,-83.782
45166,39.477,-83.688
45167,38.782,-83.79
45168,38.85,-83.755
45169,39.506,-83.651
45171,39.015,-83.8
45172,39.074,-83.387
45174,39.159,-84.312
45176,39.079,-84.03
45177,39.461,-83.844
45202,39.109,-84.503
45203,39.105,-84.534
45204,39.107,-84.553
45205,39.11,-84.575
45206,39.127,-84.484
45207,39.142,-84.471
45208,39.135,-84.434
45209,39.153,-84.427
45211,39.156,-84.597
45212,39.164,-84.452
45213,39.181,-84.42
45214,39.115,-84.534
45215,39.235,-84.462
45216,39.201,-84.482
45217,39.166,-84.498
45218,39.264,-84.518
45219,39.127,-84.513
45220,39.149,-84.52
45223,39.171,-84.55
45224,39.201,-84.532
45225,39.143,-84.551
45226,39.112,-84.422
45227,39.153,-84.386
45229,39.153,-84.487
45230,39.074,-84.389
45231,39.247,-84.535
45232,39.188,-84.51
45233,39.117,-84.673
45236,39.21,-84.397
45237,39.193,-84.452
45238,39.108,-84.61
45239,39.204,-84.581
45240,39.285,-84.529
45241,39.276,-84.397
45242,39.243,-84.353
45243,39.189,-84.336
45244,39.114,-84.326
45245,39.061,-84.276
45246,39.29,-84.469
45247,39.217,-84.661
45248,39.164,-84.663
45249,39.275,-84.328
45251,39.275,-84.598
45252,39.27,-84.628
45255,39.06,-84.328
45301,39.711,-84.022
45302,40.406,-84.209
45303,40.214,-84.66
45304,39.989,-84.525
45305,39.632,-84.079
45306,40.459,-84.187
45307,39.581,-83.724
45308,40.129,-84.457
45309,39.843,-84.415
45310,40.353,-84.643
45311,39.635,-84.678
45312,40.052,-84.093
45314,39.75,-83.776
45315,39.857,-84.339
45316,39.797,-83.826
45317,40.211,-83.989
45318,40.129,-84.354
45319,39.916,-83.943
45320,39.751,-84.681
45321,39.879,-84.686
45322,39.9,-84.328
45323,39.85,-83.928
45324,39.819,-83.991
45325,39.693,-84.43
45326,40.14,-84.094
45327,39.629,-84.403
45328,40.116,-84.496
45330,39.648,-84.529
45331,40.099,-84.651
45332,39.985,-84.792
45333,40.249,-84.332
45334,40.443,-84.043
45335,39.64,-83.741
45336,40.443,-84.257
45337,39.981,-84.423
45338,39.85,-84.544
45339,40.013,-84.342
45340,40.369,-84.052
45341,39.876,-84.024
45342,39.629,-84.276
45344,39.954,-84.01
45345,39.738,-84.407
45346,39.982,-84.71
45347,39.884,-84.751
45348,40.329,-84.645
45349,39.988,-83.942
45350,40.324,-84.574
45351,40.339,-84.495
45352,40.05,-84.744
45353,40.293,-84.043
45354,39.911,-84.4
45356,40.163,-84.228
45358,39.987,-84.488
45359,40.047,-84.351
45360,40.331,-84.091
45361,39.964,-84.415
45362,40.292,-84.628
45363,40.239,-84.4
45365,40.284,-84.16
45368,39.845,-83.648
45369,39.953,-83.594
45370,39.608,-84.033
45371,39.94,-84.161
45372,40.016,-83.842
45373,40.033,-84.195
45377,39.896,-84.224
45378,39.903,-84.489
45380,40.244,-84.517
45381,39.731,-84.524
45382,39.902,-84.612
45383,39.956,-84.343
45384,39.715,-83.884
45385,39.669,-83.914
45387,39.799,-83.888
45388,40.317,-84.478
45389,40.057,-84.028
45390,40.215,-84.761
45402,39.759,-84.209
45403,39.769,-84.147
45404,39.79,-84.162
45405,39.792,-84.216
45406,39.784,-84.241
45409,39.721,-84.188
45410,39.748,-84.158
45414,39.848,-84.208
45415,39.836,-84.257
45416,39.807,-84.258
45417,39.735,-84.289
45418,39.7,-84.26
45419,39.713,-84.167
45420,39.719,-84.129
45424,39.843,-84.11
45426,39.804,-84.32
45428,39.743,-84.261
45429,39.683,-84.159
45430,39.71,-84.085
45431,39.764,-84.084
45432,39.739,-84.085
45433,39.822,-84.05
45434,39.721,-84.032
45439,39.7,-84.219
45440,39.675,-84.098
45449,39.664,-84.238
45458,39.602,-84.156
45459,39.647,-84.171
45502,39.861,-83.753
45503,39.96,-83.772
45504,39.947,-83.867
45505,39.902,-83.757
45506,39.908,-83.837
45601,39.312,-82.957
45612,39.207,-83.279
45613,39.034,-82.851
45614,38.93,-82.277
45616,38.761,-83.314
45617,39.28,-83.156
45618,38.885,-83.616
45619,38.463,-82.45
45620,38.962,-82.142
45621,39.111,-82.608
45622,39.375,-82.491
45623,38.642,-82.27
45624,39.17,-83.347
45628,39.391,-83.198
45629,38.658,-82.816
45630,38.699,-83.092
45631,38.822,-82.264
45634,39.184,-82.486
45636,38.588,-82.828
45638,38.561,-82.68
45640,39.02,-82.656
45642,39.047,-83.054
45644,39.46,-82.845
45645,38.566,-82.527
45646,39.075,-83.323
45647,39.294,-82.733
45648,38.918,-83.008
45650,38.738,-83.422
45651,39.285,-82.483
45652,38.824,-83.095
45653,38.89,-82.822
45654,39.366,-82.378
45656,38.881,-82.594
45657,38.844,-83.236
45658,38.763,-82.412
45659,38.655,-82.641
45660,38.991,-83.367
45661,39.046,-83.108
45662,38.782,-82.918
45663,38.739,-83.089
45669,38.498,-82.358
45671,38.97,-83.248
45672,39.193,-82.695
45673,39.204,-82.812
45674,38.882,-82.374
45678,38.61,-82.38
45679,38.965,-83.556
45680,38.468,-82.547
45681,39.308,-83.256
45682,38.807,-82.695
45684,38.651,-83.191
45685,38.932,-82.457
45686,39.014,-82.377
45688,38.731,-82.543
45690,39.137,-83.008
45692,39.114,-82.541
45693,38.807,-83.54
45694,38.744,-82.781
45695,39.162,-82.373
45696,38.601,-82.452
45697,38.932,-83.674
45698,39.286,-82.392
45701,39.312,-82.086
45710,39.19,-82.238
45711,39.428,-81.932
45714,39.317,-81.614
45715,39.605,-81.628
45716,39.463,-82.182
45719,39.401,-82.127
45721,39.565,-81.584
45723,39.226,-81.823
45724,39.383,-81.8
45727,39.65,-81.488
45729,39.418,-81.604
45732,39.516,-82.068
45734,39.641,-81.196
45735,39.262,-81.928
45740,39.478,-82.077
45741,39.075,-82.247
45742,39.287,-81.73
45743,39.075,-81.835
45744,39.549,-81.494
45745,39.606,-81.33
45746,39.607,-81.459
45750,39.43,-81.422
45760,39.017,-82.122
45761,39.426,-82.075
45764,39.442,-82.231
45766,39.326,-82.257
45767,39.539,-81.128
45768,39.423,-81.295
45769,39.109,-82.051
45770,38.983,-81.798
45771,38.982,-81.895
45772,39.149,-81.819
45773,39.459,-81.267
45775,39.083,-82.154
45776,39.181,-82.024
45778,39.354,-81.893
45779,38.998,-81.966
45780,39.366,-82.131
45782,39.488,-82.081
45784,39.388,-81.678
45786,39.503,-81.655
45787,39.468,-81.632
45788,39.515,-81.368
45789,39.551,-81.255
45801,40.773,-84.034
45804,40.71,-84.061
45805,40.728,-84.165
45806,40.672,-84.126
45807,40.806,-84.172
45808,40.831,-83.969
45809,40.845,-84.187
45810,40.784,-83.813
45812,40.682,-83.814
45813,41.192,-84.733
45814,40.899,-83.63
45816,41.004,-83.794
45817,40.879,-83.884
45819,40.624,-84.26
45820,40.835,-84.084
45821,41.226,-84.561
45822,40.556,-84.599
45826,40.436,-84.494
45827,40.998,-84.299
45828,40.483,-84.672
45830,40.908,-84.096
45831,41.114,-84.255
45832,40.926,-84.73
45833,40.834,-84.349
45835,40.754,-83.7
45836,40.793,-83.64
45838,40.742,-84.478
45840,41.025,-83.652
45841,40.874,-83.742
45843,40.772,-83.545
45844,40.911,-84.282
45845,40.331,-84.383
45846,40.412,-84.743
45849,41.014,-84.447
45850,40.705,-83.918
45851,41.032,-84.6
45853,40.985,-84.198
45854,40.758,-83.952
45855,41.088,-84.584
45856,41.112,-84.0
45858,41.107,-83.805
45859,40.684,-83.779
45860,40.4,-84.517
45861,41.083,-84.427
45862,40.671,-84.515
45863,40.908,-84.445
45864,41.097,-84.147
45865,40.392,-84.368
45866,40.49,-84.551
45867,40.898,-83.527
45868,40.966,-83.85
45869,40.458,-84.404
45870,40.556,-83.951
45871,40.493,-84.3
45872,41.189,-83.686
45873,41.118,-84.39
45874,40.788,-84.672
45875,41.022,-84.061
45876,40.927,-84.341
45877,40.959,-83.934
45879,41.128,-84.563
45880,41.071,-84.733
45881,40.946,-83.78
45882,40.683,-84.677
45883,40.41,-84.623
45884,40.554,-84.083
45885,40.57,-84.391
45886,40.997,-84.621
45887,40.711,-84.365
45888,40.602,-84.087
45889,41.153,-83.639
45890,40.975,-83.49
45891,40.875,-84.574
45894,40.759,-84.461
45895,40.578,-84.155
45896,40.607,-83.93
45897,40.831,-83.657
45898,40.743,-84.77
45899,40.8,-84.774
46001,40.251,-85.658
46011,40.13,-85.761
46012,40.155,-85.62
46013,40.048,-85.682
46016,40.098,-85.682
46017,40.069,-85.607
46030,40.159,-86.009
46031,40.211,-86.018
46032,39.963,-86.175
46033,39.979,-86.086
46034,40.128,-86.047
46035,40.19,-86.678
46036,40.295,-85.831
46037,39.961,-85.947
46038,39.967,-86.017
46039,40.369,-86.312
46040,39.927,-85.834
46041,40.295,-86.494
46044,40.212,-85.793
46045,40.289,-86.15
46047,40.284,-85.947
46048,39.956,-85.802
46049,40.295,-86.222
46050,40.204,-86.349
46051,40.058,-85.837
46052,40.043,-86.457
46055,39.888,-85.902
46056,39.976,-85.612
46057,40.336,-86.377
46058,40.361,-86.647
46060,40.065,-85.916
46062,40.061,-86.056
46063,40.27,-85.724
46064,39.982,-85.739
46065,40.427,-86.61
46068,40.377,-86.116
46069,40.139,-86.228
46070,40.336,-85.662
46071,40.12,-86.609
46072,40.286,-86.067
46074,40.035,-86.171
46075,40.021,-86.331
46076,40.356,-85.928
46077,39.985,-86.283
46103,39.689,-86.614
46104,39.658,-85.602
46105,39.764,-86.811
46106,39.513,-86.205
46107,39.716,-86.091
46110,39.552,-85.926
46111,39.539,-86.37
46112,39.864,-86.382
46113,39.636,-86.303
46115,39.739,-85.567
46117,39.815,-85.616
46118,39.662,-86.518
46120,39.511,-86.789
46121,39.679,-86.679
46122,39.773,-86.551
46123,39.764,-86.403
46124,39.37,-85.928
46125,39.522,-86.642
46126,39.618,-85.88
46127,39.712,-85.312
46128,39.659,-86.743
46130,39.673,-85.835
46131,39.473,-86.044
46133,39.595,-85.311
46135,39.655,-86.894
46140,39.802,-85.772
46142,39.622,-86.175
46143,39.596,-86.116
46144,39.655,-85.647
46146,39.586,-85.568
46147,39.971,-86.623
46148,39.811,-85.512
46149,39.883,-86.554
46150,39.545,-85.603
46151,39.457,-86.433
46155,39.744,-85.43
46156,39.489,-85.494
46157,39.554,-86.529
46158,39.579,-86.374
46160,39.351,-86.269
46161,39.67,-85.696
46162,39.556,-85.954
46163,39.731,-85.901
46164,39.328,-86.126
46165,39.85,-86.64
46166,39.433,-86.587
46167,39.877,-86.468
46168,39.685,-86.393
46171,39.525,-86.961
46172,39.828,-86.818
46173,39.601,-85.431
46175,39.816,-86.966
46176,39.527,-85.774
46180,39.592,-86.619
46181,39.372,-86.172
46182,39.459,-85.669
46183,39.653,-86.282
46184,39.562,-86.072
46186,39.894,-85.645
46201,39.774,-86.109
46202,39.784,-86.163
46203,39.738,-86.097
46204,39.772,-86.157
46205,39.829,-86.134
46208,39.819,-86.171
46214,39.793,-86.292
46216,39.872,-86.012
46217,39.675,-86.191
46218,39.807,-86.1
46219,39.782,-86.043
46220,39.867,-86.109
46221,39.692,-86.238
46222,39.791,-86.215
46224,39.795,-86.257
46225,39.74,-86.163
46226,39.839,-86.052
46227,39.675,-86.133
46228,39.848,-86.201
46229,39.788,-85.977
46231,39.716,-86.321
46234,39.813,-86.326
46235,39.837,-85.975
46236,39.896,-85.968
46237,39.671,-86.072
46239,39.722,-85.999
46240,39.906,-86.125
46241,39.73,-86.285
46250,39.899,-86.059
46254,39.85,-86.272
46256,39.908,-86.013
46259,39.651,-85.981
46260,39.898,-86.178
46268,39.899,-86.233
46278,39.893,-86.298
46280,39.932,-86.131
46290,39.938,-86.163
46301,41.691,-86.979
46303,41.374,-87.479
46304,41.614,-87.046
46307,41.404,-87.326
46310,41.18,-87.231
46311,41.465,-87.509
46312,41.647,-87.454
46319,41.525,-87.422
46320,41.692,-87.511
46321,41.548,-87.503
46322,41.547,-87.458
46323,41.589,-87.454
46324,41.583,-87.502
46327,41.628,-87.499
46340,41.383,-86.771
46341,41.31,-87.215
46342,41.518,-87.245
46345,41.527,-86.699
46346,41.472,-86.693
46347,41.307,-87.013
46348,41.31,-86.862
46349,41.098,-87.412
46350,41.607,-86.722
46356,41.257,-87.422
46360,41.689,-86.869
46365,41.612,-86.545
46366,41.216,-86.768
46368,41.591,-87.181
46371,41.688,-86.595
46373,41.448,-87.468
46374,41.205,-86.897
46375,41.492,-87.449
46376,41.185,-87.476
46377,41.195,-87.339
46379,41.168,-87.44
46381,41.169,-87.325
46382,41.461,-86.762
46383,41.463,-87.008
46385,41.46,-87.13
46390,41.419,-86.882
46391,41.554,-86.919
46392,41.178,-87.048
46393,41.508,-87.178
46394,41.678,-87.489
46402,41.599,-87.331
46403,41.608,-87.262
46404,41.584,-87.374
46405,41.575,-87.262
46406,41.603,-87.408
46407,41.578,-87.33
46408,41.546,-87.368
46409,41.548,-87.324
46410,41.48,-87.333
46501,41.223,-86.246
46502,41.259,-85.976
46504,41.301,-86.111
46506,41.463,-86.172
46507,41.721,-85.818
46508,41.15,-85.977
46510,41.122,-85.871
46511,41.219,-86.427
46514,41.723,-85.977
46516,41.677,-85.944
46517,41.627,-85.998
46524,41.306,-86.014
46526,41.559,-85.877
46528,41.601,-85.785
46530,41.741,-86.127
46531,41.357,-86.519
46532,41.411,-86.611
46534,41.285,-86.618
46536,41.515,-86.298
46537,41.46,-86.31
46538,41.33,-85.823
46539,41.163,-86.027
46540,41.68,-85.698
46542,41.397,-85.87
46543,41.535,-85.672
46544,41.615,-86.148
46545,41.694,-86.147
46550,41.446,-86.001
46552,41.706,-86.482
46553,41.48,-85.849
46554,41.557,-86.417
46555,41.327,-85.68
46556,41.707,-86.251
46561,41.664,-86.075
46562,41.208,-85.685
46563,41.357,-86.327
46565,41.695,-85.577
46567,41.416,-85.725
46570,41.198,-86.122
46571,41.576,-85.547
46573,41.544,-86.07
46574,41.482,-86.487
46580,41.214,-85.87
46582,41.281,-85.854
46590,41.217,-85.813
46595,41.526,-86.167
46601,41.67,-86.253
46613,41.655,-86.258
46614,41.603,-86.279
46615,41.674,-86.212
46616,41.698,-86.266
46617,41.685,-86.235
46619,41.661,-86.354
46628,41.723,-86.328
46635,41.714,-86.202
46637,41.734,-86.241
46701,41.361,-85.431
46702,40.831,-85.628
46703,41.65,-85.007
46704,41.104,-85.293
46705,41.519,-85.06
46706,41.342,-85.033
46710,41.342,-85.242
46711,40.662,-84.927
46714,40.723,-85.177
46721,41.423,-84.877
46723,41.246,-85.327
46725,41.149,-85.476
46730,41.458,-85.152
46731,40.794,-85.1
46732,41.38,-85.622
46733,40.828,-84.94
46737,41.719,-84.93
46738,41.319,-85.149
46740,40.604,-84.965
46741,41.217,-84.951
46742,41.549,-84.879
46743,41.215,-84.851
46745,40.952,-85.009
46746,41.725,-85.345
46747,41.566,-85.158
46748,41.249,-85.161
46750,40.878,-85.496
46755,41.449,-85.275
46759,40.604,-85.178
46760,41.345,-85.553
46761,41.634,-85.377
46763,41.301,-85.233
46764,41.224,-85.62
46765,41.232,-85.049
46766,40.709,-85.289
46767,41.471,-85.571
46770,40.838,-85.324
46771,41.694,-85.296
46772,40.722,-84.914
46773,40.982,-84.876
46774,41.089,-84.973
46776,41.721,-85.166
46777,40.869,-85.148
46779,41.577,-85.039
46781,40.632,-85.269
46783,40.969,-85.357
46784,41.5,-85.388
46785,41.323,-84.878
46786,41.532,-85.272
46787,41.066,-85.62
46788,41.273,-84.908
46791,40.838,-85.232
46792,40.684,-85.443
46793,41.452,-85.015
46794,41.462,-85.452
46795,41.554,-85.331
46797,41.128,-84.859
46798,40.939,-85.215
46799,40.912,-85.286
46802,41.069,-85.165
46803,41.07,-85.089
46804,41.053,-85.242
46805,41.1,-85.118
46806,41.047,-85.088
46807,41.045,-85.148
46808,41.098,-85.177
46809,40.998,-85.205
46814,41.051,-85.299
46815,41.103,-85.059
46816,41.001,-85.036
46818,41.156,-85.253
46819,40.975,-85.134
46825,41.152,-85.127
46835,41.153,-85.041
46845,41.212,-85.109
46901,40.531,-86.17
46902,40.437,-86.095
46910,41.044,-86.036
46911,40.637,-85.946
46913,40.503,-86.503
46914,40.629,-86.095
46915,40.478,-86.387
46917,40.627,-86.475
46919,40.594,-85.87
46920,40.464,-86.495
46922,41.138,-86.414
46923,40.611,-86.638
46926,40.888,-86.05
46928,40.406,-85.682
46929,40.555,-86.476
46930,40.407,-85.571
46931,40.948,-86.264
46932,40.597,-86.25
46933,40.48,-85.582
46936,40.484,-85.928
46938,40.46,-85.627
46939,40.993,-86.401
46940,40.691,-85.689
46941,40.823,-85.689
46943,40.975,-85.843
46946,41.04,-85.728
46947,40.76,-86.376
46950,40.888,-86.365
46951,40.948,-86.105
46952,40.599,-85.629
46953,40.519,-85.645
46957,40.388,-85.496
46958,40.822,-86.117
46959,40.621,-86.107
46960,41.161,-86.536
46961,40.767,-86.192
46962,40.989,-85.768
46967,40.695,-86.195
46968,41.175,-86.546
46970,40.76,-86.061
46974,40.952,-85.934
46975,41.075,-86.25
46978,40.857,-86.513
46979,40.429,-86.276
46982,41.063,-85.883
46984,40.668,-85.83
46985,40.951,-86.574
46986,40.498,-85.819
46987,40.569,-85.765
46988,40.877,-86.235
46989,40.449,-85.481
46990,40.897,-85.731
46991,40.628,-85.514
46992,40.787,-85.826
46994,40.667,-86.255
46996,41.062,-86.658
46998,40.568,-86.35
47001,39.073,-84.966
47003,39.56,-84.834
47006,39.292,-85.216
47010,39.502,-84.849
47011,38.882,-85.076
47012,39.427,-84.983
47016,39.372,-84.89
47017,38.936,-85.186
47018,38.997,-85.087
47020,38.819,-84.924
47022,39.205,-84.952
47023,39.081,-85.382
47024,39.477,-85.199
47025,39.166,-84.866
47030,39.424,-85.133
47031,39.124,-85.156
47032,39.087,-85.044
47034,39.204,-85.327
47035,39.309,-84.906
47036,39.391,-85.246
47037,39.169,-85.326
47038,38.85,-84.85
47040,38.922,-84.941
47041,39.234,-85.084
47042,39.019,-85.255
47043,38.79,-85.091
47060,39.301,-84.886
47102,38.765,-85.793
47104,38.54,-85.421
47106,38.464,-85.9
47108,38.64,-86.249
47110,38.099,-86.185
47111,38.466,-85.633
47112,38.196,-86.162
47114,38.286,-86.085
47115,38.349,-86.21
47116,38.324,-86.622
47117,38.107,-85.967
47118,38.31,-86.497
47119,38.372,-85.882
47120,38.46,-86.189
47122,38.306,-85.985
47123,38.267,-86.479
47124,38.371,-86.011
47125,38.464,-86.313
47126,38.547,-85.776
47129,38.313,-85.768
47130,38.333,-85.696
47135,38.049,-86.074
47136,38.235,-85.967
47137,38.168,-86.39
47138,38.682,-85.585
47140,38.384,-86.371
47141,38.548,-85.612
47142,38.085,-86.213
47143,38.469,-85.768
47145,38.33,-86.307
47147,38.592,-85.544
47150,38.284,-85.848
47160,38.164,-86.051
47161,38.322,-86.104
47162,38.546,-85.46
47163,38.533,-85.67
47164,38.413,-86.096
47165,38.503,-86.007
47166,38.307,-86.167
47167,38.611,-86.096
47170,38.685,-85.844
47172,38.4,-85.774
47175,38.377,-86.568
47177,38.59,-85.792
47201,39.159,-85.993
47203,39.23,-85.832
47220,38.876,-86.049
47223,39.05,-85.472
47224,38.888,-85.215
47226,39.282,-85.869
47227,38.868,-85.654
47229,38.807,-85.865
47230,38.792,-85.625
47231,38.901,-85.495
47232,39.112,-85.789
47234,39.377,-85.768
47235,38.992,-86.136
47240,39.306,-85.478
47243,38.669,-85.482
47244,39.219,-85.702
47246,39.299,-85.767
47247,39.06,-85.888
47250,38.815,-85.351
47260,38.837,-86.198
47263,39.309,-85.33
47264,38.979,-86.251
47265,39.015,-85.63
47270,38.839,-85.723
47272,39.411,-85.621
47273,39.076,-85.737
47274,38.967,-85.938
47280,39.297,-85.951
47281,38.789,-86.106
47282,38.982,-85.611
47283,39.174,-85.589
47302,40.127,-85.382
47303,40.272,-85.378
47304,40.236,-85.46
47305,40.194,-85.386
47306,40.203,-85.405
47320,40.272,-85.273
47324,39.741,-84.852
47325,39.691,-85.02
47326,40.549,-84.967
47327,39.827,-85.175
47330,39.786,-85.022
47331,39.624,-85.157
47334,40.119,-85.525
47335,39.813,-85.205
47336,40.387,-85.21
47337,39.802,-85.437
47338,40.342,-85.337
47339,39.939,-85.079
47340,40.181,-85.134
47341,39.972,-84.892
47342,40.329,-85.508
47344,39.878,-85.465
47345,39.894,-85.06
47346,39.932,-85.168
47348,40.466,-85.34
47351,39.907,-85.525
47352,39.796,-85.367
47353,39.623,-84.925
47354,40.041,-85.193
47355,40.044,-84.927
47356,40.031,-85.507
47357,39.751,-85.147
47358,40.057,-85.113
47359,40.551,-85.284
47360,40.011,-85.258
47361,40.004,-85.385
47362,39.93,-85.37
47367,40.083,-85.387
47368,40.182,-85.194
47369,40.507,-85.142
47371,40.419,-84.963
47373,40.338,-85.161
47374,39.832,-84.89
47380,40.287,-85.03
47381,40.382,-84.867
47382,40.236,-84.917
47383,40.142,-85.266
47384,39.909,-85.551
47385,39.833,-85.446
47386,40.055,-85.386
47387,39.838,-85.299
47388,40.004,-85.443
47390,40.206,-84.846
47393,39.963,-85.004
47394,40.168,-84.987
47396,40.189,-85.517
47401,39.102,-86.443
47403,39.085,-86.612
47404,39.22,-86.591
47405,39.168,-86.519
47406,39.178,-86.515
47408,39.23,-86.467
47420,38.913,-86.549
47421,38.863,-86.452
47424,39.02,-86.882
47427,39.233,-87.016
47429,39.273,-86.616
47431,39.237,-86.903
47432,38.486,-86.642
47433,39.356,-86.642
47434,39.012,-86.547
47436,38.954,-86.386
47437,38.715,-86.677
47438,39.159,-87.187
47441,39.045,-87.166
47443,38.958,-87.099
47446,38.747,-86.518
47448,39.18,-86.236
47449,38.927,-87.003
47451,38.893,-86.524
47452,38.647,-86.433
47453,38.942,-86.776
47454,38.51,-86.452
47455,39.317,-86.956
47456,39.465,-86.691
47457,38.909,-86.905
47458,39.07,-86.507
47459,39.113,-86.75
47460,39.286,-86.792
47462,38.958,-86.648
47464,39.3,-86.65
47465,39.048,-87.035
47467,38.768,-86.344
47468,39.271,-86.393
47469,38.638,-86.599
47470,38.818,-86.637
47471,39.143,-87.005
47501,38.662,-87.174
47512,38.784,-87.321
47513,38.304,-86.714
47514,38.156,-86.586
47515,38.184,-86.704
47516,38.771,-87.419
47519,38.603,-86.993
47520,37.945,-86.668
47521,38.408,-86.721
47522,38.892,-86.817
47523,38.179,-87.026
47524,38.495,-87.611
47525,38.032,-86.56
47527,38.469,-86.786
47528,38.833,-87.253
47529,38.855,-87.08
47531,38.04,-86.851
47532,38.221,-86.861
47535,38.872,-87.308
47536,38.112,-86.837
47537,38.074,-87.036
47541,38.235,-87.046
47542,38.297,-86.967
47546,38.419,-86.933
47550,38.067,-86.921
47551,38.114,-86.57
47552,38.115,-87.0
47553,38.661,-86.904
47557,38.579,-87.343
47558,38.646,-87.04
47561,38.864,-87.438
47562,38.833,-86.973
47564,38.483,-87.094
47567,38.463,-87.305
47568,38.764,-87.102
47574,37.95,-86.562
47575,38.318,-86.804
47576,38.177,-86.617
47577,38.153,-86.809
47578,38.902,-87.194
47579,38.111,-86.915
47580,38.355,-86.767
47581,38.656,-86.763
47584,38.256,-87.26
47585,38.268,-87.158
47586,38.039,-86.702
47588,38.072,-86.778
47590,38.361,-87.1
47591,38.629,-87.501
47596,38.866,-87.228
47597,38.654,-87.299
47598,38.387,-87.211
47601,38.051,-87.255
47610,38.065,-87.41
47611,38.028,-87.057
47612,38.193,-87.699
47613,38.159,-87.417
47615,37.97,-86.964
47616,38.24,-87.891
47619,38.184,-87.308
47620,37.932,-87.906
47630,37.953,-87.346
47631,38.109,-87.902
47633,38.176,-87.788
47634,37.939,-87.182
47635,37.883,-87.101
47637,38.136,-87.151
47638,38.064,-87.778
47639,38.176,-87.573
47640,38.478,-87.484
47648,38.249,-87.551
47649,38.347,-87.453
47654,38.25,-87.392
47660,38.296,-87.328
47665,38.277,-87.723
47666,38.418,-87.6
47670,38.345,-87.585
47683,38.277,-87.377
47708,37.975,-87.573
47710,38.026,-87.576
47711,38.015,-87.537
47712,37.926,-87.666
47713,37.955,-87.559
47714,37.957,-87.521
47715,37.972,-87.48
47720,38.063,-87.642
47725,38.106,-87.525
47802,39.351,-87.412
47803,39.466,-87.307
47804,39.498,-87.39
47805,39.546,-87.326
47807,39.473,-87.403
47809,39.471,-87.41
47832,39.881,-87.258
47833,39.359,-86.975
47834,39.526,-87.122
47836,39.646,-87.179
47837,39.627,-87.115
47838,38.962,-87.384
47840,39.408,-87.057
47841,39.274,-87.114
47842,39.679,-87.464
47846,39.381,-87.194
47847,39.831,-87.486
47848,39.042,-87.262
47849,39.195,-87.564
47850,39.252,-87.436
47853,39.538,-87.073
47854,39.803,-87.403
47855,39.19,-87.304
47857,39.524,-87.091
47858,39.262,-87.225
47859,39.882,-87.172
47860,39.722,-87.33
47861,39.073,-87.57
47862,39.767,-87.342
47863,39.589,-87.454
47865,39.021,-87.391
47866,39.292,-87.321
47868,39.411,-86.903
47869,39.274,-87.497
47871,39.39,-87.3
47872,39.754,-87.153
47874,39.628,-87.271
47876,39.517,-87.458
47879,39.198,-87.379
47880,39.6,-87.419
47881,39.486,-87.192
47882,39.091,-87.411
47884,39.612,-87.448
47885,39.51,-87.477
47901,40.418,-86.89
47904,40.439,-86.877
47905,40.42,-86.766
47906,40.48,-86.989
47907,40.424,-86.915
47909,40.325,-86.896
47916,39.984,-87.055
47917,40.467,-87.473
47918,40.299,-87.198
47920,40.541,-86.834
47921,40.477,-87.375
47922,40.877,-87.349
47923,40.61,-86.94
47924,40.488,-86.763
47925,40.878,-86.748
47926,40.78,-86.596
47928,39.921,-87.472
47929,40.67,-86.913
47930,40.237,-86.742
47932,40.134,-87.415
47933,40.039,-86.897
47940,40.118,-86.747
47941,40.376,-86.774
47942,40.686,-87.444
47943,41.063,-87.273
47944,40.616,-87.33
47946,40.982,-86.868
47948,40.777,-87.282
47949,40.061,-87.137
47950,40.802,-86.655
47951,40.789,-87.444
47952,39.96,-87.299
47954,39.9,-86.819
47955,40.196,-86.862
47957,41.086,-86.875
47958,40.164,-87.142
47959,40.863,-86.901
47960,40.779,-86.751
47963,40.984,-87.432
47964,40.952,-87.299
47965,39.954,-86.92
47966,39.886,-87.397
47967,40.197,-87.002
47968,39.96,-86.75
47969,40.206,-87.149
47970,40.462,-87.143
47971,40.532,-87.234
47974,40.043,-87.48
47975,40.449,-87.253
47977,40.756,-87.165
47978,40.986,-87.113
47980,40.752,-86.909
47981,40.245,-86.93
47982,40.197,-87.527
47983,40.279,-86.767
47987,40.126,-87.233
47989,39.89,-87.049
47990,40.062,-87.054
47991,40.284,-87.463
47992,40.319,-87.049
47993,40.309,-87.413
47994,40.169,-87.062
47995,40.761,-87.03
47997,40.668,-86.724
48001,42.639,-82.582
48002,42.935,-82.916
48003,42.93,-83.04
48005,42.851,-82.924
48006,43.083,-82.691
48009,42.544,-83.218
48014,43.026,-82.932
48015,42.48,-83.027
48017,42.537,-83.15
48021,42.466,-82.946
48022,43.023,-82.802
48023,42.704,-82.659
48025,42.52,-83.265
48026,42.538,-82.947
48027,42.944,-82.694
48028,42.58,-82.617
48030,42.462,-83.098
48032,43.133,-82.597
48033,42.459,-83.293
48034,42.497,-83.291
48035,42.557,-82.908
48036,42.597,-82.913
48038,42.606,-82.937
48039,42.693,-82.546
48040,42.91,-82.481
48041,42.937,-82.81
48042,42.684,-82.909
48043,42.598,-82.882
48044,42.65,-82.929
48045,42.586,-82.818
48047,42.674,-82.774
48048,42.746,-82.796
48049,43.04,-82.571
48050,42.788,-82.799
48051,42.694,-82.821
48054,42.77,-82.529
48059,43.087,-82.494
48060,42.98,-82.461
48062,42.852,-82.796
48063,42.859,-82.683
48064,42.765,-82.667
48065,42.845,-83.039
48066,42.508,-82.937
48067,42.491,-83.138
48069,42.471,-83.144
48070,42.482,-83.168
48071,42.507,-83.103
48072,42.498,-83.186
48073,42.519,-83.164
48074,42.95,-82.562
48075,42.462,-83.23
48076,42.498,-83.231
48079,42.859,-82.548
48080,42.464,-82.896
48081,42.495,-82.895
48082,42.528,-82.887
48083,42.557,-83.117
48084,42.561,-83.176
48085,42.604,-83.122
48088,42.516,-82.983
48089,42.468,-82.994
48091,42.468,-83.058
48092,42.514,-83.059
48093,42.516,-83.016
48094,42.734,-83.049
48095,42.779,-83.048
48096,42.762,-82.92
48097,43.122,-82.827
48098,42.598,-83.178
48101,42.259,-83.21
48103,42.261,-83.846
48104,42.263,-83.715
48105,42.328,-83.696
48108,42.222,-83.732
48109,42.289,-83.709
48111,42.177,-83.488
48114,42.572,-83.75
48116,42.506,-83.783
48117,42.05,-83.41
48118,42.312,-84.034
48120,42.306,-83.176
48122,42.279,-83.182
48124,42.298,-83.248
48125,42.277,-83.265
48126,42.326,-83.183
48127,42.336,-83.283
48128,42.32,-83.26
48130,42.364,-83.909
48131,41.964,-83.666
48133,41.782,-83.486
48134,42.107,-83.296
48135,42.324,-83.341
48137,42.472,-84.075
48138,42.134,-83.154
48139,42.452,-83.806
48140,41.882,-83.581
48141,42.294,-83.32
48143,42.46,-83.852
48144,41.752,-83.629
48145,41.844,-83.46
48146,42.243,-83.181
48150,42.372,-83.377
48152,42.425,-83.374
48154,42.397,-83.372
48157,41.815,-83.438
48158,42.156,-84.029
48159,42.019,-83.548
48160,42.078,-83.675
48161,41.907,-83.472
48162,41.96,-83.429
48164,42.125,-83.387
48165,42.502,-83.617
48166,41.983,-83.295
48167,42.432,-83.525
48168,42.405,-83.54
48169,42.462,-83.947
48170,42.368,-83.534
48173,42.074,-83.213
48174,42.234,-83.394
48176,42.137,-83.829
48177,41.804,-83.581
48178,42.444,-83.657
48179,42.035,-83.255
48180,42.225,-83.268
48182,41.79,-83.584
48183,42.131,-83.218
48184,42.274,-83.396
48185,42.334,-83.384
48186,42.294,-83.371
48187,42.326,-83.484
48188,42.284,-83.482
48189,42.412,-83.783
48190,42.132,-83.594
48191,42.122,-83.571
48192,42.208,-83.161
48193,42.173,-83.21
48195,42.205,-83.207
48197,42.194,-83.64
48198,42.275,-83.586
48201,42.347,-83.06
48202,42.375,-83.078
48203,42.421,-83.104
48204,42.366,-83.143
48205,42.433,-82.981
48206,42.375,-83.108
48207,42.35,-83.019
48208,42.348,-83.092
48209,42.306,-83.118
48210,42.336,-83.128
48211,42.381,-83.046
48212,42.41,-83.056
48213,42.398,-82.995
48214,42.365,-82.988
48215,42.375,-82.954
48216,42.326,-83.079
48217,42.278,-83.155
48218,42.273,-83.127
48219,42.425,-83.251
48220,42.458,-83.135
48221,42.427,-83.149
48223,42.393,-83.246
48224,42.411,-82.941
48225,42.439,-82.93
48226,42.332,-83.05
48227,42.387,-83.193
48228,42.355,-83.217
48229,42.251,-83.143
48230,42.382,-82.922
48233,42.324,-83.062
48234,42.431,-83.04
48235,42.427,-83.195
48236,42.425,-82.893
48237,42.465,-83.182
48238,42.396,-83.141
48239,42.376,-83.283
48240,42.424,-83.301
48242,42.221,-83.345
48243,42.33,-83.04
48301,42.542,-83.282
48302,42.585,-83.293
48304,42.589,-83.233
48306,42.724,-83.147
48307,42.659,-83.123
48309,42.657,-83.187
48310,42.563,-83.068
48312,42.558,-83.009
48313,42.601,-83.003
48314,42.612,-83.053
48315,42.672,-82.997
48316,42.69,-83.057
48317,42.645,-83.052
48320,42.612,-83.338
48322,42.538,-83.385
48323,42.571,-83.378
48324,42.595,-83.391
48326,42.688,-83.244
48327,42.637,-83.41
48328,42.646,-83.359
48329,42.687,-83.389
48331,42.502,-83.409
48334,42.505,-83.349
48335,42.463,-83.405
48336,42.463,-83.347
48340,42.672,-83.288
48341,42.627,-83.297
48342,42.642,-83.273
48346,42.718,-83.429
48348,42.769,-83.404
48350,42.739,-83.531
48353,42.647,-83.716
48356,42.654,-83.593
48357,42.659,-83.647
48359,42.721,-83.276
48360,42.748,-83.26
48362,42.782,-83.269
48363,42.772,-83.162
48367,42.836,-83.137
48370,42.843,-83.2
48371,42.841,-83.292
48374,42.473,-83.523
48375,42.464,-83.464
48377,42.505,-83.474
48380,42.583,-83.667
48381,42.558,-83.592
48382,42.592,-83.506
48383,42.656,-83.526
48386,42.66,-83.48
48390,42.551,-83.474
48393,42.522,-83.545
48397,42.495,-83.041
48401,43.347,-82.671
48411,42.932,-83.529
48412,43.07,-83.176
48413,43.799,-82.994
48414,42.862,-84.08
48415,43.272,-83.808
48416,43.217,-82.985
48417,43.261,-83.939
48418,42.794,-83.97
48419,43.436,-82.66
48420,43.179,-83.701
48421,43.155,-83.393
48422,43.261,-82.654
48423,43.039,-83.511
48426,43.511,-83.057
48427,43.536,-82.725
48428,42.938,-83.154
48429,42.903,-84.004
48430,42.758,-83.744
48432,43.899,-82.972
48433,43.075,-83.867
48434,43.662,-82.612
48435,43.245,-83.359
48436,42.865,-83.877
48437,43.116,-83.612
48438,42.914,-83.484
48439,42.916,-83.629
48440,42.951,-83.412
48441,43.798,-82.709
48442,42.789,-83.606
48444,43.058,-83.045
48445,43.95,-82.991
48446,43.054,-83.339
48449,42.991,-83.945
48450,43.259,-82.542
48451,42.801,-83.819
48453,43.348,-83.033
48454,43.195,-82.813
48455,42.938,-83.291
48456,43.667,-82.762
48457,43.187,-83.895
48458,43.125,-83.682
48460,43.131,-83.985
48461,43.194,-83.206
48462,42.848,-83.422
48463,43.166,-83.519
48464,43.22,-83.422
48465,43.608,-82.708
48466,43.281,-82.809
48467,44.015,-82.982
48468,43.938,-82.775
48469,43.441,-82.558
48470,43.735,-82.751
48471,43.419,-82.852
48472,43.512,-82.963
48473,42.937,-83.821
48475,43.673,-82.948
48476,42.939,-84.03
48502,43.014,-83.688
48503,43.0,-83.709
48504,43.055,-83.744
48505,43.07,-83.686
48506,43.067,-83.624
48507,42.967,-83.717
48509,43.024,-83.605
48519,42.982,-83.605
48529,42.97,-83.659
48532,43.011,-83.795
48551,42.981,-83.717
48553,42.978,-83.724
48554,42.976,-83.791
48601,43.406,-83.894
48602,43.42,-83.974
48603,43.459,-84.029
48604,43.5,-83.969
48607,43.432,-83.934
48609,43.39,-84.083
48610,44.142,-84.192
48611,43.634,-84.097
48612,43.883,-84.439
48613,43.963,-84.178
48614,43.251,-84.298
48615,43.43,-84.475
48616,43.191,-84.113
48617,43.851,-84.717
48618,43.737,-84.557
48619,44.82,-84.021
48621,44.737,-84.012
48622,43.841,-84.881
48623,43.52,-84.133
48624,44.061,-84.457
48625,44.053,-84.84
48626,43.421,-84.221
48627,44.462,-84.75
48628,43.784,-84.328
48629,44.312,-84.785
48630,44.325,-84.772
48631,43.689,-83.996
48632,43.858,-85.021
48633,43.937,-84.931
48634,43.748,-84.056
48635,44.387,-83.994
48636,44.602,-84.299
48637,43.414,-84.336
48638,43.419,-84.018
48640,43.582,-84.337
48642,43.713,-84.237
48647,44.658,-84.113
48649,43.15,-84.217
48650,43.849,-83.997
48651,44.255,-84.615
48652,43.86,-84.197
48653,44.491,-84.599
48654,44.457,-84.137
48655,43.294,-84.16
48656,44.342,-84.451
48657,43.706,-84.416
48658,43.975,-83.937
48659,44.066,-84.051
48661,44.318,-84.236
48662,43.41,-84.417
48667,43.602,-84.233
48701,43.587,-83.558
48703,44.064,-83.676
48705,44.696,-83.656
48706,43.6,-83.951
48708,43.557,-83.85
48710,43.557,-83.988
48720,43.839,-83.342
48721,44.808,-83.339
48722,43.347,-83.845
48723,43.485,-83.389
48724,43.457,-83.928
48725,43.944,-83.21
48726,43.607,-83.168
48727,43.313,-83.175
48728,44.732,-83.823
48729,43.496,-83.174
48730,44.343,-83.456
48731,43.844,-83.151
48732,43.612,-83.79
48733,43.534,-83.593
48734,43.358,-83.749
48735,43.668,-83.271
48737,44.546,-83.685
48738,44.55,-83.331
48739,44.37,-83.845
48740,44.664,-83.372
48741,43.402,-83.18
48742,44.743,-83.436
48743,44.441,-83.863
48744,43.348,-83.359
48745,44.564,-83.484
48746,43.259,-83.55
48747,43.519,-83.765
48748,44.346,-83.603
48749,44.054,-83.901
48750,44.446,-83.472
48754,43.733,-83.231
48755,43.792,-83.246
48756,44.234,-83.973
48757,43.47,-83.676
48759,43.73,-83.386
48760,43.323,-83.255
48761,44.511,-83.892
48762,44.822,-83.462
48763,44.255,-83.615
48765,44.152,-83.718
48766,44.106,-83.839
48767,43.651,-83.463
48768,43.371,-83.578
48770,44.251,-83.814
48801,43.374,-84.678
48806,43.187,-84.5
48807,43.15,-84.402
48808,42.829,-84.445
48809,43.075,-85.258
48811,43.181,-84.854
48813,42.58,-84.846
48815,42.834,-85.259
48816,42.765,-83.956
48817,43.014,-84.043
48818,43.275,-84.885
48819,42.547,-84.281
48820,42.864,-84.592
48821,42.641,-84.647
48822,42.835,-84.763
48823,42.764,-84.46
48825,42.728,-84.481
48827,42.509,-84.66
48829,43.398,-85.015
48831,43.096,-84.372
48832,43.412,-84.777
48834,43.133,-85.032
48835,43.025,-84.749
48836,42.669,-84.077
48837,42.747,-84.771
48838,43.183,-85.257
48840,42.763,-84.379
48841,43.112,-84.239
48842,42.634,-84.538
48843,42.576,-83.923
48845,43.102,-84.846
48846,42.986,-85.058
48847,43.273,-84.576
48848,42.888,-84.354
48849,42.806,-85.125
48850,43.435,-85.246
48851,42.951,-84.936
48852,43.352,-85.046
48853,43.1,-84.686
48854,42.582,-84.452
48855,42.681,-83.897
48856,43.197,-84.734
48857,42.841,-84.156
48858,43.616,-84.795
48860,43.051,-84.909
48861,42.733,-84.925
48864,42.704,-84.392
48865,43.091,-85.105
48866,42.998,-84.376
48867,43.003,-84.189
48870,43.11,-84.985
48871,43.157,-84.674
48872,42.799,-84.223
48873,42.997,-84.844
48874,43.186,-84.595
48875,42.861,-84.941
48876,42.644,-84.731
48877,43.404,-84.841
48878,43.706,-84.78
48879,43.003,-84.577
48880,43.459,-84.578
48881,42.933,-85.202
48883,43.544,-84.674
48884,43.21,-85.049
48885,43.243,-85.148
48886,43.416,-85.16
48888,43.315,-85.106
48889,43.285,-84.807
48890,42.767,-84.966
48891,43.395,-84.912
48892,42.633,-84.167
48893,43.686,-84.975
48894,42.921,-84.786
48895,42.689,-84.28
48896,43.521,-84.901
48897,42.704,-85.13
48906,42.788,-84.589
48910,42.699,-84.52
48911,42.673,-84.571
48912,42.738,-84.524
48915,42.738,-84.571
48917,42.725,-84.64
48921,42.721,-84.561
48933,42.732,-84.555
49001,42.265,-85.562
49002,42.195,-85.563
49004,42.354,-85.564
49006,42.292,-85.631
49007,42.303,-85.588
49008,42.264,-85.617
49009,42.304,-85.698
49010,42.533,-85.875
49011,42.11,-85.219
49012,42.368,-85.344
49013,42.306,-86.108
49014,42.315,-85.106
49015,42.275,-85.229
49017,42.401,-85.216
49021,42.46,-85.055
49022,42.112,-86.359
49024,42.207,-85.618
49026,42.377,-85.963
49027,42.35,-86.067
49028,41.851,-85.19
49029,42.142,-85.1
49030,41.866,-85.339
49031,41.905,-85.974
49032,41.911,-85.523
49033,42.228,-85.089
49034,42.234,-85.341
49036,41.905,-85.031
49037,42.33,-85.245
49038,42.203,-86.321
49040,41.966,-85.329
49042,41.86,-85.673
49043,42.286,-86.269
49045,42.102,-85.999
49046,42.519,-85.388
49047,42.0,-86.119
49048,42.273,-85.488
49050,42.504,-85.246
49051,42.184,-85.242
49052,42.106,-85.322
49053,42.289,-85.417
49055,42.368,-85.858
49056,42.398,-86.056
49057,42.182,-86.163
49058,42.636,-85.3
49060,42.424,-85.386
49061,41.874,-85.815
49064,42.221,-86.049
49065,42.138,-85.842
49066,42.038,-85.341
49067,42.024,-85.799
49068,42.276,-84.94
49070,42.539,-85.629
49071,42.226,-85.775
49072,42.012,-85.46
49073,42.575,-85.126
49074,42.317,-85.539
49075,41.918,-85.449
49076,42.429,-84.88
49078,42.473,-85.733
49079,42.24,-85.908
49080,42.456,-85.588
49082,41.941,-84.877
49083,42.378,-85.461
49084,42.183,-86.382
49085,42.054,-86.463
49087,42.124,-85.701
49088,42.18,-85.423
49089,42.005,-85.236
49090,42.407,-86.215
49091,41.818,-85.456
49092,42.099,-84.979
49093,41.973,-85.65
49094,42.05,-85.114
49095,41.912,-85.889
49096,42.645,-85.021
49097,42.122,-85.487
49098,42.164,-86.24
49099,41.793,-85.672
49101,41.937,-86.483
49102,41.949,-86.252
49103,41.946,-86.376
49104,41.964,-86.359
49106,41.938,-86.555
49107,41.845,-86.418
49111,42.023,-86.291
49112,41.796,-86.031
49113,41.801,-86.504
49115,41.878,-86.634
49116,41.853,-86.663
49117,41.782,-86.727
49119,41.874,-86.549
49120,41.833,-86.231
49125,41.892,-86.579
49126,42.032,-86.372
49127,42.011,-86.515
49128,41.82,-86.6
49129,41.815,-86.691
49130,41.774,-85.86
49201,42.191,-84.297
49202,42.267,-84.411
49203,42.222,-84.397
49220,41.999,-84.337
49221,41.902,-84.065
49224,42.28,-84.747
49227,41.95,-84.773
49228,41.809,-83.876
49229,41.987,-83.827
49230,42.092,-84.217
49232,41.74,-84.665
49233,42.061,-84.363
49234,42.127,-84.369
49235,41.864,-84.201
49236,42.076,-83.942
49237,42.17,-84.651
49238,41.902,-83.786
49240,42.283,-84.181
49241,42.108,-84.603
49242,41.886,-84.623
49245,42.139,-84.812
49246,42.128,-84.512
49247,41.838,-84.338
49248,41.756,-84.011
49249,42.029,-84.455
49250,42.022,-84.626
49251,42.466,-84.408
49252,42.035,-84.765
49253,41.968,-84.273
49254,42.228,-84.316
49255,41.771,-84.845
49256,41.747,-84.214
49259,42.375,-84.262
49261,42.158,-84.236
49262,41.964,-84.468
49263,42.159,-84.184
49264,42.446,-84.555
49265,42.007,-84.175
49266,41.84,-84.547
49267,41.757,-83.719
49268,41.869,-83.929
49269,42.287,-84.594
49270,41.874,-83.681
49271,41.832,-84.453
49272,42.394,-84.348
49274,41.847,-84.76
49276,41.795,-83.777
49277,42.389,-84.469
49279,41.781,-84.104
49282,42.035,-84.403
49283,42.207,-84.551
49284,42.392,-84.688
49285,42.477,-84.213
49286,42.01,-83.928
49287,42.023,-84.073
49288,41.734,-84.43
49289,41.768,-84.108
49301,42.973,-85.477
49302,42.822,-85.402
49303,43.272,-85.861
49304,43.908,-85.873
49305,43.752,-85.151
49306,43.075,-85.565
49307,43.699,-85.489
49309,43.76,-85.877
49310,43.514,-85.048
49312,43.685,-85.807
49315,42.804,-85.742
49316,42.794,-85.55
49318,43.227,-85.82
49319,43.23,-85.528
49320,43.754,-85.275
49321,43.074,-85.682
49322,43.356,-85.351
49323,42.729,-85.791
49325,42.761,-85.302
49326,43.246,-85.317
49327,43.324,-85.845
49328,42.634,-85.758
49329,43.406,-85.485
49330,43.242,-85.737
49331,42.95,-85.352
49332,43.623,-85.249
49333,42.699,-85.462
49335,42.739,-85.668
49336,43.508,-85.436
49337,43.423,-85.719
49338,43.772,-85.602
49339,43.331,-85.496
49340,43.618,-85.111
49341,43.124,-85.491
49342,43.69,-85.316
49343,43.297,-85.535
49344,42.59,-85.591
49345,43.155,-85.704
49346,43.595,-85.421
49347,43.317,-85.347
49348,42.685,-85.61
49349,43.575,-85.749
49401,42.976,-85.939
49402,43.933,-86.029
49403,43.141,-85.858
49404,43.063,-85.952
49405,43.915,-86.191
49406,42.642,-86.203
49408,42.572,-86.116
49410,44.032,-86.126
49411,44.1,-86.252
49412,43.468,-85.948
49415,43.151,-86.114
49417,43.019,-86.158
49418,42.878,-85.768
49419,42.68,-85.981
49420,43.72,-86.282
49421,43.599,-86.069
49423,42.744,-86.084
49424,42.844,-86.134
49425,43.429,-86.089
49426,42.863,-85.888
49428,42.92,-85.839
49431,43.986,-86.406
49434,42.77,-86.219
49435,43.024,-85.835
49436,43.678,-86.466
49437,43.461,-86.387
49440,43.237,-86.253
49441,43.183,-86.282
49442,43.242,-86.136
49444,43.179,-86.199
49445,43.293,-86.294
49446,43.551,-86.379
49448,43.094,-86.072
49449,43.794,-86.389
49450,42.485,-86.082
49451,43.213,-85.968
49452,43.507,-86.26
49453,42.66,-86.173
49454,43.946,-86.285
49455,43.61,-86.378
49456,43.089,-86.207
49457,43.353,-86.146
49458,43.921,-86.095
49459,43.741,-86.112
49460,42.933,-86.145
49461,43.376,-86.319
49464,42.845,-85.985
49503,42.962,-85.659
49504,42.982,-85.711
49505,42.996,-85.638
49506,42.946,-85.614
49507,42.931,-85.655
49508,42.875,-85.619
49509,42.898,-85.693
49512,42.883,-85.528
49519,42.896,-85.718
49525,43.022,-85.592
49534,42.964,-85.787
49544,43.039,-85.747
49546,42.928,-85.53
49548,42.87,-85.663
49601,44.246,-85.51
49611,44.974,-84.974
49612,44.865,-85.239
49613,44.506,-86.207
49614,44.435,-86.114
49615,44.965,-85.207
49616,44.58,-86.09
49617,44.643,-86.032
49618,44.293,-85.608
49619,44.293,-85.991
49620,44.524,-85.691
49621,44.869,-85.77
49622,45.077,-85.261
49623,43.909,-85.692
49625,44.433,-85.883
49626,44.24,-86.292
49627,45.084,-85.345
49628,44.615,-86.244
49629,44.919,-85.39
49630,44.818,-86.009
49631,43.913,-85.263
49632,44.239,-84.968
49633,44.559,-85.206
49634,44.215,-86.29
49635,44.617,-86.192
49636,44.855,-85.963
49637,44.622,-85.71
49638,44.287,-85.756
49639,43.847,-85.409
49640,44.715,-86.049
49642,43.869,-85.761
49643,44.64,-85.829
49644,44.099,-85.911
49645,44.362,-86.029
49646,44.724,-85.056
49648,44.996,-85.336
49649,44.563,-85.525
49650,44.74,-85.887
49651,44.391,-85.105
49653,44.974,-85.724
49654,45.146,-86.052
49655,44.025,-85.432
49656,44.068,-85.692
49657,44.213,-85.169
49659,44.896,-85.019
49660,44.225,-86.21
49663,44.435,-85.39
49664,44.888,-85.899
49665,44.095,-85.118
49666,44.622,-85.554
49667,44.363,-84.915
49668,44.405,-85.703
49670,45.127,-85.663
49674,45.056,-85.578
49675,44.384,-86.225
49676,44.825,-85.288
49677,43.895,-85.553
49679,43.875,-85.146
49680,44.646,-85.263
49682,44.979,-85.627
49683,44.541,-85.927
49684,44.762,-85.704
49686,44.714,-85.558
49688,44.117,-85.45
49689,44.213,-85.902
49690,44.789,-85.4
49701,45.773,-84.739
49705,45.355,-84.461
49706,45.438,-84.779
49707,45.094,-83.476
49709,45.019,-84.144
49710,46.276,-84.177
49712,45.209,-85.009
49713,45.211,-84.842
49715,46.397,-84.708
49716,45.517,-84.748
49717,45.435,-84.691
49718,45.735,-84.862
49719,46.006,-84.325
49720,45.281,-85.245
49721,45.582,-84.46
49722,45.427,-84.862
49724,46.328,-84.39
49725,45.978,-84.021
49726,46.004,-83.615
49727,45.125,-85.106
49728,46.412,-85.028
49729,45.167,-85.292
49730,45.044,-84.868
49733,44.806,-84.697
49735,44.998,-84.67
49736,46.083,-84.075
49738,44.698,-84.609
49740,45.525,-85.008
49743,45.267,-83.893
49744,44.993,-83.657
49745,46.04,-84.522
49746,45.063,-83.951
49747,44.85,-83.653
49748,46.375,-85.213
49749,45.426,-84.568
49751,44.983,-84.43
49752,46.254,-84.435
49753,45.017,-83.777
49755,45.635,-84.801
49756,44.822,-84.283
49757,45.856,-84.621
49759,45.417,-84.096
49760,46.041,-84.902
49762,46.106,-85.336
49764,45.424,-84.827
49765,45.328,-84.243
49766,44.908,-83.432
49768,46.655,-85.117
49769,45.571,-84.862
49770,45.331,-84.897
49774,46.162,-84.315
49775,45.771,-84.478
49776,45.232,-83.68
49777,45.306,-83.507
49779,45.408,-83.863
49780,46.213,-84.729
49781,45.884,-84.797
49782,45.674,-85.543
49783,46.417,-84.289
49788,46.265,-84.465
49791,45.487,-84.596
49793,46.203,-85.063
49795,45.161,-84.58
49796,45.263,-84.959
49799,45.262,-84.58
49801,45.961,-87.977
49802,45.801,-88.078
49805,47.367,-88.351
49806,46.452,-86.901
49807,45.773,-87.344
49808,46.823,-87.853
49812,45.592,-87.503
49814,46.566,-87.906
49815,46.185,-87.964
49816,46.285,-86.895
49817,45.962,-86.458
49818,45.951,-87.338
49819,46.109,-87.456
49820,46.19,-85.654
49821,45.53,-87.631
49822,46.434,-87.025
49825,46.347,-86.995
49826,46.323,-87.053
49827,46.177,-85.561
49829,45.765,-87.132
49831,46.013,-87.866
49833,46.293,-87.328
49834,45.946,-87.768
49835,45.736,-86.563
49836,46.202,-85.903
49837,45.869,-87.079
49838,46.032,-85.737
49839,46.618,-86.108
49840,46.103,-86.011
49841,46.275,-87.466
49847,45.705,-87.636
49848,45.378,-87.636
49849,46.433,-87.756
49852,45.786,-87.817
49853,46.368,-85.751
49854,46.062,-86.304
49855,46.579,-87.455
49858,45.219,-87.578
49861,46.482,-88.243
49862,46.395,-86.696
49863,45.613,-87.552
49864,45.871,-86.673
49866,46.521,-87.581
49868,46.511,-85.518
49870,45.867,-87.879
49871,46.425,-87.552
49872,46.021,-87.084
49873,45.89,-87.579
49874,45.715,-87.474
49876,45.803,-87.983
49877,46.148,-87.705
49878,45.946,-86.86
49879,46.359,-88.039
49880,46.111,-87.222
49881,46.073,-88.047
49883,46.432,-86.001
49884,46.42,-86.33
49885,46.338,-87.198
49886,45.739,-87.527
49887,45.429,-87.551
49891,46.241,-87.023
49892,45.818,-87.786
49893,45.297,-87.605
49894,45.786,-87.076
49895,46.165,-86.666
49896,45.678,-87.389
49901,47.308,-88.395
49902,46.043,-88.38
49903,46.333,-88.445
49905,47.122,-88.722
49908,46.768,-88.557
49910,46.613,-89.608
49911,46.489,-90.051
49912,46.497,-89.194
49913,47.243,-88.458
49915,46.065,-88.622
49916,46.984,-88.586
49917,47.281,-88.359
49918,47.435,-87.851
49919,46.472,-88.442
49920,46.138,-88.302
49921,47.093,-88.583
49922,47.101,-88.483
49925,46.544,-89.375
49927,46.031,-88.535
49929,46.781,-89.15
49930,47.165,-88.54
49931,47.084,-88.573
49934,47.178,-88.438
49935,46.176,-88.752
49938,46.584,-90.132
49942,47.275,-88.402
49945,47.18,-88.314
49946,46.721,-88.322
49947,46.385,-89.616
49948,46.711,-89.02
49950,47.386,-88.134
49952,46.701,-88.785
49953,46.804,-89.372
49955,47.007,-88.695
49958,46.828,-88.668
49959,46.471,-89.998
49960,46.712,-89.258
49961,46.529,-88.732
49962,46.839,-88.131
49963,47.041,-88.689
49965,46.955,-88.86
49967,46.507,-88.966
49968,46.49,-89.887
49969,46.252,-89.211
49970,46.547,-88.6
49971,46.709,-89.705
50001,41.363,-93.433
50002,41.515,-94.648
50003,41.612,-94.043
50005,42.132,-93.035
50006,42.508,-93.402
50007,41.807,-93.602
50008,40.68,-93.38
50009,41.645,-93.459
50010,42.031,-93.588
50011,42.024,-93.636
50012,42.027,-93.646
50014,42.046,-93.694
50020,41.438,-94.747
50021,41.724,-93.565
50022,41.414,-94.996
50023,41.73,-93.635
50025,41.758,-94.924
50026,41.859,-94.45
50027,41.482,-92.469
50028,41.807,-93.154
50029,41.829,-94.556
50032,41.667,-93.542
50033,41.363,-93.793
50034,42.522,-93.661
50035,41.724,-93.458
50036,42.086,-93.864
50038,41.525,-93.903
50039,41.814,-93.997
50041,42.638,-93.248
50042,41.534,-94.905
50044,41.202,-92.883
50046,41.893,-93.523
50047,41.464,-93.474
50048,41.512,-94.52
50049,41.035,-93.295
50050,42.159,-94.504
50051,42.135,-93.141
50052,40.643,-93.444
50054,41.69,-93.233
50055,41.879,-93.296
50056,42.013,-93.297
50057,41.18,-93.134
50058,41.856,-94.691
50060,40.751,-93.319
50061,41.486,-93.785
50062,41.236,-93.245
50063,41.696,-93.941
50064,42.108,-94.237
50065,40.614,-93.782
50066,41.798,-94.233
50067,40.718,-93.862
50068,40.948,-93.466
50069,41.521,-94.03
50070,41.446,-94.233
50071,42.649,-93.505
50072,41.471,-94.123
50073,41.794,-93.525
50074,40.866,-94.08
50075,42.332,-93.551
50076,41.592,-94.842
50078,41.939,-92.863
50101,42.667,-93.635
50102,42.246,-93.4
50103,40.795,-93.609
50104,41.487,-92.387
50105,42.11,-93.637
50106,41.881,-92.806
50107,42.037,-94.219
50108,40.826,-93.953
50109,41.771,-93.801
50111,41.701,-93.804
50112,41.73,-92.715
50115,41.683,-94.562
50116,41.18,-92.974
50117,41.67,-94.849
50118,41.467,-93.379
50119,41.313,-92.94
50120,41.934,-92.983
50122,42.305,-93.312
50123,40.834,-93.514
50124,41.886,-93.604
50125,41.335,-93.585
50126,42.494,-93.255
50127,41.777,-93.206
50128,41.856,-94.3
50129,42.015,-94.377
50130,42.303,-93.669
50131,41.692,-93.715
50132,42.392,-93.692
50133,40.713,-94.069
50134,41.939,-93.672
50135,41.751,-92.887
50136,41.47,-92.293
50138,41.301,-93.105
50139,41.198,-93.37
50140,40.646,-93.986
50141,41.868,-92.95
50142,42.007,-92.776
50143,41.342,-92.805
50144,40.739,-93.741
50146,41.684,-94.243
50147,40.631,-93.552
50148,42.181,-92.993
50149,41.15,-94.071
50150,41.126,-92.975
50151,41.082,-93.518
50153,41.574,-92.807
50154,42.172,-93.393
50155,41.211,-94.199
50156,41.898,-93.801
50157,41.74,-92.563
50158,42.05,-92.901
50160,41.374,-93.738
50161,41.848,-93.404
50162,41.928,-93.072
50163,41.222,-93.241
50164,41.5,-94.425
50165,40.844,-93.284
50166,41.283,-93.431
50167,41.743,-94.041
50168,41.788,-93.279
50169,41.655,-93.352
50170,41.53,-93.125
50171,41.586,-92.525
50173,41.965,-92.713
50174,41.034,-93.982
50201,42.042,-93.435
50206,42.246,-93.202
50207,41.432,-92.638
50208,41.712,-93.034
50210,41.195,-93.698
50211,41.455,-93.705
50212,42.037,-94.066
50213,41.032,-93.766
50214,41.47,-93.056
50216,41.697,-94.355
50217,42.184,-94.252
50218,41.348,-93.88
50219,41.421,-92.897
50220,41.836,-94.121
50222,41.216,-93.96
50223,42.174,-94.038
50225,41.384,-93.269
50226,41.796,-93.702
50227,42.597,-93.428
50228,41.577,-93.242
50229,41.379,-93.775
50230,42.303,-93.453
50231,42.237,-93.603
50232,41.557,-92.97
50233,41.613,-94.211
50234,41.893,-93.182
50235,41.932,-94.225
50236,42.178,-93.49
50237,41.534,-93.369
50238,40.964,-93.167
50239,42.143,-93.203
50240,41.297,-93.793
50242,41.561,-92.694
50243,41.872,-93.696
50244,41.858,-93.653
50246,42.275,-93.786
50247,42.017,-93.165
50248,42.191,-93.614
50249,42.275,-93.903
50250,41.482,-94.347
50251,41.567,-92.869
50252,41.466,-93.303
50254,40.991,-94.076
50255,41.456,-92.332
50256,41.26,-92.905
50257,41.19,-93.847
50258,42.224,-93.073
50261,41.475,-93.916
50262,40.861,-93.809
50263,41.593,-93.875
50264,40.906,-93.698
50265,41.553,-93.745
50266,41.57,-93.798
50268,41.404,-92.363
50271,42.483,-93.541
50272,41.096,-93.256
50273,41.33,-94.054
50274,41.383,-94.861
50275,41.038,-93.59
50276,41.862,-93.926
50277,41.785,-94.358
50278,42.137,-93.3
50309,41.585,-93.621
50310,41.628,-93.673
50311,41.601,-93.673
50312,41.583,-93.677
50313,41.654,-93.624
50314,41.605,-93.631
50315,41.546,-93.622
50316,41.609,-93.6
50317,41.617,-93.547
50319,41.591,-93.604
50320,41.528,-93.568
50321,41.535,-93.665
50322,41.634,-93.734
50323,41.626,-93.794
50324,41.604,-93.713
50325,41.613,-93.798
50327,41.586,-93.488
50401,43.153,-93.2
50420,42.804,-93.46
50421,42.843,-93.618
50423,43.118,-93.814
50424,43.394,-93.934
50426,43.415,-93.017
50428,43.137,-93.397
50430,42.982,-93.954
50431,42.737,-93.368
50432,43.224,-93.798
50433,42.923,-93.05
50434,43.257,-93.449
50435,43.158,-92.767
50436,43.266,-93.671
50438,43.112,-93.619
50439,42.945,-93.626
50440,43.333,-93.071
50441,42.741,-93.221
50444,43.297,-93.384
50446,43.341,-93.447
50447,42.925,-93.798
50448,43.35,-93.241
50449,43.002,-93.567
50450,43.421,-93.522
50451,43.381,-94.078
50452,42.781,-93.367
50453,43.363,-93.647
50454,43.382,-92.737
50455,43.457,-92.65
50456,43.291,-93.216
50457,42.916,-93.494
50458,43.159,-93.012
50459,43.457,-93.25
50460,43.228,-92.689
50461,43.306,-92.819
50464,43.253,-93.081
50465,43.487,-93.912
50466,43.387,-92.538
50467,43.212,-93.087
50468,43.032,-92.947
50469,42.999,-93.197
50470,42.746,-93.56
50471,43.167,-92.876
50472,43.407,-92.935
50473,43.466,-93.688
50475,42.882,-93.218
50476,43.447,-92.764
50477,42.989,-93.327
50478,43.407,-93.784
50479,42.939,-93.41
50480,43.25,-94.059
50482,43.113,-93.486
50483,43.113,-94.001
50484,43.231,-93.916
50501,42.492,-94.192
50510,42.759,-94.986
50511,43.074,-94.219
50514,43.415,-94.472
50515,43.022,-94.863
50516,42.624,-94.137
50517,43.305,-94.234
50518,42.515,-94.386
50519,42.902,-94.263
50520,42.809,-94.398
50521,42.346,-94.103
50522,43.192,-94.195
50523,42.368,-94.296
50524,42.617,-94.354
50525,42.736,-93.747
50527,42.965,-94.785
50528,43.134,-94.541
50529,42.72,-94.196
50530,42.27,-94.04
50531,43.454,-94.61
50532,42.46,-94.001
50533,42.652,-93.912
50535,42.453,-95.162
50536,43.118,-94.705
50538,42.274,-94.44
50539,43.237,-94.42
50540,42.598,-94.84
50541,42.71,-94.452
50542,42.783,-93.943
50543,42.275,-94.305
50544,42.251,-94.171
50545,42.797,-94.081
50546,42.838,-94.702
50548,42.715,-94.225
50551,42.48,-94.751
50554,42.846,-94.843
50556,43.455,-94.197
50557,42.361,-94.044
50558,42.861,-94.164
50559,43.209,-94.329
50560,42.96,-94.108
50561,42.425,-94.851
50562,42.962,-94.642
50563,42.528,-94.525
50565,42.857,-95.001
50566,42.438,-94.324
50567,42.525,-95.102
50568,42.626,-94.984
50569,42.403,-94.134
50570,42.896,-94.373
50571,42.631,-94.579
50573,42.877,-94.624
50574,42.717,-94.699
50575,42.56,-94.7
50576,42.803,-95.175
50577,42.859,-93.977
50578,43.307,-94.55
50579,42.394,-94.639
50581,42.843,-94.55
50582,42.794,-94.296
50583,42.433,-94.986
50585,42.918,-95.142
50586,42.412,-94.426
50588,42.655,-95.162
50590,43.407,-94.315
50591,42.676,-94.056
50593,42.657,-94.899
50594,42.585,-94.04
50595,42.461,-93.823
50597,42.975,-94.452
50598,43.082,-94.417
50599,42.579,-93.823
50601,42.568,-93.06
50602,42.741,-92.806
50603,43.188,-92.459
50604,42.602,-92.896
50605,42.832,-93.021
50606,42.747,-91.691
50607,42.611,-91.75
50609,42.228,-92.809
50611,42.815,-92.909
50612,42.283,-92.386
50613,42.531,-92.486
50616,43.081,-92.659
50619,42.81,-92.658
50620,43.158,-92.591
50621,42.251,-92.921
50622,42.673,-92.336
50624,42.468,-92.659
50625,42.748,-92.988
50626,42.587,-92.176
50627,42.35,-93.094
50628,43.273,-92.394
50629,42.649,-92.072
50630,42.958,-92.214
50632,42.062,-92.699
50633,42.672,-93.128
50634,42.419,-92.214
50635,42.202,-92.699
50636,42.897,-92.811
50638,42.357,-92.794
50641,42.607,-91.92
50642,42.44,-92.816
50643,42.358,-92.464
50644,42.476,-91.894
50645,43.02,-92.444
50647,42.651,-92.497
50648,42.453,-92.093
50650,42.618,-91.656
50651,42.317,-92.197
50652,42.264,-92.694
50653,42.969,-92.886
50654,42.499,-91.643
50655,42.766,-91.892
50658,42.963,-92.543
50659,43.096,-92.329
50660,42.584,-92.632
50662,42.689,-91.937
50664,42.701,-92.076
50665,42.58,-92.772
50666,42.871,-92.52
50667,42.47,-92.226
50668,42.693,-92.229
50669,42.343,-92.602
50670,42.695,-92.619
50671,42.65,-91.796
50672,42.426,-93.072
50673,42.525,-92.711
50674,42.838,-92.115
50675,42.198,-92.512
50676,42.799,-92.28
50677,42.767,-92.426
50680,42.452,-92.923
50681,42.778,-92.009
50682,42.452,-91.688
50701,42.418,-92.34
50702,42.461,-92.314
50703,42.548,-92.286
50707,42.458,-92.26
50801,41.079,-94.402
50830,41.027,-94.191
50833,40.671,-94.701
50835,40.706,-94.375
50836,40.632,-94.497
50837,41.22,-94.691
50839,41.05,-94.824
50840,40.782,-94.481
50841,41.009,-94.769
50842,41.04,-94.462
50843,41.237,-94.885
50845,40.821,-94.35
50846,41.309,-94.576
50847,41.14,-94.983
50848,40.781,-94.764
50849,41.308,-94.387
50851,40.909,-94.537
50853,41.237,-94.768
50854,40.679,-94.213
50857,40.943,-94.881
50858,41.221,-94.41
50859,41.067,-94.597
50860,40.617,-94.348
50861,40.908,-94.256
50862,40.811,-94.658
50863,40.848,-94.176
50864,40.97,-94.978
51001,42.83,-96.527
51002,42.688,-95.319
51003,42.99,-95.986
51004,42.375,-95.915
51005,42.724,-95.419
51006,42.321,-95.62
51007,42.404,-96.187
51008,42.811,-96.267
51009,42.944,-95.552
51010,42.086,-95.91
51011,42.916,-96.514
51012,42.744,-95.562
51014,42.788,-95.707
51016,42.472,-95.805
51018,42.45,-95.681
51019,42.274,-95.739
51020,42.51,-95.414
51022,42.977,-95.85
51023,43.019,-96.46
51024,42.612,-96.263
51025,42.498,-95.556
51026,42.255,-96.068
51027,42.96,-96.322
51028,42.597,-95.988
51029,42.881,-95.538
51030,42.498,-96.188
51031,42.799,-96.186
51033,42.913,-95.251
51034,42.161,-95.79
51035,42.779,-95.799
51036,42.97,-96.189
51037,42.827,-95.643
51038,42.703,-96.317
51039,42.449,-96.05
51040,42.036,-96.087
51041,43.026,-96.078
51044,42.306,-95.918
51046,42.962,-95.678
51047,42.942,-95.37
51048,42.551,-95.841
51049,42.629,-95.647
51050,42.794,-95.946
51051,42.206,-95.965
51052,42.308,-96.266
51053,42.495,-95.287
51054,42.38,-96.316
51055,42.222,-96.261
51056,42.241,-95.956
51058,42.974,-95.467
51060,42.042,-95.684
51061,42.581,-95.718
51062,42.698,-96.535
51063,42.139,-96.168
51101,42.494,-96.394
51103,42.517,-96.44
51104,42.536,-96.405
51105,42.512,-96.352
51106,42.463,-96.322
51108,42.566,-96.353
51109,42.58,-96.474
51111,42.419,-96.393
51201,43.178,-95.866
51230,43.36,-96.324
51231,43.103,-95.742
51232,43.309,-95.813
51234,43.192,-96.019
51235,43.295,-96.218
51237,43.336,-96.001
51238,43.074,-95.892
51239,43.204,-96.147
51240,43.309,-96.458
51241,43.451,-96.462
51242,43.441,-96.335
51243,43.44,-95.91
51244,43.245,-95.936
51245,43.075,-95.6
51246,43.428,-96.168
51247,43.194,-96.338
51248,43.206,-95.658
51249,43.411,-95.727
51250,43.091,-96.206
51301,43.153,-95.148
51331,43.361,-95.127
51333,43.129,-94.997
51334,43.404,-94.805
51338,43.205,-95.319
51341,43.014,-95.039
51342,43.248,-94.737
51343,43.019,-95.106
51345,43.408,-95.437
51346,43.18,-95.459
51347,43.422,-95.318
51350,43.311,-95.601
51351,43.315,-95.184
51354,43.411,-95.541
51355,43.389,-95.136
51357,43.061,-95.281
51358,43.132,-94.9
51360,43.444,-95.087
51363,43.434,-94.947
51364,43.3,-94.965
51365,43.305,-94.733
51366,42.961,-95.003
51401,42.066,-94.87
51430,42.082,-95.025
51431,42.345,-95.352
51433,42.267,-94.875
51436,42.189,-95.024
51439,42.089,-95.59
51440,41.913,-94.813
51441,42.113,-95.315
51442,42.027,-95.361
51443,42.082,-94.697
51444,42.005,-94.973
51445,42.321,-95.462
51446,41.775,-95.192
51447,41.722,-95.196
51448,42.205,-95.31
51449,42.268,-94.734
51450,42.316,-95.021
51451,42.184,-94.695
51453,42.27,-94.547
51454,41.871,-95.203
51455,41.912,-95.055
51458,42.326,-95.235
51459,42.045,-94.638
51461,42.176,-95.485
51462,42.014,-94.557
51463,41.907,-94.913
51465,42.087,-95.201
51466,42.257,-95.107
51467,42.073,-95.118
51501,41.227,-95.878
51503,41.223,-95.784
51510,41.289,-95.917
51520,41.97,-95.461
51521,41.485,-95.345
51523,41.915,-96.068
51525,41.234,-95.416
51526,41.374,-95.872
51527,41.84,-95.337
51528,41.909,-95.501
51529,41.86,-95.643
51530,41.787,-95.43
51531,41.589,-95.087
51532,41.138,-95.109
51533,41.039,-95.378
51534,41.047,-95.715
51535,41.226,-95.127
51536,41.387,-95.362
51537,41.65,-95.298
51540,41.024,-95.499
51541,41.139,-95.416
51542,41.432,-95.849
51543,41.657,-95.076
51544,41.306,-95.114
51545,41.845,-96.03
51546,41.637,-95.766
51548,41.318,-95.637
51549,41.186,-95.467
51550,41.692,-95.874
51551,40.991,-95.588
51552,41.491,-95.114
51553,41.424,-95.546
51554,41.147,-95.682
51555,41.56,-95.923
51556,41.642,-96.029
51557,41.732,-95.998
51558,41.902,-95.871
51559,41.466,-95.649
51560,41.315,-95.4
51561,41.008,-95.806
51562,41.725,-95.493
51563,41.571,-95.586
51564,41.81,-95.923
51565,41.643,-95.524
51566,41.016,-95.231
51570,41.528,-95.465
51571,41.137,-95.606
51572,41.993,-95.784
51573,40.98,-95.097
51575,41.24,-95.602
51576,41.383,-95.715
51577,41.464,-95.204
51578,41.719,-95.395
51579,41.762,-95.719
51601,40.726,-95.35
51630,40.601,-95.191
51631,40.591,-95.01
51632,40.746,-95.047
51636,40.667,-95.233
51637,40.625,-95.116
51638,40.836,-95.28
51639,40.72,-95.466
51640,40.623,-95.656
51645,40.882,-95.433
51646,40.748,-94.874
51647,40.609,-95.32
51648,40.739,-95.8
51649,40.85,-95.527
51650,40.666,-95.542
51652,40.773,-95.623
51653,40.878,-95.682
51654,40.835,-95.782
51656,40.735,-95.156
52001,42.546,-90.696
52002,42.525,-90.773
52003,42.431,-90.67
52030,42.153,-90.592
52031,42.253,-90.486
52032,42.29,-90.84
52033,42.279,-91.001
52035,42.671,-91.181
52037,41.967,-90.634
52038,42.587,-91.561
52039,42.539,-90.861
52040,42.504,-91.142
52041,42.506,-91.261
52042,42.698,-91.358
52043,42.834,-91.426
52044,42.769,-91.324
52045,42.461,-90.938
52046,42.438,-91.013
52047,42.969,-91.342
52048,42.742,-91.257
52049,42.886,-91.199
52050,42.604,-91.33
52052,42.742,-91.117
52053,42.611,-90.961
52054,42.306,-90.627
52057,42.489,-91.456
52060,42.106,-90.683
52064,42.094,-90.311
52065,42.594,-91.109
52066,42.678,-90.952
52068,42.423,-90.817
52069,42.064,-90.442
52070,42.079,-90.237
52072,42.922,-91.378
52073,42.619,-90.822
52074,42.112,-90.465
52076,42.7,-91.51
52077,42.821,-91.563
52078,42.396,-91.116
52079,42.286,-90.716
52101,43.354,-91.766
52132,43.211,-91.928
52133,43.11,-91.661
52134,43.47,-92.411
52135,43.016,-91.663
52136,43.374,-92.112
52140,43.446,-91.535
52141,42.931,-91.641
52142,42.825,-91.797
52144,43.139,-91.962
52146,43.176,-91.206
52147,42.957,-91.958
52151,43.346,-91.265
52154,43.119,-92.167
52155,43.422,-92.289
52156,43.053,-91.462
52157,43.022,-91.24
52158,43.044,-91.182
52159,43.079,-91.366
52160,43.46,-91.352
52161,43.13,-91.757
52162,43.108,-91.552
52163,43.22,-92.103
52164,42.855,-91.907
52165,43.31,-91.994
52166,43.066,-91.933
52168,43.205,-91.952
52169,42.861,-91.663
52170,43.224,-91.305
52171,43.068,-92.053
52172,43.271,-91.484
52175,42.994,-91.826
52201,41.33,-91.547
52202,42.159,-91.638
52203,41.814,-91.892
52205,42.12,-91.286
52206,41.992,-91.885
52207,42.095,-90.832
52208,41.877,-92.257
52209,41.909,-92.098
52210,42.334,-91.993
52211,41.754,-92.45
52212,42.109,-91.09
52213,42.202,-91.76
52214,42.188,-91.509
52215,41.914,-92.405
52216,41.886,-91.04
52217,42.08,-92.408
52218,42.29,-91.534
52219,42.238,-91.426
52220,41.728,-91.998
52221,41.641,-92.332
52222,41.576,-92.341
52223,42.413,-91.324
52224,42.166,-92.3
52225,42.011,-92.327
52227,41.894,-91.569
52228,41.902,-91.789
52229,42.145,-92.169
52231,41.359,-92.059
52232,41.804,-92.336
52233,42.047,-91.687
52235,41.579,-91.532
52236,41.734,-91.877
52237,42.344,-91.249
52240,41.636,-91.501
52241,41.7,-91.596
52242,41.662,-91.546
52245,41.673,-91.512
52246,41.652,-91.57
52247,41.519,-91.723
52248,41.346,-91.935
52249,42.014,-92.205
52251,41.71,-92.193
52253,41.895,-91.353
52254,41.952,-90.801
52255,41.864,-90.961
52257,41.921,-92.178
52301,41.789,-92.083
52302,42.065,-91.561
52305,42.019,-91.339
52306,41.887,-91.254
52307,41.793,-91.899
52308,41.572,-92.159
52309,42.132,-90.889
52310,42.22,-91.195
52312,42.006,-91.246
52313,42.257,-92.097
52314,41.936,-91.448
52315,42.001,-91.97
52316,41.546,-92.095
52317,41.767,-91.635
52318,41.889,-91.893
52320,41.999,-91.148
52321,42.147,-90.983
52322,41.693,-91.763
52323,41.984,-90.959
52324,42.064,-91.806
52325,41.584,-91.926
52326,42.391,-91.756
52327,41.477,-91.583
52328,42.072,-91.666
52329,42.358,-91.856
52330,42.349,-91.5
52332,42.099,-91.888
52333,41.806,-91.492
52334,41.74,-91.941
52335,41.468,-92.054
52336,42.071,-91.432
52337,41.88,-91.142
52338,41.818,-91.708
52339,41.928,-92.587
52340,41.706,-91.677
52341,42.103,-91.726
52342,42.058,-92.547
52345,42.246,-91.901
52346,42.01,-92.081
52347,41.713,-92.284
52348,41.99,-92.381
52349,42.173,-92.01
52351,41.878,-91.832
52352,42.288,-91.775
52353,41.299,-91.711
52354,41.916,-91.988
52355,41.461,-92.192
52356,41.474,-91.845
52358,41.691,-91.318
52359,41.359,-91.807
52361,41.649,-92.03
52362,42.079,-90.983
52401,41.975,-91.659
52402,42.023,-91.66
52403,41.966,-91.566
52404,41.923,-91.699
52405,41.983,-91.746
52411,42.054,-91.729
52501,41.036,-92.431
52530,40.993,-92.293
52531,41.026,-92.815
52533,41.021,-92.159
52534,41.272,-92.682
52535,40.863,-91.96
52536,40.957,-92.609
52537,40.735,-92.414
52540,41.156,-91.822
52542,40.62,-92.056
52543,41.202,-92.513
52544,40.707,-92.912
52548,41.086,-92.533
52549,40.619,-92.943
52550,41.31,-92.355
52551,40.825,-92.109
52552,40.827,-92.549
52553,41.148,-92.655
52554,40.925,-92.228
52555,40.644,-92.816
52556,41.024,-91.928
52557,41.022,-91.965
52560,40.855,-92.249
52561,41.22,-92.452
52563,41.168,-92.282
52565,40.742,-91.934
52566,41.148,-92.503
52567,40.93,-92.078
52569,40.983,-93.046
52570,40.687,-92.146
52571,40.882,-92.841
52572,40.67,-92.688
52573,40.628,-91.929
52574,40.807,-92.972
52576,41.215,-92.109
52577,41.273,-92.662
52580,41.105,-92.09
52581,40.801,-93.064
52583,40.794,-93.149
52584,40.638,-92.248
52585,41.193,-91.981
52586,41.345,-92.461
52588,40.865,-92.17
52590,40.66,-93.125
52591,41.317,-92.191
52593,40.772,-92.746
52594,40.836,-92.651
52595,41.289,-92.615
52601,40.856,-91.13
52619,40.525,-91.565
52620,40.698,-91.797
52621,41.209,-91.534
52623,40.863,-91.336
52624,40.736,-91.338
52625,40.661,-91.574
52626,40.624,-91.724
52627,40.681,-91.357
52630,40.799,-91.711
52632,40.432,-91.445
52635,40.996,-91.759
52637,41.018,-91.146
52638,40.801,-91.242
52639,40.533,-91.46
52640,41.101,-91.28
52641,40.995,-91.586
52644,41.04,-91.415
52645,40.912,-91.404
52646,41.057,-90.998
52647,41.135,-91.545
52649,40.839,-91.612
52650,40.951,-91.152
52651,40.864,-91.814
52653,41.164,-91.157
52654,41.141,-91.672
52655,40.847,-91.214
52656,40.74,-91.456
52657,40.768,-91.519
52658,40.699,-91.23
52659,41.129,-91.441
52660,40.995,-91.299
52701,41.982,-90.249
52720,41.588,-91.173
52721,41.757,-90.96
52722,41.574,-90.472
52726,41.496,-90.78
52727,41.955,-90.326
52728,41.454,-90.742
52729,41.8,-90.736
52730,41.776,-90.335
52731,41.967,-90.486
52732,41.891,-90.253
52737,41.259,-91.375
52738,41.274,-91.378
52739,41.373,-91.367
52742,41.838,-90.52
52745,41.719,-90.766
52746,41.716,-90.67
52747,41.611,-90.906
52748,41.666,-90.555
52749,41.346,-91.131
52750,41.937,-90.397
52751,41.836,-90.68
52752,41.275,-91.191
52753,41.629,-90.386
52754,41.35,-91.227
52755,41.478,-91.438
52756,41.729,-90.539
52757,41.804,-90.379
52758,41.746,-90.44
52760,41.549,-91.087
52761,41.44,-91.064
52765,41.725,-90.872
52766,41.468,-91.295
52767,41.566,-90.423
52768,41.701,-90.387
52769,41.606,-90.847
52772,41.755,-91.144
52773,41.622,-90.753
52774,41.907,-90.595
52776,41.575,-91.269
52777,41.854,-90.856
52778,41.61,-90.99
52801,41.521,-90.575
52802,41.495,-90.637
52803,41.539,-90.556
52804,41.532,-90.681
52806,41.59,-90.626
52807,41.611,-90.517
53001,43.608,-88.055
53002,43.464,-88.352
53003,43.207,-88.51
53004,43.498,-87.876
53005,43.062,-88.099
53006,43.62,-88.534
53007,43.108,-88.072
53010,43.613,-88.272
53011,43.66,-88.091
53012,43.315,-88.035
53013,43.565,-87.847
53014,44.026,-88.176
53015,43.908,-87.786
53016,43.31,-88.71
53017,43.201,-88.251
53018,43.048,-88.391
53019,43.698,-88.322
53020,43.862,-88.011
53021,43.495,-88.009
53022,43.232,-88.116
53023,43.78,-88.107
53024,43.334,-87.929
53027,43.318,-88.373
53029,43.147,-88.341
53031,43.639,-87.916
53032,43.45,-88.625
53033,43.235,-88.254
53034,43.33,-88.619
53035,43.391,-88.547
53036,43.18,-88.575
53037,43.312,-88.163
53038,43.084,-88.788
53039,43.37,-88.713
53040,43.527,-88.191
53042,43.957,-87.972
53044,43.743,-87.782
53045,43.059,-88.153
53046,43.157,-88.158
53047,43.257,-88.63
53048,43.574,-88.457
53049,43.886,-88.289
53050,43.511,-88.547
53051,43.159,-88.122
53057,43.795,-88.237
53058,43.112,-88.411
53059,43.289,-88.525
53061,43.945,-88.121
53063,43.958,-87.791
53065,43.68,-88.572
53066,43.113,-88.49
53069,43.111,-88.435
53070,43.62,-87.807
53072,43.082,-88.271
53073,43.751,-87.988
53074,43.42,-87.885
53075,43.565,-87.991
53076,43.268,-88.207
53078,43.318,-88.466
53079,43.814,-88.18
53080,43.406,-87.986
53081,43.71,-87.733
53083,43.816,-87.764
53085,43.733,-87.856
53086,43.318,-88.271
53088,44.07,-88.301
53089,43.145,-88.234
53090,43.463,-88.189
53091,43.5,-88.435
53092,43.215,-87.951
53093,43.653,-87.948
53094,43.143,-88.723
53095,43.39,-88.158
53097,43.242,-88.01
53098,43.254,-88.711
53103,42.882,-88.213
53104,42.547,-88.039
53105,42.663,-88.28
53108,42.815,-87.943
53110,42.951,-87.861
53114,42.597,-88.752
53115,42.657,-88.668
53118,42.962,-88.492
53119,42.893,-88.486
53120,42.803,-88.417
53121,42.72,-88.534
53122,43.048,-88.087
53125,42.55,-88.554
53126,42.794,-87.998
53128,42.529,-88.335
53129,42.94,-88.001
53130,42.941,-88.049
53132,42.884,-88.012
53137,43.008,-88.669
53139,42.686,-88.121
53140,42.622,-87.829
53142,42.518,-87.983
53143,42.561,-87.83
53144,42.622,-87.92
53146,42.974,-88.155
53147,42.566,-88.457
53149,42.878,-88.342
53150,42.871,-88.134
53151,42.975,-88.099
53153,42.934,-88.407
53154,42.879,-87.899
53156,42.89,-88.589
53158,42.524,-87.886
53167,42.745,-88.228
53168,42.575,-88.136
53170,42.551,-88.154
53172,42.912,-87.86
53177,42.704,-87.933
53178,43.03,-88.597
53179,42.514,-88.131
53181,42.513,-88.243
53182,42.702,-88.041
53183,43.006,-88.37
53184,42.526,-88.605
53185,42.798,-88.194
53186,43.022,-88.205
53188,43.022,-88.292
53189,42.944,-88.291
53190,42.808,-88.736
53191,42.588,-88.553
53192,42.503,-88.184
53195,42.514,-88.49
53202,43.05,-87.893
53203,43.038,-87.917
53204,43.019,-87.926
53205,43.053,-87.934
53206,43.075,-87.934
53207,42.977,-87.899
53208,43.047,-87.967
53209,43.128,-87.949
53210,43.069,-87.974
53211,43.082,-87.881
53212,43.074,-87.909
53213,43.049,-88.002
53214,43.02,-88.013
53215,42.999,-87.943
53216,43.086,-87.976
53217,43.158,-87.913
53218,43.114,-87.993
53219,42.995,-87.994
53220,42.965,-87.991
53221,42.954,-87.943
53222,43.083,-88.036
53223,43.163,-87.99
53224,43.163,-88.04
53225,43.115,-88.043
53226,43.049,-88.042
53227,42.996,-88.042
53228,42.969,-88.043
53233,43.037,-87.934
53235,42.973,-87.868
53295,43.022,-87.976
53402,42.796,-87.817
53403,42.684,-87.816
53404,42.754,-87.811
53405,42.727,-87.83
53406,42.735,-87.865
53501,42.606,-89.065
53502,42.73,-89.438
53503,43.143,-89.958
53504,42.704,-89.86
53505,42.661,-88.821
53506,43.165,-90.286
53507,42.984,-89.914
53508,42.866,-89.576
53510,42.745,-90.305
53511,42.554,-89.094
53515,43.115,-89.739
53516,42.797,-89.874
53517,43.057,-89.832
53518,43.241,-90.595
53520,42.597,-89.353
53521,42.838,-89.4
53522,42.557,-89.783
53523,42.984,-89.029
53525,42.545,-88.859
53526,42.974,-90.344
53527,43.051,-89.192
53528,43.118,-89.638
53529,43.243,-89.515
53530,42.694,-90.106
53531,43.062,-89.102
53532,43.25,-89.326
53533,42.997,-90.162
53534,42.861,-89.093
53536,42.761,-89.268
53537,42.672,-89.211
53538,42.92,-88.857
53540,43.229,-90.285
53541,42.566,-90.029
53543,43.058,-90.345
53544,42.878,-89.906
53545,42.739,-89.04
53546,42.652,-88.948
53548,42.683,-89.125
53549,42.985,-88.766
53550,42.553,-89.494
53551,43.082,-88.916
53553,42.908,-90.302
53554,42.909,-90.441
53555,43.32,-89.556
53556,43.238,-90.246
53557,43.339,-88.798
53558,42.997,-89.275
53559,43.166,-89.082
53560,43.192,-89.738
53561,43.395,-89.639
53562,43.116,-89.544
53563,42.804,-88.916
53565,42.833,-90.166
53566,42.608,-89.65
53569,42.989,-90.439
53570,42.731,-89.62
53571,43.278,-89.353
53572,42.961,-89.734
53573,43.188,-90.459
53574,42.817,-89.65
53575,42.933,-89.391
53576,42.626,-89.233
53577,43.312,-90.064
53578,43.327,-89.776
53579,43.296,-88.868
53580,42.86,-90.378
53581,43.372,-90.414
53582,43.018,-89.979
53583,43.251,-89.804
53585,42.53,-88.716
53586,42.573,-90.227
53587,42.58,-89.904
53588,43.194,-90.086
53589,42.925,-89.213
53590,43.2,-89.205
53593,42.985,-89.579
53594,43.191,-88.974
53597,43.183,-89.457
53598,43.21,-89.333
53599,42.647,-89.857
53702,43.061,-88.231
53703,43.08,-89.378
53704,43.136,-89.347
53705,43.074,-89.461
53706,43.074,-89.409
53711,43.011,-89.411
53713,43.036,-89.387
53714,43.1,-89.312
53715,43.068,-89.402
53716,43.065,-89.314
53717,43.068,-89.521
53718,43.094,-89.278
53719,43.045,-89.515
53726,43.07,-89.423
53792,43.078,-89.431
53801,42.925,-91.075
53802,42.806,-90.889
53803,42.56,-90.354
53804,42.875,-90.908
53805,43.143,-90.687
53806,42.73,-90.92
53807,42.617,-90.473
53808,42.626,-90.593
53809,42.994,-90.634
53810,42.821,-91.002
53811,42.538,-90.507
53813,42.844,-90.721
53816,42.979,-90.854
53817,42.945,-90.968
53818,42.746,-90.492
53820,42.7,-90.701
53821,43.049,-91.057
53825,42.918,-90.591
53826,43.114,-90.925
53827,43.046,-90.82
53901,43.561,-89.483
53910,43.887,-89.808
53911,43.326,-89.367
53913,43.493,-89.729
53916,43.467,-88.868
53919,43.734,-88.776
53920,43.666,-89.595
53922,43.521,-88.715
53923,43.574,-89.138
53924,43.483,-90.262
53925,43.327,-89.057
53926,43.667,-89.223
53928,43.427,-89.157
53929,43.751,-90.284
53930,43.692,-89.487
53931,43.744,-88.861
53932,43.422,-89.055
53933,43.584,-88.875
53934,43.988,-89.82
53935,43.588,-89.066
53936,43.869,-89.707
53937,43.387,-90.145
53939,43.69,-89.131
53941,43.57,-90.161
53943,43.387,-90.035
53944,43.686,-89.929
53946,43.712,-89.021
53947,43.747,-89.14
53948,43.777,-90.04
53949,43.783,-89.336
53950,43.901,-90.138
53951,43.388,-89.876
53952,43.783,-89.597
53953,43.773,-89.468
53954,43.551,-89.314
53955,43.407,-89.417
53956,43.542,-89.017
53959,43.534,-90.0
53960,43.426,-89.235
53961,43.458,-89.928
53963,43.639,-88.743
53964,43.913,-89.513
53965,43.671,-89.748
53968,43.646,-90.228
53969,43.493,-89.302
54001,45.334,-92.387
54002,44.963,-92.37
54003,44.794,-92.446
54004,45.302,-92.125
54005,45.236,-92.228
54006,45.591,-92.647
54007,45.19,-92.353
54009,45.353,-92.578
54010,44.734,-92.466
54011,44.718,-92.465
54013,45.083,-92.228
54014,44.649,-92.573
54015,44.972,-92.465
54016,44.981,-92.695
54017,45.12,-92.52
54020,45.275,-92.642
54021,44.734,-92.706
54022,44.847,-92.607
54023,44.982,-92.555
54024,45.502,-92.641
54025,45.144,-92.68
54026,45.228,-92.535
54027,44.919,-92.193
54028,44.955,-92.284
54082,45.068,-92.749
54101,44.786,-88.075
54102,45.501,-87.977
54103,45.637,-88.516
54104,45.449,-88.283
54106,44.485,-88.457
54107,44.701,-88.456
54110,44.188,-88.075
54111,44.812,-88.381
54112,45.055,-88.055
54113,44.262,-88.31
54114,45.245,-88.109
54115,44.398,-88.096
54119,45.607,-88.16
54120,45.803,-88.569
54121,45.866,-88.327
54123,44.211,-88.143
54124,44.908,-88.345
54125,45.579,-88.402
54126,44.292,-88.051
54127,44.796,-88.27
54128,44.879,-88.811
54129,44.132,-88.194
54130,44.311,-88.244
54135,44.927,-88.608
54136,44.268,-88.339
54137,44.757,-88.255
54138,45.334,-88.41
54139,44.957,-88.076
54140,44.287,-88.309
54141,44.729,-87.998
54143,45.076,-87.699
54149,45.196,-88.462
54150,44.998,-88.854
54151,45.725,-87.988
54153,44.898,-87.916
54154,44.874,-88.182
54155,44.527,-88.201
54156,45.629,-88.024
54157,45.041,-87.821
54159,45.193,-87.839
54160,44.118,-88.102
54161,45.122,-88.162
54162,44.663,-88.271
54165,44.517,-88.322
54166,44.779,-88.635
54169,44.177,-88.281
54170,44.536,-88.577
54171,44.715,-88.096
54173,44.639,-88.031
54174,45.037,-88.424
54175,45.315,-88.618
54177,45.397,-87.894
54180,44.326,-88.176
54201,44.624,-87.496
54202,45.087,-87.14
54204,44.755,-87.605
54205,44.596,-87.632
54207,44.088,-87.989
54208,44.364,-87.8
54209,45.018,-87.27
54210,45.246,-87.036
54211,45.16,-87.166
54212,45.11,-87.209
54213,44.695,-87.528
54214,44.198,-87.713
54216,44.439,-87.57
54217,44.552,-87.72
54220,44.102,-87.723
54227,44.281,-87.811
54228,44.269,-87.653
54229,44.56,-87.816
54230,44.16,-87.915
54232,44.007,-87.924
54234,45.182,-87.102
54235,44.841,-87.373
54241,44.216,-87.595
54245,44.031,-87.898
54246,45.373,-86.899
54247,44.2,-87.79
54301,44.481,-88.016
54302,44.508,-87.977
54303,44.538,-88.049
54304,44.493,-88.067
54307,44.47,-88.037
54311,44.48,-87.892
54313,44.584,-88.115
54401,44.963,-89.704
54403,45.018,-89.525
54405,44.968,-90.282
54406,44.412,-89.305
54407,44.532,-89.282
54408,45.026,-89.324
54409,45.122,-89.171
54410,44.542,-90.03
54411,45.063,-90.033
54412,44.663,-89.974
54413,44.273,-90.13
54414,44.96,-89.177
54416,44.884,-88.948
54417,45.027,-89.653
54418,45.221,-88.94
54420,44.61,-90.351
54421,44.895,-90.289
54422,44.986,-90.458
54423,44.585,-89.422
54424,45.287,-89.192
54425,45.007,-90.341
54426,44.907,-90.01
54427,44.817,-89.258
54428,45.421,-89.136
54430,45.148,-88.873
54433,45.202,-90.792
54435,45.36,-89.438
54436,44.535,-90.427
54437,44.777,-90.629
54440,44.811,-89.383
54441,44.643,-90.105
54442,45.359,-89.659
54443,44.609,-89.752
54446,44.748,-90.466
54447,45.086,-90.747
54448,44.934,-89.832
54449,44.638,-90.208
54450,45.004,-89.041
54451,45.197,-90.408
54452,45.218,-89.794
54454,44.607,-89.883
54455,44.767,-89.684
54456,44.544,-90.633
54457,44.214,-89.9
54458,44.497,-89.306
54459,45.413,-90.237
54460,44.939,-90.543
54462,45.392,-89.007
54463,45.503,-89.219
54465,45.383,-88.891
54466,44.38,-90.307
54467,44.414,-89.539
54469,44.345,-89.874
54470,45.287,-90.142
54471,44.931,-89.424
54473,44.651,-89.352
54474,44.874,-89.62
54475,44.485,-89.793
54476,44.89,-89.521
54479,44.751,-90.332
54480,45.054,-90.269
54481,44.511,-89.638
54482,44.547,-89.526
54484,44.8,-90.079
54485,45.411,-89.231
54486,44.718,-89.045
54487,45.514,-89.775
54488,44.84,-90.333
54489,44.461,-90.004
54490,45.343,-90.392
54491,45.234,-88.754
54493,44.697,-90.811
54494,44.341,-89.735
54495,44.378,-89.964
54498,45.035,-90.629
54499,44.79,-89.176
54501,45.658,-89.349
54511,45.737,-88.823
54512,46.091,-89.659
54513,45.578,-90.141
54514,46.042,-90.473
54515,45.513,-90.491
54517,46.146,-90.931
54519,46.051,-89.263
54520,45.537,-88.904
54521,45.937,-89.291
54524,45.833,-90.347
54525,46.423,-90.22
54526,45.529,-90.857
54527,46.126,-90.686
54529,45.678,-89.667
54530,45.534,-90.742
54531,45.753,-89.775
54534,46.348,-90.228
54536,46.306,-90.355
54537,45.529,-90.603
54538,45.97,-89.912
54539,45.813,-89.562
54540,46.155,-89.373
54541,45.557,-88.619
54542,45.92,-88.716
54545,46.137,-89.83
54546,46.3,-90.695
54547,46.211,-90.106
54548,45.866,-89.832
54550,46.362,-90.277
54552,45.939,-90.317
54554,46.047,-89.067
54555,45.706,-90.405
54556,45.535,-90.297
54557,46.212,-89.748
54558,45.925,-89.5
54559,46.495,-90.491
54560,46.037,-89.552
54561,46.098,-89.513
54562,45.803,-89.079
54563,45.46,-90.971
54564,45.604,-89.961
54565,46.285,-90.466
54566,45.42,-88.601
54568,45.958,-89.653
54601,43.806,-91.141
54603,43.857,-91.242
54610,44.365,-91.832
54611,44.448,-90.952
54612,44.25,-91.501
54613,44.076,-89.924
54614,43.905,-90.953
54615,44.26,-90.813
54616,44.301,-91.224
54618,43.964,-90.286
54619,43.757,-90.774
54621,43.656,-91.081
54622,44.273,-91.774
54623,43.733,-91.006
54624,43.462,-91.131
54625,44.133,-91.525
54626,43.22,-91.054
54627,44.171,-91.227
54628,43.373,-91.026
54629,44.174,-91.639
54630,44.123,-91.373
54631,43.285,-90.831
54632,43.569,-91.146
54634,43.582,-90.422
54635,44.403,-91.046
54636,44.003,-91.224
54637,43.879,-90.27
54638,43.8,-90.404
54639,43.602,-90.638
54641,44.271,-90.33
54642,44.152,-91.045
54643,44.187,-90.638
54644,44.036,-91.063
54645,43.321,-90.933
54646,44.114,-90.098
54648,43.829,-90.653
54650,43.91,-91.227
54651,43.724,-90.573
54652,43.476,-90.772
54653,43.816,-90.901
54654,43.27,-90.964
54655,43.371,-90.759
54656,43.99,-90.803
54657,43.188,-90.896
54658,43.682,-91.168
54659,44.299,-91.115
54660,43.983,-90.494
54661,44.058,-91.468
54664,43.488,-90.643
54665,43.532,-90.929
54666,44.17,-90.45
54667,43.664,-90.86
54669,43.911,-91.084
54670,43.837,-90.486
54701,44.752,-91.515
54703,44.836,-91.519
54720,44.804,-91.436
54721,44.634,-92.083
54722,44.712,-91.096
54723,44.611,-92.419
54724,45.105,-91.486
54725,45.073,-91.991
54726,44.937,-91.026
54727,44.954,-91.159
54728,45.308,-91.638
54729,44.946,-91.393
54730,45.019,-91.72
54731,45.35,-91.09
54732,45.145,-91.17
54733,45.279,-91.85
54734,45.099,-92.126
54736,44.599,-91.906
54737,44.718,-91.982
54738,44.588,-91.489
54739,44.86,-91.701
54740,44.751,-92.167
54741,44.62,-90.975
54742,44.766,-91.267
54745,45.251,-91.123
54746,44.553,-90.88
54747,44.401,-91.512
54748,45.075,-91.263
54749,44.948,-92.107
54750,44.614,-92.295
54751,44.851,-91.932
54754,44.427,-90.753
54755,44.576,-91.681
54756,44.468,-91.94
54757,45.237,-91.522
54758,44.558,-91.217
54759,44.489,-92.129
54760,44.424,-91.206
54761,44.623,-92.178
54762,45.246,-91.993
54763,45.18,-91.882
54765,45.169,-91.686
54766,45.341,-90.858
54767,44.824,-92.268
54768,44.957,-90.93
54769,44.528,-92.24
54770,44.549,-91.372
54771,44.937,-90.813
54772,45.101,-91.882
54773,44.39,-91.296
54801,45.879,-91.943
54805,45.412,-92.023
54806,46.552,-90.87
54810,45.457,-92.374
54812,45.393,-91.883
54813,45.653,-92.045
54814,46.863,-90.901
54817,45.67,-91.547
54819,45.487,-91.305
54820,46.573,-91.565
54821,46.217,-91.166
54822,45.401,-91.694
54824,45.485,-92.54
54826,45.495,-92.16
54827,46.788,-91.097
54828,45.841,-91.294
54829,45.567,-92.047
54830,46.106,-92.226
54832,46.319,-91.343
54835,45.692,-91.247
54836,46.454,-92.195
54837,45.674,-92.358
54838,46.259,-91.819
54839,46.362,-91.14
54840,45.751,-92.692
54841,45.607,-91.779
54842,46.505,-91.855
54843,46.024,-91.293
54844,46.805,-91.233
54845,45.797,-92.194
54846,46.378,-90.72
54847,46.579,-91.4
54848,45.516,-91.104
54849,46.481,-91.726
54850,46.941,-90.571
54853,45.568,-92.45
54854,46.65,-91.667
54855,46.378,-90.831
54856,46.443,-91.129
54857,45.596,-91.606
54858,45.519,-92.458
54859,46.123,-91.804
54861,46.615,-90.657
54862,45.779,-91.142
54864,46.613,-91.791
54865,46.74,-91.375
54867,45.822,-91.203
54868,45.526,-91.708
54870,45.709,-91.775
54871,45.75,-92.002
54872,45.777,-92.402
54873,46.339,-91.697
54874,46.566,-91.943
54875,45.966,-91.692
54876,45.836,-91.494
54880,46.591,-92.128
54888,45.975,-91.867
54889,45.415,-92.17
54891,46.7,-90.965
54893,45.879,-92.326
54895,45.449,-91.461
54896,45.817,-90.882
54901,44.063,-88.536
54902,43.947,-88.54
54904,44.023,-88.624
54909,44.281,-89.367
54911,44.282,-88.381
54913,44.336,-88.4
54914,44.281,-88.452
54915,44.243,-88.356
54921,44.295,-89.559
54922,44.545,-88.762
54923,43.998,-88.967
54927,44.103,-88.654
54928,44.746,-88.875
54929,44.637,-88.739
54930,44.033,-89.555
54931,44.275,-88.679
54932,43.832,-88.591
54933,44.67,-88.703
54934,44.003,-88.839
54935,43.774,-88.437
54937,43.792,-88.391
54940,44.22,-88.843
54941,43.845,-88.993
54942,44.294,-88.547
54943,44.133,-89.59
54944,44.325,-88.627
54945,44.569,-89.137
54946,44.337,-89.144
54947,44.204,-88.699
54948,44.781,-88.873
54949,44.484,-88.915
54950,44.657,-88.918
54952,44.201,-88.329
54956,44.182,-88.528
54960,43.942,-89.219
54961,44.41,-88.762
54962,44.486,-89.031
54963,44.044,-88.779
54964,43.922,-88.717
54965,44.168,-89.044
54966,44.21,-89.505
54967,44.127,-88.976
54968,43.847,-89.136
54970,44.073,-89.098
54971,43.857,-88.829
54974,43.788,-88.663
54977,44.461,-89.171
54979,43.873,-88.536
54980,43.984,-88.767
54981,44.323,-89.132
54982,44.073,-89.291
54983,44.319,-88.933
54984,44.191,-89.223
54985,44.075,-88.518
54986,44.123,-88.75
55001,44.899,-92.819
55003,45.012,-92.779
55005,45.396,-93.218
55006,45.738,-93.199
55007,45.971,-93.118
55008,45.569,-93.277
55009,44.484,-92.865
55011,45.341,-93.253
55012,45.438,-92.788
55013,45.338,-92.905
55014,45.162,-93.128
55016,44.818,-92.935
55017,45.672,-93.436
55018,44.424,-92.996
55019,44.419,-93.248
55020,44.576,-93.374
55021,44.3,-93.277
55024,44.627,-93.125
55025,45.263,-93.022
55026,44.535,-92.346
55027,44.406,-92.609
55029,45.638,-93.198
55030,45.839,-93.09
55031,44.613,-92.962
55032,45.586,-92.988
55033,44.714,-92.864
55036,45.871,-93.12
55037,46.039,-92.785
55038,45.174,-92.981
55040,45.466,-93.28
55041,44.394,-92.32
55042,44.988,-92.909
55043,44.941,-92.769
55044,44.642,-93.276
55045,45.395,-92.835
55046,44.442,-93.425
55047,45.2,-92.821
55049,44.176,-93.231
55051,45.929,-93.303
55052,44.231,-93.444
55053,44.347,-93.061
55054,44.57,-93.35
55055,44.874,-92.999
55056,45.509,-92.954
55057,44.47,-93.176
55060,44.059,-93.223
55063,45.839,-92.903
55065,44.551,-93.025
55066,44.512,-92.539
55068,44.736,-93.063
55069,45.694,-92.964
55070,45.41,-93.387
55071,44.822,-92.998
55072,46.098,-92.529
55073,45.273,-92.815
55074,45.388,-92.72
55075,44.888,-93.04
55076,44.836,-93.032
55077,44.819,-93.068
55079,45.419,-93.035
55080,45.666,-93.222
55082,45.073,-92.84
55084,45.463,-92.716
55085,44.67,-92.963
55087,44.249,-93.395
55088,44.524,-93.383
55089,44.584,-92.716
55090,45.053,-92.958
55092,45.334,-93.1
55101,44.951,-93.091
55102,44.932,-93.121
55103,44.964,-93.123
55104,44.954,-93.164
55105,44.937,-93.168
55106,44.964,-93.05
55107,44.931,-93.079
55108,44.982,-93.175
55109,45.015,-93.026
55110,45.09,-93.006
55111,44.878,-93.196
55112,45.082,-93.19
55113,45.012,-93.151
55114,44.967,-93.195
55115,45.068,-92.953
55116,44.911,-93.17
55117,45.004,-93.091
55118,44.894,-93.101
55119,44.937,-93.007
55120,44.875,-93.152
55121,44.847,-93.155
55122,44.807,-93.201
55123,44.809,-93.138
55124,44.739,-93.194
55125,44.918,-92.938
55126,45.084,-93.133
55127,45.084,-93.08
55128,44.988,-92.964
55129,44.883,-92.893
55130,44.973,-93.082
55150,44.887,-93.165
55155,44.956,-93.083
55301,45.249,-93.66
55302,45.247,-94.117
55303,45.288,-93.431
55304,45.248,-93.275
55305,44.956,-93.428
55306,44.731,-93.291
55307,44.6,-94.111
55308,45.441,-93.832
55309,45.378,-93.744
55310,44.759,-94.881
55311,45.106,-93.497
55312,44.706,-94.351
55313,45.175,-93.851
55314,44.779,-94.59
55315,44.721,-93.689
55316,45.173,-93.387
55317,44.859,-93.55
55318,44.811,-93.636
55319,45.475,-93.944
55320,45.396,-94.086
55321,45.088,-94.193
55322,44.772,-93.787
55324,45.053,-94.418
55325,45.085,-94.317
55327,45.196,-93.476
55328,45.032,-93.812
55329,45.305,-94.559
55330,45.334,-93.568
55331,44.896,-93.608
55332,44.52,-94.7
55333,44.563,-94.861
55334,44.536,-94.188
55335,44.531,-94.553
55336,44.777,-94.199
55337,44.778,-93.272
55338,44.67,-93.996
55339,44.723,-93.957
55340,45.078,-93.572
55341,45.158,-93.663
55342,44.743,-94.739
55343,44.914,-93.416
55344,44.864,-93.43
55345,44.915,-93.484
55346,44.881,-93.482
55347,44.828,-93.462
55349,45.059,-94.075
55350,44.901,-94.391
55352,44.651,-93.593
55353,45.329,-94.325
55354,44.88,-94.061
55355,45.099,-94.541
55356,44.994,-93.59
55357,45.104,-93.674
55358,45.253,-93.992
55359,45.01,-93.698
55360,44.916,-93.92
55362,45.292,-93.839
55363,45.037,-93.918
55364,44.937,-93.678
55366,44.673,-94.232
55367,44.895,-93.976
55368,44.74,-93.9
55369,45.127,-93.445
55370,44.777,-94.037
55371,45.579,-93.592
55372,44.682,-93.414
55373,45.089,-93.721
55374,45.176,-93.576
55375,44.908,-93.722
55376,45.211,-93.688
55378,44.757,-93.367
55379,44.754,-93.515
55381,44.931,-94.2
55382,45.3,-94.199
55384,44.938,-93.635
55385,44.739,-94.489
55386,44.863,-93.667
55387,44.869,-93.779
55388,44.956,-93.84
55389,45.298,-94.443
55390,45.065,-93.98
55391,44.956,-93.539
55395,44.952,-94.068
55396,44.546,-94.367
55397,44.824,-93.938
55398,45.465,-93.612
55401,44.985,-93.269
55402,44.976,-93.271
55403,44.971,-93.284
55404,44.962,-93.261
55405,44.973,-93.302
55406,44.939,-93.221
55407,44.935,-93.253
55408,44.94,-93.293
55409,44.93,-93.281
55410,44.912,-93.32
55411,44.999,-93.298
55412,45.027,-93.304
55413,44.999,-93.242
55414,44.979,-93.227
55415,44.975,-93.258
55416,44.95,-93.336
55417,44.904,-93.23
55418,45.021,-93.243
55419,44.906,-93.288
55420,44.836,-93.277
55421,45.051,-93.254
55422,45.009,-93.341
55423,44.874,-93.283
55424,44.905,-93.345
55425,44.851,-93.226
55426,44.958,-93.374
55427,45.005,-93.379
55428,45.063,-93.381
55429,45.064,-93.341
55430,45.068,-93.302
55431,44.825,-93.313
55432,45.097,-93.254
55433,45.16,-93.315
55434,45.164,-93.25
55435,44.874,-93.335
55436,44.904,-93.373
55437,44.824,-93.343
55438,44.823,-93.386
55439,44.876,-93.375
55441,45.006,-93.425
55442,45.049,-93.426
55443,45.118,-93.338
55444,45.104,-93.302
55445,45.122,-93.379
55446,45.039,-93.49
55447,45.001,-93.49
55448,45.194,-93.301
55449,45.177,-93.182
55450,44.88,-93.224
55454,44.97,-93.241
55455,44.972,-93.234
55601,47.236,-91.366
55602,47.35,-91.886
55603,47.546,-91.251
55604,47.955,-90.556
55605,47.965,-89.737
55606,47.935,-89.989
55607,47.563,-91.417
55609,46.971,-91.781
55612,47.77,-90.701
55613,47.582,-90.922
55614,47.368,-91.376
55615,47.653,-90.821
55616,47.171,-91.642
55702,46.957,-92.638
55703,47.731,-92.75
55704,46.219,-92.752
55705,47.452,-92.207
55706,47.721,-91.962
55707,46.556,-92.63
55708,47.571,-92.347
55709,47.429,-93.373
55710,47.63,-92.709
55711,46.819,-92.691
55712,46.282,-92.521
55713,47.5,-92.746
55716,47.32,-93.271
55717,47.069,-92.387
55718,46.621,-92.486
55719,47.541,-92.862
55720,46.751,-92.533
55721,47.224,-93.688
55722,47.279,-93.442
55723,47.839,-92.916
55724,47.166,-92.355
55725,48.21,-92.168
55726,46.674,-92.829
55731,47.981,-91.657
55732,47.673,-92.209
55733,46.714,-92.361
55734,47.352,-92.444
55735,46.21,-93.01
55736,46.956,-92.941
55738,47.264,-92.66
55741,47.463,-92.398
55742,47.204,-93.137
55744,47.234,-93.507
55746,47.362,-92.956
55748,47.014,-93.621
55749,46.44,-92.443
55750,47.532,-91.964
55751,47.397,-92.659
55752,46.951,-93.286
55753,47.395,-93.082
55756,46.361,-92.585
55757,46.513,-92.95
55758,47.506,-92.72
55760,46.643,-93.257
55763,47.348,-92.155
55764,47.332,-93.291
55765,47.104,-92.756
55766,47.268,-92.458
55767,46.45,-92.761
55768,47.487,-92.684
55769,47.48,-93.184
55771,48.134,-92.812
55772,48.113,-93.131
55775,47.32,-93.172
55779,46.909,-92.449
55780,46.688,-92.699
55781,47.68,-93.047
55782,47.833,-92.206
55783,46.396,-92.892
55784,47.058,-93.165
55785,46.922,-93.731
55786,47.323,-93.382
55787,46.678,-93.103
55790,47.927,-92.253
55792,47.597,-92.48
55793,47.116,-93.284
55795,46.298,-92.883
55797,46.566,-92.362
55798,46.723,-92.968
55802,46.741,-92.049
55803,47.054,-92.069
55804,46.931,-91.936
55805,46.801,-92.096
55806,46.768,-92.128
55807,46.735,-92.169
55808,46.676,-92.241
55810,46.757,-92.269
55811,46.842,-92.222
55812,46.809,-92.071
55814,46.834,-92.198
55901,44.07,-92.507
55902,43.971,-92.507
55904,43.96,-92.401
55905,44.056,-92.526
55906,44.1,-92.408
55909,43.562,-92.734
55910,44.129,-91.972
55912,43.683,-92.988
55917,43.885,-93.075
55918,43.741,-92.846
55919,43.62,-91.299
55920,44.014,-92.622
55921,43.629,-91.459
55922,43.559,-91.901
55923,43.851,-92.186
55924,44.029,-93.027
55925,43.912,-91.458
55926,43.743,-92.707
55927,44.036,-92.871
55929,43.977,-92.14
55931,43.509,-91.385
55932,44.152,-92.298
55933,43.646,-92.681
55934,44.004,-92.264
55935,43.754,-92.121
55936,43.717,-92.578
55939,43.543,-92.092
55940,43.899,-92.809
55941,43.725,-91.349
55943,43.783,-91.583
55944,43.99,-92.718
55945,44.267,-92.052
55946,44.273,-92.966
55947,43.823,-91.366
55949,43.71,-91.929
55950,43.747,-92.964
55951,43.529,-92.482
55952,43.943,-91.844
55953,43.527,-92.967
55954,43.557,-91.78
55955,44.087,-92.741
55956,44.286,-92.528
55957,44.245,-92.261
55959,44.118,-91.8
55960,44.14,-92.535
55961,43.608,-92.474
55962,43.762,-91.845
55963,44.191,-92.656
55964,44.16,-92.158
55965,43.623,-92.128
55967,43.795,-92.513
55968,44.397,-92.09
55969,44.082,-91.877
55970,43.595,-92.832
55971,43.816,-91.755
55972,43.996,-92.049
55973,43.806,-92.773
55974,43.577,-91.648
55975,43.678,-92.364
55976,43.864,-92.487
55977,43.556,-92.648
55979,43.92,-91.951
55981,44.358,-92.049
55982,43.816,-92.885
55983,44.291,-92.807
55985,44.158,-92.904
55987,43.994,-91.625
55990,43.732,-92.262
55991,44.261,-92.419
55992,44.322,-92.683
56001,44.128,-93.979
56003,44.219,-94.09
56007,43.661,-93.325
56009,43.662,-93.546
56010,43.886,-94.18
56011,44.603,-93.773
56013,43.62,-94.104
56014,43.583,-93.818
56016,43.762,-93.343
56017,44.305,-93.82
56019,44.116,-94.889
56020,43.607,-93.538
56021,44.289,-94.316
56022,44.054,-94.839
56023,43.782,-94.014
56024,44.144,-93.839
56025,43.753,-93.917
56026,43.886,-93.291
56027,43.517,-94.117
56028,44.226,-93.717
56029,43.53,-93.522
56031,43.623,-94.469
56032,43.764,-93.557
56033,43.565,-93.938
56034,44.029,-94.182
56035,43.82,-93.273
56036,43.552,-93.221
56037,44.016,-94.052
56039,43.663,-94.324
56041,44.161,-94.533
56042,43.804,-93.484
56043,43.649,-93.222
56044,44.565,-93.957
56045,43.757,-93.214
56046,43.965,-93.271
56047,43.732,-94.233
56048,44.093,-93.721
56050,44.266,-93.945
56051,43.537,-93.711
56052,44.327,-93.559
56054,44.435,-94.374
56055,44.128,-94.235
56056,44.073,-94.579
56057,44.391,-93.712
56058,44.442,-93.914
56060,43.929,-94.441
56062,44.046,-94.414
56063,44.218,-93.816
56065,43.942,-93.928
56068,43.865,-93.806
56069,44.412,-93.542
56071,44.535,-93.579
56072,43.899,-93.517
56073,44.305,-94.465
56074,44.327,-94.197
56075,43.735,-94.437
56078,44.006,-93.761
56080,44.08,-93.854
56081,43.991,-94.629
56082,44.357,-94.037
56083,44.201,-95.134
56085,44.295,-94.739
56087,44.241,-94.975
56088,43.824,-94.443
56089,43.562,-93.431
56090,43.956,-94.244
56091,43.927,-93.681
56093,44.059,-93.519
56096,44.245,-93.603
56097,43.721,-93.713
56098,43.793,-94.182
56101,43.88,-95.134
56110,43.622,-95.945
56111,43.639,-94.883
56113,44.395,-96.153
56114,43.976,-95.593
56115,44.209,-95.906
56116,43.614,-96.386
56117,43.523,-95.687
56118,43.951,-95.029
56119,43.714,-95.463
56120,43.962,-94.793
56121,43.535,-94.584
56122,43.898,-95.956
56123,44.087,-95.592
56125,44.058,-95.553
56127,43.547,-94.765
56128,43.882,-96.11
56129,43.529,-96.042
56131,43.856,-95.573
56132,44.203,-95.765
56134,43.796,-96.238
56136,44.495,-96.395
56137,43.84,-95.331
56138,43.535,-96.39
56139,44.104,-96.179
56140,43.908,-96.369
56141,43.877,-95.804
56142,44.468,-96.231
56143,43.633,-95.009
56144,43.851,-96.392
56145,44.055,-95.176
56146,43.58,-96.103
56147,43.757,-96.058
56149,44.304,-96.306
56150,43.628,-95.197
56151,44.031,-95.929
56152,44.23,-95.276
56153,43.827,-96.003
56155,43.772,-95.945
56156,43.664,-96.223
56157,44.404,-95.948
56158,43.641,-96.079
56159,43.941,-94.932
56160,43.841,-94.805
56161,43.707,-95.325
56162,43.842,-94.669
56164,44.061,-96.343
56165,43.725,-95.703
56166,44.203,-95.381
56167,43.554,-95.409
56168,43.617,-95.809
56169,44.338,-96.007
56170,44.174,-96.091
56171,43.671,-94.762
56172,44.014,-95.776
56173,43.525,-96.246
56174,44.016,-95.305
56175,44.261,-95.639
56176,43.783,-94.72
56177,43.889,-96.253
56178,44.284,-96.133
56180,44.246,-95.46
56181,43.678,-94.627
56183,44.029,-95.431
56185,43.799,-95.824
56186,44.033,-96.074
56187,43.623,-95.583
56201,45.102,-95.042
56207,45.492,-96.066
56208,45.247,-96.005
56209,45.127,-94.812
56210,45.56,-96.565
56211,45.574,-96.68
56212,45.131,-96.324
56214,44.604,-95.323
56215,45.318,-95.572
56216,44.943,-95.059
56218,44.827,-95.94
56219,45.608,-96.818
56220,44.732,-96.295
56221,45.548,-96.193
56222,44.985,-95.357
56223,44.762,-95.819
56224,44.373,-95.052
56225,45.441,-96.443
56226,45.422,-95.678
56227,45.291,-96.169
56228,44.951,-94.685
56229,44.594,-95.716
56230,44.763,-95.084
56231,45.279,-95.763
56232,44.933,-96.035
56235,45.71,-96.017
56236,45.665,-96.416
56237,44.617,-95.433
56239,44.504,-95.91
56240,45.563,-96.484
56241,44.798,-95.573
56243,45.17,-94.686
56244,45.478,-95.78
56245,44.684,-95.677
56248,45.786,-96.136
56249,45.319,-95.902
56251,45.144,-94.92
56252,45.178,-95.31
56253,44.96,-94.873
56255,44.397,-95.419
56256,45.029,-96.202
56257,44.969,-96.402
56258,44.446,-95.758
56260,44.963,-95.483
56262,45.115,-95.87
56263,44.421,-95.532
56264,44.57,-95.985
56265,45.0,-95.706
56266,44.421,-94.915
56267,45.583,-95.929
56270,44.57,-94.987
56271,45.245,-95.405
56273,45.318,-94.98
56274,45.902,-96.246
56276,45.246,-96.324
56277,44.756,-94.986
56278,45.348,-96.38
56279,45.219,-95.17
56280,44.633,-96.168
56281,44.953,-95.169
56282,45.04,-95.228
56283,44.528,-95.139
56284,44.782,-95.198
56285,44.789,-95.346
56287,44.476,-95.326
56288,45.241,-94.951
56289,45.333,-95.224
56291,44.627,-96.082
56292,44.502,-95.457
56293,44.417,-95.26
56294,44.313,-95.214
56295,45.036,-95.827
56296,45.827,-96.462
56297,44.637,-95.529
56301,45.487,-94.243
56303,45.574,-94.215
56304,45.53,-94.057
56307,45.627,-94.591
56308,45.878,-95.386
56309,46.079,-95.806
56310,45.634,-94.45
56311,45.897,-95.896
56312,45.47,-94.962
56313,45.784,-93.553
56314,45.815,-94.433
56315,45.98,-95.594
56316,45.488,-95.163
56318,45.853,-94.675
56319,46.011,-95.216
56320,45.467,-94.404
56321,45.581,-94.391
56323,45.63,-95.724
56324,46.169,-95.904
56325,45.563,-94.947
56326,46.04,-95.671
56327,45.754,-95.608
56328,45.955,-94.518
56329,45.709,-93.915
56330,45.753,-93.756
56331,45.679,-94.672
56332,45.967,-95.506
56334,45.574,-95.337
56335,45.6,-94.862
56336,45.821,-94.763
56338,46.043,-93.854
56339,45.825,-95.821
56340,45.759,-94.429
56342,46.184,-93.369
56343,45.786,-95.705
56345,45.988,-94.374
56347,45.967,-94.872
56349,45.726,-95.513
56350,46.305,-93.23
56352,45.642,-94.806
56353,45.804,-93.629
56354,46.057,-95.249
56355,45.941,-95.246
56356,45.629,-94.753
56357,45.698,-93.801
56358,45.838,-93.446
56359,46.1,-93.665
56360,45.895,-95.117
56361,46.157,-95.338
56362,45.402,-94.712
56363,45.697,-93.652
56364,46.005,-94.073
56367,45.764,-94.182
56368,45.465,-94.561
56369,45.467,-94.345
56371,45.433,-94.637
56373,45.86,-94.231
56374,45.67,-94.303
56375,45.701,-94.274
56376,45.506,-94.679
56377,45.646,-94.248
56378,45.725,-94.987
56379,45.64,-94.083
56381,45.557,-95.538
56382,45.908,-94.598
56384,45.809,-94.567
56385,45.701,-95.232
56386,46.114,-93.519
56387,45.533,-94.24
56389,45.797,-95.091
56401,46.323,-94.125
56425,46.344,-94.276
56431,46.497,-93.638
56433,46.974,-94.697
56434,46.338,-94.935
56435,46.823,-94.54
56436,47.161,-94.689
56437,46.246,-95.058
56438,46.139,-94.819
56440,46.142,-94.955
56441,46.578,-93.981
56442,46.68,-94.102
56443,46.179,-94.62
56444,46.436,-93.889
56446,46.129,-95.097
56447,46.739,-93.915
56448,46.765,-94.118
56449,46.179,-94.261
56450,46.231,-93.832
56452,46.957,-94.448
56453,46.316,-95.175
56455,46.441,-94.001
56456,46.638,-94.337
56458,47.193,-94.975
56461,47.232,-94.854
56464,46.773,-95.124
56465,46.537,-94.114
56466,46.421,-94.643
56467,46.993,-94.819
56468,46.488,-94.29
56469,46.781,-93.567
56470,47.028,-95.099
56472,46.574,-94.383
56473,46.358,-94.493
56474,46.72,-94.403
56475,46.08,-94.546
56477,46.645,-95.0
56479,46.435,-94.795
56481,46.475,-94.92
56482,46.464,-95.148
56484,47.093,-94.468
56501,46.837,-95.814
56510,47.359,-96.525
56511,46.84,-95.995
56514,46.646,-96.431
56515,46.294,-95.693
56516,47.442,-95.976
56517,47.56,-96.55
56518,46.49,-95.25
56519,47.162,-96.479
56520,46.29,-96.497
56521,46.999,-95.902
56522,46.132,-96.379
56523,47.65,-96.813
56524,46.217,-95.615
56525,46.666,-96.75
56527,46.378,-95.32
56528,46.521,-95.824
56529,46.876,-96.69
56531,45.987,-95.981
56533,46.409,-96.156
56534,46.472,-96.011
56535,47.678,-96.042
56536,47.047,-96.523
56537,46.275,-96.09
56540,47.558,-96.27
56541,47.162,-96.142
56542,47.55,-95.736
56543,46.287,-96.338
56544,46.758,-95.605
56545,47.397,-96.243
56546,47.105,-96.72
56547,46.889,-96.554
56548,47.368,-96.745
56549,46.847,-96.312
56550,47.274,-96.743
56551,46.317,-95.447
56552,46.985,-96.204
56553,46.429,-96.618
56554,46.886,-96.116
56556,47.663,-95.88
56557,47.317,-95.795
56560,46.842,-96.736
56565,46.05,-96.298
56566,47.239,-95.613
56567,46.55,-95.374
56568,47.535,-96.763
56569,47.074,-95.86
56570,46.918,-95.367
56571,46.434,-95.543
56572,46.602,-96.074
56573,46.619,-95.548
56574,47.202,-96.714
56575,47.042,-95.435
56576,46.463,-95.699
56577,46.974,-95.803
56578,46.941,-95.641
56579,46.464,-96.339
56580,46.736,-96.604
56581,47.462,-96.762
56583,46.011,-96.411
56584,47.224,-96.237
56585,47.088,-96.246
56586,46.318,-95.831
56587,46.637,-95.857
56588,46.209,-95.497
56589,47.167,-95.746
56590,46.05,-96.153
56591,47.086,-95.842
56592,47.538,-96.009
56593,46.804,-95.353
56594,46.548,-96.643
56601,47.507,-94.864
56621,47.419,-95.413
56623,48.597,-94.601
56626,47.321,-94.246
56627,48.256,-94.071
56628,47.694,-93.59
56629,48.545,-94.102
56630,47.757,-94.498
56633,47.319,-94.501
56634,47.681,-95.398
56636,47.438,-93.919
56637,47.608,-93.83
56639,47.919,-93.536
56641,47.222,-94.253
56644,47.797,-95.495
56646,47.774,-95.633
56647,47.69,-94.619
56649,48.575,-92.917
56650,47.998,-94.557
56651,47.454,-95.617
56652,47.733,-95.249
56653,48.271,-93.509
56654,48.431,-93.965
56655,47.029,-94.231
56657,47.573,-93.637
56658,48.063,-93.842
56659,47.653,-94.017
56660,47.991,-94.192
56661,47.861,-94.196
56662,46.862,-93.853
56663,47.466,-94.447
56666,48.033,-94.821
56667,47.728,-94.925
56668,48.613,-93.347
56669,48.384,-93.135
56670,47.829,-94.865
56671,47.895,-95.305
56672,47.073,-94.002
56673,48.822,-95.105
56676,47.54,-95.196
56678,47.422,-95.118
56680,47.659,-93.955
56681,47.614,-94.239
56683,47.736,-94.751
56684,47.856,-95.699
56685,48.239,-94.531
56686,48.784,-94.912
56687,47.501,-94.995
56688,47.773,-93.912
56701,48.121,-96.192
56710,48.215,-97.002
56711,49.315,-94.963
56713,48.351,-96.814
56714,48.784,-96.005
56715,47.809,-95.941
56716,47.743,-96.555
56720,48.57,-96.893
56721,47.971,-96.95
56722,47.985,-96.646
56723,47.809,-96.806
56724,48.446,-95.736
56725,48.15,-95.798
56726,48.754,-96.239
56727,48.289,-95.412
56728,48.783,-97.008
56729,48.67,-96.562
56731,48.913,-97.073
56732,48.584,-96.467
56733,48.638,-96.896
56734,48.77,-96.604
56735,48.91,-96.635
56736,47.709,-96.191
56737,48.434,-96.037
56738,48.335,-96.336
56741,49.307,-94.855
56742,47.928,-95.807
56744,48.244,-97.128
56748,47.922,-96.01
56750,47.893,-96.294
56751,48.81,-95.733
56754,47.999,-96.189
56755,48.97,-97.097
56756,48.893,-95.538
56757,48.478,-96.898
56758,48.465,-96.511
56759,48.551,-96.081
56760,48.244,-96.453
56761,48.603,-95.696
56762,48.169,-96.74
56763,48.815,-95.361
57001,42.989,-96.638
57002,44.296,-96.677
57003,43.746,-96.755
57004,43.079,-96.792
57005,43.592,-96.586
57006,44.315,-96.796
57010,42.819,-96.816
57012,43.594,-97.278
57013,43.278,-96.617
57014,43.112,-96.956
57015,43.418,-96.98
57016,43.899,-96.959
57017,44.015,-96.819
57018,43.798,-96.981
57020,43.681,-96.82
57021,43.265,-96.972
57022,43.841,-96.717
57024,43.989,-96.679
57025,42.728,-96.698
57026,44.26,-96.518
57027,43.18,-96.517
57028,44.062,-96.6
57029,43.339,-97.485
57030,43.738,-96.52
57031,42.876,-97.186
57032,43.424,-96.678
57033,43.618,-96.961
57034,43.12,-96.554
57035,43.627,-97.08
57036,43.278,-97.139
57037,43.105,-97.249
57038,42.585,-96.577
57039,43.338,-96.875
57040,43.061,-97.587
57041,43.73,-96.868
57042,43.987,-97.157
57043,43.423,-97.31
57045,43.205,-97.528
57046,42.958,-97.307
57047,43.521,-97.212
57048,43.742,-97.2
57049,42.523,-96.51
57050,44.157,-97.02
57051,44.233,-97.338
57052,43.292,-97.708
57053,43.41,-97.14
57054,44.131,-97.26
57055,43.667,-96.744
57057,44.102,-96.959
57058,43.737,-97.398
57059,43.119,-97.764
57061,44.242,-97.044
57062,42.846,-97.945
57063,42.93,-97.685
57064,43.456,-96.874
57065,43.905,-96.616
57066,42.99,-97.87
57067,43.046,-97.469
57068,43.575,-96.496
57069,42.843,-96.975
57070,43.18,-97.173
57071,44.273,-96.958
57072,42.989,-97.189
57073,43.006,-97.055
57075,44.004,-96.96
57076,43.972,-97.36
57077,43.323,-96.758
57078,42.916,-97.447
57103,43.546,-96.69
57104,43.605,-96.707
57105,43.52,-96.736
57106,43.508,-96.841
57107,43.598,-96.82
57108,43.48,-96.705
57110,43.545,-96.643
57117,43.531,-96.755
57197,43.525,-96.739
57201,44.937,-97.093
57212,44.379,-97.139
57213,44.551,-96.531
57214,44.502,-97.205
57216,45.303,-96.53
57217,45.072,-97.678
57218,44.652,-96.592
57219,45.291,-97.796
57220,44.467,-96.917
57221,44.597,-97.457
57223,44.706,-97.015
57224,45.859,-97.134
57225,44.888,-97.728
57226,44.788,-96.714
57227,45.362,-96.705
57231,44.362,-97.572
57232,45.623,-97.4
57233,44.512,-97.398
57234,44.61,-96.894
57235,45.068,-97.295
57236,44.986,-97.586
57237,44.798,-96.5
57238,44.873,-96.861
57239,45.51,-97.307
57241,44.696,-97.216
57242,44.771,-97.365
57243,44.913,-97.442
57245,44.898,-96.918
57246,45.055,-96.667
57247,45.717,-97.438
57248,44.584,-97.188
57249,44.383,-97.371
57251,45.283,-96.915
57252,45.2,-96.613
57255,45.869,-96.937
57256,45.261,-97.19
57257,45.498,-97.028
57258,44.89,-97.923
57259,45.002,-96.563
57260,45.842,-96.72
57261,45.546,-97.5
57262,45.673,-97.07
57263,45.142,-96.996
57264,45.117,-96.824
57265,44.992,-96.782
57266,45.28,-97.095
57268,44.568,-96.689
57269,45.221,-96.815
57270,45.841,-97.339
57271,44.739,-97.522
57272,45.101,-97.463
57273,45.337,-97.28
57274,45.305,-97.575
57276,44.431,-96.613
57278,44.644,-97.705
57279,45.421,-96.876
57301,43.714,-98.048
57311,43.656,-97.763
57312,44.207,-98.379
57313,43.305,-98.374
57314,44.046,-97.981
57315,42.988,-98.04
57317,43.144,-98.966
57319,43.533,-97.48
57321,43.87,-97.56
57322,44.628,-97.974
57323,44.147,-97.72
57324,44.298,-98.054
57325,43.752,-99.292
57328,43.438,-98.439
57329,42.981,-98.146
57330,43.248,-98.157
57331,43.474,-98.045
57332,43.55,-97.657
57334,43.55,-97.997
57335,43.054,-98.784
57337,44.012,-97.796
57339,44.102,-99.417
57340,43.796,-97.838
57341,44.095,-99.118
57342,43.245,-98.701
57344,43.464,-98.654
57345,44.578,-99.444
57346,44.241,-99.6
57348,44.626,-98.372
57349,44.03,-97.581
57350,44.404,-98.199
57353,44.358,-97.842
57355,43.784,-98.931
57356,43.158,-98.53
57358,44.075,-98.422
57359,43.903,-98.183
57361,42.997,-98.429
57362,44.494,-99.074
57363,43.68,-98.256
57364,43.429,-98.607
57365,43.811,-99.416
57366,43.377,-97.947
57367,43.066,-98.519
57368,43.75,-98.472
57369,43.421,-98.953
57370,43.789,-99.166
57371,44.413,-99.272
57373,44.531,-98.878
57374,43.753,-97.599
57375,43.556,-98.48
57376,43.218,-97.937
57379,44.254,-98.556
57380,43.031,-98.299
57381,44.391,-98.737
57382,44.065,-98.659
57383,43.724,-98.734
57384,44.419,-98.493
57385,44.045,-98.287
57386,44.506,-98.006
57401,45.482,-98.533
57420,45.293,-100.149
57421,45.755,-97.907
57422,45.42,-97.909
57424,45.006,-98.564
57426,45.738,-98.496
57427,45.481,-98.319
57428,45.453,-99.678
57429,45.175,-98.297
57430,45.813,-97.72
57432,45.683,-98.031
57433,45.638,-98.321
57434,45.176,-98.072
57435,45.187,-98.909
57436,44.864,-98.079
57437,45.796,-99.604
57438,45.059,-99.159
57439,45.332,-98.065
57440,44.856,-98.272
57441,45.829,-98.528
57442,45.062,-100.158
57445,45.466,-98.115
57446,45.871,-98.153
57448,45.635,-99.411
57449,45.737,-98.176
57450,45.226,-99.848
57451,45.428,-98.949
57452,45.529,-99.863
57454,45.61,-97.784
57455,45.007,-99.683
57456,45.736,-98.98
57457,45.877,-99.154
57460,45.28,-98.671
57461,45.157,-98.432
57465,45.129,-98.677
57466,45.224,-99.461
57467,44.837,-99.18
57468,45.5,-97.758
57469,44.857,-98.572
57470,44.884,-98.894
57471,45.405,-99.318
57472,45.436,-100.068
57473,44.991,-99.499
57474,45.292,-98.279
57475,45.224,-99.625
57476,44.706,-98.615
57477,45.047,-98.162
57479,45.303,-98.443
57481,45.663,-98.684
57501,44.528,-100.309
57520,44.853,-100.194
57521,43.797,-101.199
57522,44.465,-99.995
57523,43.233,-99.214
57528,43.191,-99.761
57529,43.231,-99.564
57531,43.974,-100.486
57532,44.4,-100.628
57533,43.379,-99.425
57534,43.571,-99.687
57536,44.405,-99.765
57537,44.578,-101.067
57538,43.154,-99.142
57540,44.517,-99.613
57541,43.594,-99.884
57543,43.776,-101.502
57544,43.945,-99.909
57547,43.49,-101.424
57548,44.168,-99.6
57551,43.177,-101.711
57552,44.283,-101.2
57553,44.475,-101.646
57555,43.243,-100.611
57559,43.936,-100.723
57560,43.439,-101.191
57562,43.898,-100.958
57563,43.365,-100.366
57564,44.73,-99.99
57566,43.324,-101.091
57567,44.124,-101.74
57568,43.886,-100.075
57569,43.856,-99.573
57570,43.198,-100.831
57571,43.085,-99.093
57572,43.139,-101.045
57574,43.059,-101.357
57576,43.921,-100.296
57577,43.529,-101.677
57579,43.599,-100.786
57580,43.289,-100.09
57584,43.529,-100.071
57585,43.539,-100.405
57601,45.456,-100.55
57620,45.377,-102.54
57621,45.75,-101.073
57622,44.683,-101.568
57623,45.03,-101.686
57625,44.95,-101.061
57626,44.98,-102.232
57630,45.439,-100.906
57631,45.533,-100.281
57632,45.833,-100.044
57633,45.457,-101.448
57634,45.752,-101.896
57636,45.032,-101.438
57638,45.87,-102.232
57639,45.703,-100.767
57640,45.79,-102.718
57641,45.868,-101.297
57642,45.811,-100.75
57644,45.449,-102.046
57645,45.98,-101.739
57646,45.682,-100.082
57648,45.91,-100.354
57649,45.517,-102.858
57650,45.848,-103.014
57651,45.476,-103.148
57652,45.186,-100.658
57656,45.393,-101.049
57657,45.519,-100.792
57658,45.68,-100.495
57660,45.797,-101.586
57661,45.257,-100.96
57701,44.146,-103.207
57702,44.048,-103.42
57703,44.005,-103.043
57706,44.157,-103.094
57714,43.308,-101.942
57716,43.107,-102.207
57717,44.934,-103.896
57718,44.171,-103.368
57719,44.232,-102.976
57720,45.576,-103.657
57722,43.456,-102.921
57724,45.645,-104.024
57725,43.932,-102.792
57730,43.721,-103.642
57732,44.201,-103.693
57735,43.291,-103.85
57738,43.634,-103.124
57741,44.405,-103.467
57744,43.783,-103.046
57745,44.019,-103.779
57747,43.385,-103.527
57748,44.561,-102.045
57750,43.594,-101.956
57751,43.885,-103.453
57752,43.452,-102.174
57754,44.255,-103.888
57755,45.868,-103.347
57756,43.237,-102.494
57758,44.911,-102.819
57759,44.235,-103.547
57760,45.006,-103.301
57761,44.227,-102.739
57762,44.753,-103.62
57763,43.111,-103.252
57764,43.183,-102.838
57766,43.398,-103.198
57767,44.137,-102.571
57769,44.247,-103.287
57770,43.058,-102.59
57772,43.534,-102.593
57773,43.592,-103.568
57775,44.102,-102.029
57776,45.258,-103.489
57779,44.564,-103.755
57780,43.78,-102.511
57782,43.295,-103.137
57783,44.474,-103.918
57785,44.439,-103.134
57787,44.686,-102.65
57788,44.617,-103.205
57790,44.082,-102.217
57791,44.221,-102.462
57792,44.509,-102.398
57793,44.525,-103.579
57794,43.124,-102.395
57799,44.499,-103.872
58001,46.445,-96.72
58002,46.971,-97.397
58004,47.026,-97.271
58005,47.053,-96.951
58006,47.102,-97.21
58007,47.024,-97.469
58008,46.309,-97.001
58009,47.328,-97.247
58011,46.919,-97.54
58012,46.942,-97.168
58013,46.058,-97.353
58015,46.595,-96.816
58016,47.367,-97.462
58017,46.043,-97.851
58018,46.436,-96.897
58021,46.736,-97.082
58027,46.633,-97.608
58029,47.12,-97.404
58030,46.03,-96.67
58031,46.768,-97.671
58032,46.065,-97.643
58033,46.435,-97.92
58035,47.253,-97.431
58036,47.156,-96.948
58038,47.245,-96.996
58040,46.189,-97.685
58041,46.048,-96.918
58042,46.971,-96.956
58043,45.974,-97.545
58045,47.389,-97.016
58046,47.328,-97.725
58047,46.724,-96.873
58048,47.199,-97.224
58049,46.651,-98.008
58051,46.637,-97.022
58052,46.635,-97.28
58053,46.053,-97.181
58054,46.417,-97.669
58056,47.231,-97.929
58057,46.424,-97.257
58058,46.183,-96.963
58059,46.851,-97.126
58060,46.264,-97.416
58061,46.279,-96.902
58062,46.637,-97.819
58063,46.959,-97.798
58064,47.145,-97.611
58065,47.186,-97.761
58067,46.071,-97.469
58068,46.529,-97.375
58069,46.243,-97.84
58071,46.951,-97.671
58072,46.926,-98.007
58075,46.276,-96.73
58076,46.273,-96.608
58077,46.525,-96.975
58078,46.862,-96.924
58079,46.868,-97.325
58081,46.311,-97.141
58102,46.927,-96.835
58103,46.856,-96.822
58104,46.793,-96.84
58105,46.895,-96.808
58201,47.867,-97.141
58202,47.921,-97.072
58203,47.97,-97.165
58204,47.955,-97.387
58205,47.951,-97.379
58210,48.406,-98.112
58212,47.709,-98.0
58214,47.925,-97.5
58216,48.882,-97.434
58218,47.594,-97.038
58219,47.478,-96.879
58220,48.796,-97.72
58222,48.61,-97.679
58223,47.505,-97.038
58224,48.172,-97.944
58225,48.611,-97.223
58227,48.549,-97.893
58228,47.882,-97.343
58229,48.498,-98.244
58230,47.474,-97.832
58231,48.202,-97.829
58233,48.226,-97.526
58235,48.099,-97.475
58237,48.414,-97.403
58238,48.783,-97.393
58239,48.92,-98.685
58240,47.636,-97.485
58241,48.698,-97.677
58243,48.513,-97.681
58244,48.144,-97.612
58249,48.823,-98.327
58250,48.267,-98.001
58251,47.954,-97.7
58254,47.774,-98.15
58256,48.084,-97.2
58257,47.497,-97.282
58258,48.015,-97.352
58259,48.026,-98.128
58260,48.638,-98.025
58261,48.245,-97.313
58262,48.682,-97.876
58265,48.956,-97.612
58266,48.001,-97.85
58267,47.751,-97.638
58269,48.696,-98.177
58270,48.394,-97.783
58271,48.913,-97.29
58272,48.016,-97.982
58273,48.296,-97.669
58274,47.492,-97.489
58275,47.679,-97.121
58276,48.638,-97.46
58277,47.608,-97.823
58278,47.77,-97.122
58281,48.856,-98.616
58282,48.912,-97.941
58301,48.142,-98.872
58311,48.658,-98.589
58316,48.824,-99.777
58317,48.605,-99.374
58318,48.858,-100.397
58321,48.201,-98.345
58323,48.855,-98.885
58324,48.479,-99.221
58325,48.29,-99.149
58327,48.101,-98.594
58329,48.873,-100.08
58330,48.45,-98.46
58331,48.639,-99.09
58332,48.044,-99.773
58335,47.986,-99.022
58338,48.537,-98.624
58339,48.914,-99.438
58341,47.782,-99.844
58343,48.304,-99.73
58344,48.028,-98.342
58345,48.307,-98.367
58346,48.287,-99.428
58348,47.972,-99.521
58351,48.099,-99.278
58352,48.711,-98.873
58353,48.635,-99.597
58355,48.591,-98.366
58356,47.679,-99.085
58357,47.948,-99.239
58361,47.752,-98.339
58362,48.212,-99.085
58363,48.755,-99.447
58365,48.859,-99.253
58366,48.654,-99.874
58367,48.87,-99.581
58368,48.261,-100.053
58369,48.944,-99.797
58370,47.993,-98.84
58372,48.945,-98.997
58374,47.84,-99.098
58377,48.472,-98.873
58379,47.897,-98.823
58380,47.825,-98.502
58381,47.826,-98.749
58382,48.318,-98.779
58384,48.596,-100.266
58385,48.48,-99.646
58386,48.304,-99.599
58401,46.884,-98.767
58402,46.88,-98.687
58405,46.915,-98.7
58413,46.036,-99.293
58415,46.373,-98.489
58416,47.533,-98.338
58418,47.421,-99.639
58420,47.061,-98.858
58421,47.44,-99.077
58422,47.6,-99.405
58423,47.401,-99.836
58424,46.887,-99.11
58425,47.456,-98.125
58426,47.219,-98.589
58428,46.828,-99.78
58429,47.19,-98.174
58430,47.509,-100.257
58431,46.511,-98.471
58433,46.372,-98.708
58436,46.09,-98.582
58438,47.667,-99.602
58439,45.978,-98.83
58440,46.253,-99.164
58441,46.175,-98.368
58442,46.554,-99.18
58443,47.443,-98.681
58444,47.494,-100.129
58445,47.566,-98.809
58448,47.306,-98.225
58451,47.45,-99.972
58452,47.548,-98.231
58454,46.584,-98.952
58455,47.305,-98.767
58456,46.27,-98.955
58458,46.368,-98.294
58460,46.3,-99.324
58461,46.652,-98.195
58463,47.492,-100.473
58464,47.611,-98.565
58466,46.624,-98.369
58467,46.885,-99.331
58472,46.639,-98.65
58474,46.1,-98.127
58475,47.18,-99.555
58476,47.201,-99.012
58477,47.219,-100.505
58478,47.175,-99.749
58479,47.092,-98.183
58480,46.958,-98.259
58481,46.928,-98.429
58482,46.853,-99.9
58483,46.646,-99.407
58484,47.376,-98.485
58486,47.391,-99.382
58487,46.857,-99.606
58488,47.179,-100.026
58490,46.384,-98.066
58492,47.156,-98.441
58494,47.185,-100.263
58495,46.278,-99.605
58496,47.146,-99.329
58497,46.765,-98.55
58501,46.816,-100.7
58503,46.904,-100.75
58504,46.738,-100.678
58505,46.82,-100.781
58520,46.674,-101.567
58521,47.008,-100.694
58523,47.257,-101.78
58524,46.6,-100.074
58528,46.339,-100.637
58529,46.295,-101.56
58530,47.128,-101.143
58531,47.56,-101.196
58532,46.858,-100.098
58533,46.406,-101.79
58535,46.502,-101.247
58538,46.11,-100.69
58540,47.629,-101.727
58541,47.363,-102.058
58542,46.047,-100.01
58544,46.512,-100.371
58545,47.358,-101.591
58549,46.48,-99.932
58552,46.244,-100.287
58554,46.743,-100.935
58558,46.83,-100.498
58559,47.489,-100.728
58560,46.678,-100.265
58561,46.487,-99.683
58562,46.377,-101.997
58563,46.899,-101.439
58564,46.266,-101.344
58565,47.493,-101.371
58566,46.583,-100.925
58568,46.087,-101.045
58569,46.268,-101.199
58570,46.382,-100.888
58571,47.281,-101.401
58572,46.855,-100.341
58573,46.098,-100.201
58575,47.567,-100.896
58576,47.437,-101.214
58577,47.318,-101.052
58579,47.179,-100.738
58580,47.268,-101.943
58581,46.035,-99.774
58601,46.917,-102.834
58620,46.511,-103.338
58621,47.088,-103.93
58622,46.894,-103.263
58623,46.186,-103.432
58625,47.268,-102.2
58626,47.383,-102.623
58627,47.234,-103.273
58630,46.944,-102.579
58631,46.807,-101.801
58632,46.666,-103.966
58634,47.423,-103.316
58636,47.379,-102.367
58638,46.962,-102.065
58639,46.095,-102.594
58640,47.454,-102.907
58641,46.668,-102.514
58642,47.208,-102.833
58643,46.331,-103.945
58645,46.951,-103.55
58646,46.393,-102.288
58647,46.519,-102.936
58649,46.126,-102.923
58650,46.441,-102.585
58651,46.258,-103.733
58652,46.906,-102.244
58653,46.097,-103.131
58654,46.887,-103.795
58655,46.772,-103.031
58656,46.943,-102.458
58701,48.145,-101.326
58702,48.232,-101.294
58703,48.334,-101.307
58704,48.425,-101.321
58705,48.422,-101.334
58707,48.246,-101.301
58710,47.868,-100.231
58711,48.93,-101.289
58712,47.971,-100.532
58713,48.538,-100.582
58716,47.804,-101.068
58718,48.306,-101.804
58721,48.803,-102.271
58722,48.238,-101.501
58723,47.746,-100.596
58725,48.495,-101.68
58727,48.84,-102.797
58730,48.865,-103.317
58731,48.437,-100.984
58733,48.175,-101.588
58734,48.514,-101.935
58735,47.87,-101.481
58736,47.931,-100.397
58737,48.916,-102.382
58740,48.466,-101.222
58741,48.277,-100.831
58744,48.117,-100.615
58746,48.713,-102.094
58748,48.682,-100.655
58750,48.611,-101.398
58752,48.829,-102.58
58755,48.626,-102.951
58756,47.971,-101.815
58757,47.686,-102.556
58758,47.782,-100.102
58759,47.856,-101.239
58760,48.697,-101.158
58761,48.784,-101.535
58762,48.673,-100.94
58763,47.991,-102.565
58765,48.873,-103.043
58768,48.233,-101.004
58769,48.32,-102.203
58770,47.884,-102.17
58771,48.088,-101.976
58772,48.96,-102.634
58773,48.583,-102.658
58775,47.71,-101.861
58776,48.248,-102.623
58778,47.788,-100.934
58779,47.869,-101.775
58781,48.016,-101.133
58782,48.944,-101.705
58783,48.88,-100.76
58784,48.364,-102.418
58785,48.308,-101.089
58787,48.756,-101.814
58788,48.346,-100.468
58789,48.553,-100.809
58790,48.03,-100.948
58792,47.971,-100.747
58793,48.869,-101.051
58794,48.27,-102.782
58795,48.64,-103.157
58801,48.218,-103.763
58830,48.612,-103.461
58831,47.799,-103.659
58833,48.887,-103.52
58835,47.772,-103.431
58838,47.77,-103.901
58843,48.234,-103.377
58844,48.888,-103.75
58845,48.641,-103.918
58847,47.911,-102.908
58849,48.318,-103.203
58852,48.364,-102.947
58853,48.075,-103.837
58854,47.828,-103.153
58856,48.595,-103.733
59001,45.53,-109.549
59002,46.023,-108.666
59003,45.443,-106.198
59006,45.921,-108.089
59007,45.134,-109.116
59008,45.062,-109.088
59010,45.993,-107.299
59011,45.925,-109.949
59012,45.275,-106.44
59013,45.456,-109.087
59014,45.194,-108.76
59015,46.054,-108.804
59016,45.393,-106.947
59018,45.857,-110.538
59019,45.652,-109.218
59020,45.108,-110.101
59022,45.538,-107.288
59024,46.278,-107.807
59025,45.114,-106.658
59026,45.485,-108.784
59027,45.242,-110.913
59028,45.302,-109.714
59029,45.408,-108.799
59030,45.105,-110.519
59031,45.503,-107.415
59032,47.025,-108.703
59033,45.729,-109.707
59034,45.697,-107.694
59035,45.283,-107.963
59036,46.48,-109.934
59037,45.824,-108.242
59038,46.204,-107.21
59039,46.687,-107.291
59041,45.522,-108.991
59043,45.551,-106.676
59044,45.63,-108.728
59046,46.398,-109.016
59047,45.547,-110.571
59050,45.253,-107.547
59052,45.466,-110.146
59053,46.46,-110.461
59054,46.645,-107.749
59055,46.109,-109.81
59057,45.854,-108.933
59058,47.147,-107.718
59059,46.408,-108.073
59061,45.266,-109.89
59062,45.094,-106.15
59063,45.661,-108.927
59064,45.817,-107.976
59065,45.271,-110.715
59066,45.336,-108.51
59067,46.0,-109.218
59068,45.119,-109.446
59069,45.82,-109.501
59070,45.375,-109.186
59071,45.246,-109.631
59072,46.471,-108.546
59074,46.363,-109.353
59075,45.405,-107.884
59076,46.279,-107.074
59077,47.165,-107.556
59078,46.334,-109.611
59079,46.062,-108.363
59081,45.008,-109.974
59082,45.743,-110.225
59085,46.323,-110.188
59086,46.072,-110.564
59087,47.142,-108.227
59088,46.074,-108.094
59089,45.083,-107.361
59101,45.613,-108.39
59102,45.776,-108.58
59105,45.893,-108.498
59106,45.813,-108.706
59201,48.173,-105.7
59211,48.699,-104.35
59212,48.222,-104.143
59213,48.189,-104.887
59214,47.292,-106.023
59215,47.516,-105.773
59217,47.579,-104.249
59218,48.085,-104.557
59219,48.526,-104.22
59221,47.934,-104.188
59222,48.693,-105.116
59223,47.834,-106.213
59225,48.284,-105.975
59226,48.352,-104.571
59230,48.131,-106.8
59231,48.398,-106.548
59240,48.842,-106.236
59241,48.478,-107.06
59242,48.444,-104.451
59243,47.758,-104.679
59244,48.59,-106.306
59247,48.516,-104.524
59248,48.292,-106.299
59250,48.879,-106.57
59252,48.913,-104.821
59253,48.701,-105.899
59254,48.752,-104.639
59255,48.244,-105.169
59256,48.925,-104.564
59257,48.751,-104.962
59258,48.585,-104.691
59259,47.681,-105.1
59260,48.828,-106.095
59261,48.574,-107.387
59262,47.49,-104.497
59263,48.791,-105.514
59270,47.609,-104.086
59274,47.822,-105.485
59275,48.874,-104.199
59276,48.966,-105.214
59301,46.293,-105.759
59311,45.172,-104.417
59312,47.002,-106.215
59313,46.31,-104.245
59314,45.076,-105.375
59315,47.437,-104.858
59317,45.357,-105.488
59318,47.501,-107.514
59322,47.011,-106.686
59323,45.984,-106.666
59324,45.784,-104.543
59326,46.77,-104.859
59327,46.237,-106.682
59330,47.099,-104.749
59332,45.328,-104.862
59333,46.28,-106.216
59336,46.332,-105.023
59337,47.384,-106.798
59338,46.64,-105.64
59339,47.271,-105.196
59343,45.663,-105.465
59344,46.399,-104.594
59347,46.384,-106.32
59349,46.89,-105.502
59351,45.752,-105.75
59353,46.963,-104.275
59354,46.182,-104.3
59401,47.511,-111.275
59404,47.632,-111.329
59405,47.319,-111.299
59410,47.487,-112.635
59411,48.863,-113.394
59412,47.304,-110.864
59414,47.527,-111.261
59416,48.037,-111.493
59417,48.67,-113.157
59418,46.8,-109.92
59419,47.984,-112.417
59420,47.877,-111.004
59421,47.089,-111.685
59422,47.814,-112.474
59424,47.353,-110.107
59425,48.187,-111.899
59427,48.771,-112.534
59430,47.431,-109.78
59432,48.169,-112.411
59433,47.884,-111.692
59434,48.479,-113.364
59436,47.612,-112.047
59440,47.716,-111.159
59441,46.861,-108.984
59442,47.898,-110.635
59443,47.564,-111.829
59444,48.716,-111.371
59446,47.618,-110.16
59447,47.265,-110.473
59448,48.267,-112.781
59450,47.552,-110.743
59451,47.389,-109.39
59452,46.862,-110.107
59453,46.639,-109.653
59454,48.723,-112.005
59456,48.27,-111.362
59457,47.14,-109.311
59460,48.074,-110.507
59461,48.489,-111.201
59462,47.123,-109.892
59463,47.036,-110.831
59464,46.907,-109.655
59465,46.89,-110.72
59466,48.768,-111.704
59467,48.067,-112.601
59468,47.706,-111.628
59469,47.201,-110.702
59471,47.427,-108.772
59472,47.397,-111.159
59474,48.509,-111.73
59477,47.45,-111.917
59479,47.033,-110.305
59480,47.161,-111.233
59482,48.872,-111.912
59483,47.453,-111.701
59484,48.967,-111.659
59485,47.404,-111.572
59486,48.34,-112.377
59487,47.587,-111.639
59489,47.625,-109.23
59501,48.69,-109.781
59520,48.038,-109.932
59521,48.299,-109.918
59522,48.555,-111.006
59523,48.532,-109.239
59524,48.229,-108.337
59525,48.69,-110.303
59526,48.441,-108.716
59527,48.032,-108.774
59528,48.576,-110.409
59529,48.825,-108.632
59530,48.632,-110.717
59531,48.788,-110.801
59532,48.578,-110.106
59535,47.98,-109.291
59537,48.843,-107.987
59538,48.112,-107.846
59540,48.595,-110.564
59542,48.793,-108.368
59544,48.805,-107.557
59545,48.939,-111.163
59546,47.751,-108.592
59547,48.662,-109.03
59601,46.531,-112.2
59602,46.739,-111.906
59631,46.323,-112.436
59632,46.2,-112.02
59633,46.819,-112.343
59634,46.473,-111.958
59635,46.565,-111.826
59636,46.62,-112.11
59638,46.361,-111.967
59639,47.076,-112.692
59640,46.736,-112.299
59642,46.283,-110.719
59643,46.173,-111.59
59644,46.429,-111.416
59645,46.688,-111.055
59647,46.491,-111.653
59648,47.077,-112.128
59701,46.035,-112.476
59703,46.046,-112.537
59710,45.065,-112.068
59711,46.095,-113.14
59713,46.701,-112.561
59714,45.98,-111.13
59715,45.826,-110.898
59716,45.067,-111.49
59718,45.576,-111.118
59720,44.858,-111.73
59721,45.883,-111.837
59722,46.366,-112.773
59724,44.696,-112.762
59725,45.098,-112.821
59727,45.799,-112.831
59728,46.509,-112.435
59729,45.294,-111.649
59730,45.208,-111.129
59731,46.582,-112.78
59732,45.485,-112.727
59733,46.492,-112.942
59735,45.616,-111.963
59736,45.319,-113.373
59739,44.633,-112.185
59740,45.483,-111.828
59741,45.77,-111.368
59743,45.68,-112.68
59745,45.595,-111.615
59746,45.389,-113.061
59747,45.735,-111.924
59748,46.047,-112.699
59749,45.454,-112.073
59750,45.948,-112.756
59751,45.704,-112.436
59752,45.946,-111.504
59754,45.457,-112.326
59755,45.325,-111.914
59756,46.18,-112.828
59758,44.742,-111.183
59759,45.852,-112.191
59760,45.767,-111.632
59761,45.642,-113.534
59762,45.602,-113.031
59801,46.856,-114.014
59802,46.904,-113.919
59803,46.797,-113.95
59804,46.876,-114.233
59808,46.971,-114.111
59820,46.899,-114.626
59821,47.173,-114.077
59823,46.92,-113.578
59824,47.423,-114.203
59825,46.613,-113.735
59826,47.374,-113.792
59827,45.886,-114.004
59828,46.33,-113.976
59829,45.776,-114.296
59830,47.425,-115.344
59831,47.26,-114.368
59832,46.689,-113.253
59833,46.648,-114.059
59834,47.08,-114.222
59837,46.54,-113.255
59840,46.185,-114.194
59841,46.334,-114.223
59842,47.33,-115.438
59843,46.833,-112.966
59844,48.058,-115.974
59845,47.69,-114.555
59846,47.152,-114.513
59847,46.702,-114.461
59848,47.699,-114.693
59851,46.872,-113.877
59853,48.042,-115.791
59854,47.027,-113.086
59855,47.606,-114.119
59856,47.313,-114.747
59858,46.286,-113.467
59859,47.535,-114.827
59860,47.707,-114.173
59863,47.3,-114.183
59864,47.529,-114.109
59865,47.331,-114.01
59866,47.328,-115.205
59867,47.44,-115.612
59868,47.212,-113.506
59870,46.516,-114.063
59871,45.871,-113.819
59872,47.11,-114.901
59873,47.668,-115.296
59874,47.799,-115.623
59875,46.42,-114.315
59901,48.23,-114.385
59910,47.795,-114.294
59911,47.739,-113.741
59912,48.409,-114.154
59913,48.433,-113.961
59914,47.858,-114.282
59915,47.848,-114.405
59916,48.257,-113.383
59917,48.935,-114.877
59918,48.768,-114.859
59919,47.959,-113.24
59920,48.003,-114.608
59922,47.998,-114.199
59923,48.226,-115.392
59925,48.044,-114.833
59926,48.352,-113.995
59927,48.595,-114.712
59928,48.777,-114.462
59929,47.927,-114.369
59930,48.867,-115.133
59931,47.915,-114.175
59932,48.058,-114.192
59933,48.682,-114.773
59934,48.6,-114.898
59935,48.65,-115.835
59936,48.627,-113.807
59937,48.406,-114.533
60002,42.472,-88.084
60004,42.113,-87.98
60005,42.064,-87.985
60007,42.009,-87.997
60008,42.07,-88.016
60010,42.146,-88.165
60012,42.272,-88.314
60013,42.223,-88.236
60014,42.232,-88.327
60015,42.174,-87.878
60016,42.05,-87.895
60018,41.979,-87.894
60020,42.389,-88.173
60021,42.195,-88.217
60022,42.135,-87.762
60025,42.075,-87.821
60026,42.092,-87.837
60029,42.059,-87.778
60030,42.337,-88.044
60031,42.374,-87.939
60033,42.425,-88.608
60034,42.456,-88.42
60035,42.186,-87.806
60040,42.206,-87.813
60041,42.365,-88.151
60042,42.278,-88.197
60043,42.089,-87.715
60044,42.284,-87.862
60045,42.236,-87.865
60046,42.416,-88.059
60047,42.203,-88.044
60048,42.295,-87.951
60050,42.331,-88.295
60051,42.355,-88.229
60053,42.042,-87.789
60056,42.067,-87.935
60060,42.27,-88.039
60061,42.235,-87.959
60062,42.126,-87.845
60064,42.324,-87.857
60067,42.106,-88.064
60068,42.012,-87.843
60069,42.197,-87.925
60070,42.104,-87.929
60071,42.468,-88.316
60072,42.407,-88.306
60073,42.349,-88.11
60074,42.131,-88.026
60076,42.035,-87.73
60077,42.035,-87.757
60081,42.451,-88.225
60083,42.436,-87.942
60084,42.27,-88.141
60085,42.352,-87.868
60087,42.403,-87.851
60088,42.31,-87.844
60089,42.167,-87.964
60090,42.13,-87.922
60091,42.078,-87.721
60093,42.107,-87.756
60096,42.48,-87.825
60097,42.397,-88.37
60098,42.326,-88.456
60099,42.46,-87.865
60101,41.931,-88.017
60102,42.165,-88.309
60103,41.981,-88.205
60104,41.883,-87.876
60106,41.96,-87.942
60107,42.021,-88.178
60108,41.95,-88.092
60109,42.05,-88.546
60110,42.115,-88.292
60111,42.009,-88.805
60112,41.925,-88.69
60113,41.932,-88.966
60115,41.901,-88.761
60118,42.106,-88.304
60119,41.852,-88.476
60120,42.034,-88.238
60123,42.041,-88.311
60124,42.02,-88.401
60126,41.897,-87.941
60129,42.008,-88.975
60130,41.866,-87.817
60131,41.939,-87.884
60133,41.978,-88.143
60134,41.878,-88.342
60135,42.112,-88.671
60136,42.105,-88.381
60137,41.865,-88.061
60139,41.919,-88.078
60140,42.079,-88.513
60141,41.858,-87.838
60142,42.174,-88.445
60143,41.975,-88.022
60144,41.836,-88.521
60145,42.085,-88.774
60146,42.1,-88.874
60148,41.874,-88.021
60150,41.926,-88.892
60151,41.918,-88.574
60152,42.238,-88.626
60153,41.879,-87.843
60154,41.847,-87.892
60155,41.858,-87.856
60156,42.204,-88.321
60157,41.975,-88.056
60160,41.904,-87.861
60162,41.868,-87.902
60163,41.889,-87.909
60164,41.918,-87.901
60165,41.903,-87.881
60169,42.051,-88.117
60171,41.925,-87.838
60172,41.98,-88.09
60173,42.052,-88.056
60174,41.931,-88.299
60175,41.948,-88.389
60176,41.958,-87.869
60177,41.988,-88.31
60178,42.008,-88.661
60180,42.225,-88.525
60181,41.877,-87.976
60184,41.952,-88.253
60185,41.897,-88.211
60187,41.873,-88.112
60188,41.916,-88.129
60189,41.841,-88.122
60190,41.872,-88.157
60191,41.966,-87.981
60192,42.063,-88.204
60193,42.01,-88.097
60194,42.035,-88.11
60195,42.075,-88.086
60201,42.056,-87.692
60202,42.03,-87.686
60203,42.049,-87.717
60301,41.889,-87.799
60302,41.895,-87.79
60304,41.872,-87.789
60305,41.895,-87.819
60401,41.344,-87.616
60402,41.835,-87.791
60403,41.554,-88.134
60404,41.514,-88.223
60406,41.655,-87.682
60407,41.235,-88.261
60408,41.264,-88.216
60409,41.614,-87.552
60410,41.424,-88.202
60411,41.509,-87.59
60415,41.703,-87.779
60416,41.294,-88.283
60417,41.428,-87.586
60419,41.629,-87.599
60420,41.088,-88.417
60421,41.431,-88.1
60422,41.537,-87.684
60423,41.477,-87.832
60424,41.164,-88.328
60425,41.546,-87.612
60426,41.61,-87.653
60428,41.6,-87.691
60429,41.574,-87.684
60430,41.559,-87.664
60431,41.51,-88.18
60432,41.542,-88.035
60433,41.5,-88.044
60435,41.549,-88.129
60436,41.487,-88.129
60437,41.163,-88.56
60438,41.566,-87.55
60439,41.677,-87.977
60440,41.701,-88.075
60441,41.593,-88.05
60442,41.393,-87.963
60443,41.502,-87.748
60444,41.243,-88.403
60445,41.634,-87.736
60446,41.632,-88.107
60447,41.487,-88.322
60448,41.538,-87.892
60449,41.418,-87.779
60450,41.366,-88.435
60451,41.509,-87.961
60452,41.607,-87.754
60453,41.713,-87.753
60455,41.742,-87.809
60456,41.731,-87.731
60457,41.725,-87.828
60458,41.753,-87.827
60459,41.744,-87.769
60460,40.998,-88.537
60461,41.522,-87.701
60462,41.625,-87.833
60463,41.662,-87.79
60464,41.663,-87.861
60465,41.698,-87.829
60466,41.478,-87.683
60467,41.602,-87.887
60468,41.335,-87.81
60469,41.628,-87.687
60470,41.169,-88.641
60471,41.479,-87.734
60472,41.643,-87.708
60473,41.597,-87.599
60474,41.18,-88.266
60475,41.473,-87.628
60476,41.569,-87.602
60477,41.572,-87.789
60478,41.563,-87.725
60479,41.232,-88.526
60480,41.729,-87.881
60481,41.286,-88.111
60482,41.688,-87.79
60484,41.444,-87.711
60487,41.563,-87.834
60490,41.669,-88.145
60491,41.603,-87.963
60501,41.78,-87.823
60502,41.791,-88.26
60503,41.712,-88.255
60504,41.747,-88.239
60505,41.765,-88.295
60506,41.766,-88.364
60510,41.841,-88.307
60511,41.759,-88.552
60512,41.702,-88.44
60513,41.825,-87.848
60514,41.796,-87.962
60515,41.811,-88.023
60516,41.761,-88.013
60517,41.74,-88.042
60518,41.599,-88.92
60519,41.778,-88.243
60520,41.787,-88.668
60521,41.801,-87.928
60523,41.837,-87.953
60525,41.784,-87.872
60526,41.832,-87.874
60527,41.743,-87.929
60530,41.797,-88.952
60531,41.619,-88.787
60532,41.789,-88.084
60534,41.813,-87.824
60536,41.598,-88.55
60537,41.56,-88.604
60538,41.727,-88.338
60539,41.827,-88.336
60540,41.765,-88.145
60541,41.513,-88.532
60542,41.81,-88.353
60543,41.664,-88.318
60544,41.614,-88.219
60545,41.679,-88.537
60546,41.838,-87.822
60548,41.65,-88.64
60549,41.503,-88.74
60550,41.78,-88.862
60551,41.525,-88.687
60552,41.667,-88.707
60553,41.826,-89.04
60554,41.777,-88.457
60555,41.822,-88.181
60556,41.763,-88.771
60557,41.448,-88.76
60558,41.806,-87.901
60559,41.794,-87.973
60560,41.608,-88.429
60561,41.746,-87.981
60563,41.79,-88.204
60564,41.706,-88.195
60565,41.731,-88.124
60585,41.657,-88.225
60586,41.572,-88.238
60601,41.885,-87.622
60602,41.883,-87.629
60603,41.88,-87.626
60604,41.878,-87.628
60605,41.868,-87.617
60606,41.882,-87.637
60607,41.875,-87.652
60608,41.847,-87.671
60609,41.813,-87.657
60610,41.907,-87.632
60611,41.896,-87.614
60612,41.88,-87.688
60613,41.957,-87.654
60614,41.923,-87.65
60615,41.802,-87.596
60616,41.845,-87.624
60617,41.718,-87.553
60618,41.947,-87.703
60619,41.744,-87.606
60620,41.74,-87.653
60621,41.776,-87.64
60622,41.902,-87.683
60623,41.849,-87.718
60624,41.881,-87.724
60625,41.973,-87.7
60626,42.01,-87.667
60628,41.691,-87.616
60629,41.776,-87.711
60630,41.972,-87.757
60631,41.995,-87.813
60632,41.81,-87.713
60633,41.664,-87.561
60634,41.946,-87.806
60636,41.776,-87.669
60637,41.782,-87.6
60638,41.781,-87.771
60639,41.921,-87.756
60640,41.973,-87.663
60641,41.947,-87.747
60642,41.902,-87.659
60643,41.7,-87.663
60644,41.88,-87.756
60645,42.009,-87.695
60646,41.993,-87.76
60647,41.921,-87.701
60649,41.763,-87.566
60651,41.902,-87.741
60652,41.748,-87.715
60653,41.82,-87.606
60654,41.892,-87.637
60655,41.695,-87.704
60656,41.974,-87.827
60657,41.94,-87.647
60659,41.991,-87.704
60660,41.991,-87.663
60661,41.883,-87.644
60706,41.964,-87.816
60707,41.922,-87.807
60712,42.005,-87.733
60714,42.028,-87.811
60803,41.674,-87.736
60804,41.838,-87.76
60805,41.722,-87.702
60827,41.649,-87.634
60901,41.11,-87.898
60910,41.08,-87.81
60911,40.88,-87.977
60912,40.974,-87.603
60913,41.147,-88.062
60914,41.187,-87.862
60915,41.146,-87.861
60917,41.047,-88.185
60918,40.595,-88.026
60919,40.988,-88.238
60920,41.029,-88.305
60921,40.731,-88.297
60922,41.011,-87.919
60924,40.551,-87.887
60926,40.566,-87.824
60927,40.938,-87.973
60928,40.742,-87.849
60929,40.875,-88.289
60930,40.83,-88.003
60931,40.889,-87.588
60932,40.463,-87.806
60933,40.465,-88.272
60934,40.958,-88.353
60935,41.17,-88.176
60936,40.468,-88.352
60938,40.773,-87.988
60940,41.25,-87.643
60941,41.042,-88.082
60942,40.465,-87.661
60945,40.828,-87.584
60946,40.917,-88.203
60948,40.533,-88.071
60949,40.378,-88.105
60950,41.253,-87.884
60951,40.915,-87.755
60952,40.563,-88.25
60953,40.63,-87.689
60954,41.148,-87.623
60955,40.7,-87.969
60957,40.443,-88.136
60958,41.065,-87.591
60959,40.79,-88.182
60960,40.439,-87.891
60961,41.11,-88.222
60962,40.626,-88.187
60963,40.367,-87.648
60964,41.039,-87.744
60966,40.752,-87.583
60968,40.672,-88.12
60969,41.111,-88.15
60970,40.796,-87.734
60973,40.542,-87.663
60974,40.719,-87.734
61001,42.466,-90.11
61006,41.862,-89.202
61007,42.198,-89.59
61008,42.244,-88.841
61010,42.135,-89.274
61011,42.393,-88.898
61012,42.401,-88.765
61013,42.372,-89.639
61014,41.975,-89.884
61015,41.997,-89.197
61016,42.197,-88.948
61018,42.415,-89.555
61019,42.44,-89.41
61020,42.11,-89.098
61021,41.827,-89.479
61024,42.436,-89.297
61025,42.471,-90.556
61027,42.331,-89.757
61028,42.298,-90.176
61030,42.12,-89.592
61031,41.832,-89.312
61032,42.318,-89.637
61036,42.414,-90.376
61037,41.789,-89.76
61038,42.266,-88.738
61039,42.209,-89.468
61041,42.273,-90.311
61042,41.688,-89.563
61043,42.056,-89.105
61044,42.319,-89.915
61046,42.104,-89.812
61047,42.153,-89.396
61048,42.383,-89.841
61049,42.05,-89.009
61050,42.44,-89.734
61051,41.983,-89.755
61052,42.111,-89.0
61053,42.121,-89.983
61054,42.055,-89.449
61057,41.829,-89.382
61059,42.453,-89.94
61060,42.478,-89.622
61061,41.998,-89.342
61062,42.251,-89.836
61063,42.319,-89.341
61064,41.988,-89.582
61065,42.401,-88.837
61067,42.305,-89.479
61068,41.946,-89.06
61070,42.417,-89.473
61071,41.725,-89.699
61072,42.442,-89.138
61073,42.424,-88.994
61074,42.124,-90.122
61075,42.464,-90.259
61077,42.238,-89.358
61078,42.166,-89.729
61079,42.437,-89.216
61080,42.481,-88.984
61081,41.833,-89.738
61084,42.124,-89.19
61085,42.342,-90.032
61087,42.48,-89.993
61088,42.268,-89.263
61089,42.473,-89.819
61091,41.907,-89.528
61101,42.346,-89.146
61102,42.229,-89.163
61103,42.34,-89.086
61104,42.252,-89.08
61107,42.285,-89.002
61108,42.257,-89.002
61109,42.191,-89.056
61111,42.336,-89.003
61112,42.242,-88.975
61114,42.307,-88.991
61115,42.364,-89.027
61201,41.478,-90.576
61230,41.734,-90.213
61231,41.211,-90.718
61232,41.431,-90.732
61234,41.418,-89.914
61235,41.401,-90.024
61236,41.516,-90.368
61238,41.282,-90.173
61239,41.481,-90.382
61240,41.421,-90.429
61241,41.489,-90.321
61242,41.708,-90.285
61243,41.619,-89.683
61244,41.523,-90.391
61250,41.656,-90.112
61251,41.731,-90.076
61252,41.837,-90.125
61254,41.467,-90.15
61256,41.548,-90.408
61257,41.593,-90.222
61258,41.522,-89.914
61259,41.393,-90.954
61260,41.246,-90.884
61261,41.727,-89.911
61262,41.276,-90.348
61263,41.259,-90.605
61264,41.403,-90.596
61265,41.482,-90.493
61270,41.827,-89.963
61272,41.254,-91.005
61273,41.363,-90.399
61274,41.369,-90.277
61275,41.606,-90.307
61276,41.304,-90.59
61277,41.614,-89.931
61278,41.582,-90.337
61279,41.321,-90.727
61281,41.3,-90.52
61282,41.496,-90.413
61283,41.592,-89.787
61284,41.394,-90.752
61285,41.986,-90.058
61301,41.397,-89.084
61310,41.702,-89.354
61311,41.038,-88.86
61312,41.436,-89.235
61313,41.074,-88.669
61314,41.296,-89.678
61315,41.288,-89.365
61316,41.259,-89.125
61317,41.431,-89.209
61318,41.711,-89.078
61319,41.018,-88.742
61320,41.355,-89.17
61321,40.969,-88.973
61322,41.314,-89.318
61323,41.433,-89.397
61324,41.77,-89.414
61325,41.235,-88.81
61326,41.246,-89.23
61327,41.227,-89.311
61328,41.5,-89.459
61329,41.375,-89.181
61330,41.535,-89.267
61331,41.748,-89.278
61332,41.189,-88.989
61333,40.989,-88.888
61334,41.145,-89.098
61335,41.166,-89.218
61336,41.113,-89.232
61337,41.436,-89.328
61338,41.459,-89.676
61340,41.261,-89.25
61341,41.352,-88.693
61342,41.544,-89.084
61344,41.411,-89.84
61345,41.28,-89.794
61346,41.511,-89.718
61348,41.286,-89.035
61349,41.545,-89.442
61350,41.372,-88.865
61353,41.704,-88.991
61354,41.328,-89.143
61356,41.396,-89.413
61358,40.979,-89.044
61359,41.362,-89.271
61360,41.328,-88.601
61361,41.413,-89.756
61362,41.359,-89.233
61363,41.254,-89.182
61364,41.128,-88.841
61367,41.621,-89.259
61368,41.262,-89.518
61369,40.984,-89.155
61370,41.2,-89.038
61372,41.465,-89.078
61373,41.407,-88.996
61374,41.548,-89.359
61375,41.035,-89.243
61376,41.545,-89.613
61377,41.061,-89.034
61378,41.723,-89.155
61379,41.391,-89.607
61401,40.944,-90.386
61410,40.796,-90.396
61411,40.401,-90.502
61412,41.078,-90.58
61413,41.187,-90.37
61414,41.125,-90.156
61415,40.656,-90.431
61416,40.499,-90.563
61417,40.774,-90.538
61418,40.85,-90.863
61419,41.199,-90.117
61420,40.548,-90.867
61421,41.188,-89.648
61422,40.551,-90.533
61423,40.886,-90.501
61424,41.077,-89.635
61425,40.759,-91.04
61426,41.12,-89.707
61427,40.509,-90.184
61428,40.944,-90.107
61430,40.939,-90.311
61431,40.608,-90.276
61432,40.648,-90.153
61433,40.554,-90.169
61434,41.184,-90.038
61435,40.975,-90.545
61436,40.86,-90.223
61437,40.847,-90.992
61438,40.583,-90.652
61439,41.028,-90.357
61440,40.306,-90.599
61441,40.339,-90.277
61442,41.109,-90.922
61443,41.264,-89.945
61447,40.867,-90.754
61448,40.934,-90.247
61449,41.095,-89.975
61450,40.579,-90.979
61451,40.939,-89.939
61452,40.236,-90.661
61453,41.012,-90.764
61454,40.682,-91.04
61455,40.44,-90.638
61458,40.782,-90.183
61459,40.51,-90.42
61460,40.717,-90.829
61462,40.923,-90.645
61465,41.211,-90.48
61466,41.11,-90.48
61467,41.076,-90.241
61468,41.258,-90.388
61469,40.956,-90.908
61470,40.604,-90.505
61471,40.697,-90.835
61472,41.102,-90.383
61473,40.708,-90.64
61474,40.736,-90.38
61475,40.598,-90.753
61476,41.099,-90.834
61477,40.496,-90.311
61478,40.758,-90.761
61479,41.005,-89.645
61480,40.727,-90.913
61482,40.385,-90.408
61483,41.085,-89.881
61484,40.3,-90.435
61485,41.021,-90.103
61486,41.195,-90.576
61488,41.032,-90.318
61489,40.931,-90.033
61490,41.186,-90.259
61491,41.054,-89.731
61501,40.228,-90.312
61516,40.858,-89.135
61517,40.828,-89.845
61519,40.46,-90.089
61520,40.539,-90.023
61523,40.912,-89.538
61524,40.491,-90.035
61525,40.848,-89.669
61526,40.923,-89.62
61528,40.779,-89.723
61529,40.782,-89.938
61530,40.714,-89.26
61531,40.683,-90.037
61532,40.339,-89.819
61533,40.586,-89.842
61534,40.414,-89.666
61535,40.579,-89.517
61536,40.689,-89.794
61537,41.119,-89.471
61539,40.556,-89.762
61540,41.015,-89.367
61541,40.98,-89.235
61542,40.39,-90.13
61543,40.421,-89.965
61544,40.694,-90.236
61545,40.871,-89.353
61546,40.448,-89.81
61547,40.581,-89.721
61548,40.814,-89.42
61550,40.61,-89.442
61552,40.818,-89.566
61553,40.626,-90.032
61554,40.539,-89.618
61559,40.919,-89.779
61560,41.187,-89.42
61561,40.803,-89.201
61562,40.88,-89.502
61563,40.492,-90.054
61564,40.493,-89.653
61565,41.039,-89.505
61567,40.358,-89.897
61568,40.511,-89.482
61569,40.683,-89.901
61570,40.921,-89.326
61571,40.704,-89.418
61572,40.803,-90.044
61602,40.675,-89.609
61603,40.713,-89.577
61604,40.706,-89.654
61605,40.677,-89.633
61606,40.7,-89.611
61607,40.627,-89.685
61610,40.642,-89.6
61611,40.713,-89.536
61614,40.759,-89.604
61615,40.738,-89.687
61616,40.747,-89.572
61625,40.698,-89.613
61701,40.477,-88.993
61704,40.471,-88.945
61705,40.413,-88.896
61720,40.555,-88.514
61721,40.351,-89.323
61722,40.419,-88.632
61723,40.265,-89.277
61724,40.323,-88.533
61725,40.611,-89.119
61726,40.738,-88.692
61727,40.143,-88.961
61728,40.572,-88.627
61729,40.629,-89.221
61730,40.532,-88.729
61731,40.614,-88.486
61732,40.53,-89.208
61733,40.619,-89.337
61734,40.376,-89.513
61735,40.201,-88.815
61736,40.402,-88.841
61737,40.465,-88.745
61738,40.745,-89.03
61739,40.733,-88.521
61740,40.884,-88.862
61741,40.759,-88.404
61742,40.635,-89.268
61743,40.876,-88.782
61744,40.74,-88.887
61745,40.325,-88.971
61747,40.416,-89.435
61748,40.622,-88.997
61749,40.093,-89.116
61750,40.124,-88.86
61751,40.215,-89.299
61752,40.34,-88.754
61753,40.63,-88.788
61754,40.334,-89.182
61755,40.528,-89.337
61756,40.031,-88.973
61759,40.437,-89.336
61760,40.879,-89.022
61761,40.529,-88.959
61764,40.882,-88.628
61769,40.882,-88.399
61770,40.443,-88.525
61771,40.702,-89.131
61772,40.381,-89.066
61773,40.566,-88.383
61774,40.431,-89.204
61775,40.654,-88.376
61776,40.567,-88.874
61777,40.244,-88.946
61778,40.233,-89.091
61801,40.109,-88.211
61802,40.131,-88.157
61810,39.916,-87.915
61811,40.293,-87.623
61812,40.227,-87.911
61813,39.911,-88.566
61814,40.231,-87.572
61815,40.111,-88.377
61816,39.923,-88.001
61817,40.035,-87.716
61818,39.887,-88.716
61820,40.108,-88.244
61821,40.11,-88.275
61822,40.136,-88.305
61830,40.033,-88.717
61831,40.225,-87.792
61832,40.136,-87.636
61833,40.1,-87.644
61834,40.153,-87.673
61839,40.138,-88.629
61840,40.299,-88.3
61841,40.021,-87.817
61842,40.239,-88.665
61843,40.317,-88.374
61844,40.143,-87.869
61845,40.374,-88.397
61846,39.977,-87.608
61847,40.319,-88.011
61848,40.308,-87.703
61849,40.014,-87.967
61850,39.931,-87.739
61851,39.961,-88.435
61852,39.903,-88.076
61853,40.215,-88.421
61854,40.2,-88.529
61855,39.922,-88.661
61856,40.027,-88.58
61857,40.117,-87.842
61858,40.134,-87.762
61859,40.15,-87.963
61862,40.306,-87.959
61863,39.905,-88.278
61864,39.975,-88.153
61865,40.305,-87.802
61866,40.313,-88.155
61870,39.898,-87.618
61871,40.19,-87.968
61872,39.945,-88.378
61873,40.134,-88.039
61874,40.047,-88.257
61875,40.103,-88.416
61876,39.901,-87.836
61877,39.989,-88.082
61878,40.243,-88.145
61880,39.974,-88.249
61882,40.106,-88.755
61883,40.037,-87.642
61884,40.089,-88.478
61910,39.677,-88.298
61911,39.701,-88.469
61912,39.522,-88.041
61913,39.828,-88.466
61914,39.63,-88.762
61917,39.714,-87.898
61919,39.784,-88.138
61920,39.512,-88.154
61924,39.786,-87.663
61925,39.719,-88.841
61928,39.451,-88.501
61929,39.825,-88.626
61930,39.681,-88.13
61931,39.586,-88.35
61932,39.804,-87.879
61933,39.547,-87.927
61936,39.801,-88.73
61937,39.741,-88.655
61938,39.484,-88.375
61940,39.808,-87.819
61941,39.804,-88.073
61942,39.814,-87.997
61943,39.673,-88.031
61944,39.601,-87.701
61949,39.634,-87.874
61951,39.596,-88.59
61953,39.803,-88.291
61955,39.582,-87.592
61956,39.858,-88.135
61957,39.442,-88.612
62001,38.881,-89.745
62002,38.939,-90.125
62006,39.053,-90.67
62009,39.092,-89.798
62010,38.921,-90.045
62011,39.127,-89.216
62012,39.045,-90.148
62013,38.956,-90.574
62014,39.043,-89.951
62015,39.221,-89.544
62016,39.295,-90.432
62017,39.065,-89.369
62018,38.908,-90.081
62019,39.019,-89.441
62021,38.984,-89.977
62022,39.003,-90.326
62023,39.112,-89.787
62024,38.876,-90.073
62025,38.831,-89.932
62027,39.25,-90.563
62028,38.958,-90.355
62030,39.155,-90.164
62031,39.111,-90.537
62032,39.116,-89.289
62033,39.137,-89.84
62034,38.755,-89.972
62035,38.963,-90.242
62036,38.918,-90.59
62037,39.011,-90.465
62040,38.726,-90.112
62044,39.363,-90.222
62045,39.264,-90.69
62046,38.89,-89.846
62047,39.123,-90.627
62048,38.801,-90.092
62049,39.132,-89.481
62050,39.44,-90.545
62051,39.202,-89.403
62052,39.111,-90.321
62053,39.319,-90.665
62054,39.204,-90.339
62056,39.179,-89.672
62058,38.971,-89.77
62059,38.656,-90.165
62060,38.682,-90.142
62061,38.79,-89.779
62062,38.726,-89.961
62063,39.198,-90.15
62065,39.226,-90.633
62067,38.929,-89.983
62069,39.089,-89.739
62070,39.297,-90.732
62074,38.955,-89.69
62075,39.302,-89.296
62076,39.343,-89.219
62077,39.031,-89.522
62078,39.479,-90.486
62079,39.11,-90.144
62080,39.138,-89.104
62081,39.265,-90.225
62082,39.49,-90.318
62083,39.354,-89.201
62084,38.838,-90.064
62085,39.082,-89.805
62086,38.981,-89.58
62087,38.817,-90.065
62088,39.012,-89.8
62089,39.13,-89.495
62090,38.67,-90.17
62091,39.056,-89.611
62092,39.419,-90.431
62093,39.066,-89.854
62094,39.246,-89.35
62095,38.861,-90.069
62097,38.937,-89.853
62098,39.386,-90.305
62201,38.644,-90.14
62203,38.6,-90.077
62204,38.634,-90.09
62205,38.61,-90.123
62206,38.572,-90.167
62207,38.582,-90.123
62208,38.595,-90.005
62214,38.376,-89.604
62215,38.508,-89.609
62216,38.619,-89.602
62217,38.175,-89.853
62218,38.522,-89.474
62219,38.606,-89.432
62220,38.478,-89.998
62221,38.512,-89.905
62223,38.536,-90.059
62225,38.543,-89.852
62226,38.535,-90.0
62230,38.635,-89.531
62231,38.612,-89.319
62232,38.631,-90.0
62233,37.942,-89.789
62234,38.683,-89.982
62236,38.437,-90.216
62237,38.187,-89.568
62238,38.034,-89.543
62239,38.535,-90.161
62240,38.502,-90.177
62241,38.011,-89.894
62242,38.113,-89.949
62243,38.419,-89.889
62244,38.196,-90.199
62245,38.545,-89.563
62246,38.89,-89.428
62248,38.303,-89.996
62249,38.755,-89.667
62250,38.541,-89.266
62253,38.778,-89.3
62254,38.609,-89.823
62255,38.313,-89.783
62257,38.285,-89.729
62258,38.461,-89.782
62260,38.461,-90.101
62261,37.998,-90.0
62262,38.94,-89.293
62263,38.326,-89.411
62264,38.316,-89.9
62265,38.5,-89.673
62266,38.487,-89.677
62268,38.276,-89.54
62269,38.6,-89.915
62271,38.45,-89.519
62272,37.992,-89.597
62273,38.787,-89.584
62274,38.1,-89.414
62275,38.81,-89.551
62277,38.097,-90.112
62278,38.208,-89.993
62279,38.151,-90.136
62280,37.847,-89.648
62281,38.707,-89.779
62282,38.363,-89.718
62284,38.881,-89.314
62285,38.39,-90.011
62286,38.119,-89.716
62288,37.989,-89.687
62289,38.597,-89.751
62292,38.211,-89.677
62293,38.619,-89.697
62294,38.703,-89.867
62295,38.284,-90.324
62297,38.052,-89.806
62298,38.311,-90.159
62301,39.931,-91.386
62305,39.928,-91.344
62311,40.21,-90.931
62312,39.707,-91.024
62313,40.318,-91.228
62314,39.768,-90.892
62316,40.235,-91.053
62319,40.152,-90.731
62320,40.03,-91.083
62321,40.41,-91.095
62323,39.798,-90.687
62324,39.998,-90.966
62325,40.046,-91.162
62326,40.417,-90.809
62330,40.571,-91.126
62334,40.389,-91.234
62336,40.468,-91.171
62338,39.988,-91.238
62339,40.129,-91.038
62340,39.735,-90.728
62341,40.427,-91.296
62343,39.697,-91.245
62344,40.169,-90.831
62345,39.704,-91.127
62346,40.151,-90.951
62347,39.87,-91.089
62348,40.188,-91.367
62349,40.171,-91.192
62351,40.114,-91.269
62352,39.565,-90.65
62353,39.968,-90.756
62354,40.528,-91.346
62355,39.412,-90.779
62356,39.59,-91.077
62357,39.686,-90.867
62358,40.588,-91.253
62359,40.033,-91.201
62360,39.816,-91.263
62361,39.48,-90.645
62362,39.782,-90.747
62363,39.59,-90.77
62365,39.796,-91.165
62366,39.472,-90.902
62367,40.299,-90.874
62370,39.517,-91.007
62373,40.242,-91.339
62374,40.409,-90.912
62375,40.006,-90.869
62376,40.121,-91.435
62378,39.906,-90.635
62379,40.283,-91.403
62380,40.238,-91.191
62401,39.119,-88.562
62410,38.539,-87.733
62411,39.071,-88.734
62413,39.139,-87.838
62414,39.174,-88.826
62417,38.707,-87.767
62418,39.022,-88.974
62419,38.611,-87.99
62420,39.287,-87.999
62421,38.754,-87.944
62422,39.239,-88.883
62423,39.463,-87.58
62424,38.991,-88.42
62425,38.83,-88.092
62426,38.892,-88.664
62427,38.873,-87.65
62428,39.263,-88.137
62431,39.228,-88.989
62432,39.135,-88.14
62433,39.107,-87.716
62434,38.842,-88.322
62436,39.18,-88.253
62438,39.321,-88.869
62439,38.744,-87.64
62440,39.395,-88.268
62441,39.398,-87.698
62442,39.304,-87.854
62443,38.954,-88.627
62444,39.277,-88.739
62445,39.169,-88.321
62446,38.503,-88.213
62447,39.315,-88.448
62448,38.968,-88.179
62449,39.006,-87.914
62450,38.713,-88.089
62451,38.971,-87.611
62452,38.59,-88.015
62454,39.0,-87.756
62458,39.025,-88.852
62459,38.93,-88.028
62460,38.602,-87.718
62461,39.194,-88.684
62462,39.237,-88.461
62463,39.277,-88.605
62465,39.349,-88.64
62466,38.728,-87.853
62467,39.131,-88.435
62468,39.277,-88.27
62469,39.351,-88.334
62471,38.946,-89.13
62473,39.022,-88.568
62474,39.424,-88.001
62475,38.89,-88.047
62476,38.542,-88.017
62477,39.234,-87.643
62478,39.18,-87.744
62479,39.037,-88.307
62480,38.997,-88.0
62481,39.127,-88.022
62501,39.942,-88.805
62510,39.531,-89.029
62512,40.143,-89.211
62513,39.722,-89.151
62514,39.762,-89.051
62515,39.86,-89.378
62517,39.592,-89.425
62518,40.054,-89.191
62519,39.929,-89.395
62520,39.818,-89.456
62521,39.817,-88.926
62522,39.828,-89.048
62523,39.844,-88.952
62526,39.902,-88.989
62530,39.56,-89.675
62531,39.674,-89.378
62532,39.763,-88.989
62533,39.447,-89.616
62534,39.53,-88.801
62535,39.925,-88.969
62536,39.629,-89.652
62537,39.853,-89.095
62538,39.356,-89.52
62539,39.866,-89.251
62540,39.584,-89.417
62541,39.965,-89.355
62543,39.971,-89.152
62544,39.706,-88.968
62545,39.757,-89.388
62546,39.431,-89.446
62547,39.77,-89.242
62548,39.981,-89.284
62549,39.771,-88.867
62550,39.618,-88.99
62551,39.855,-89.159
62553,39.266,-89.107
62554,39.944,-88.882
62555,39.463,-89.21
62556,39.475,-89.375
62557,39.397,-89.105
62558,39.587,-89.55
62560,39.299,-89.603
62561,39.864,-89.502
62563,39.719,-89.496
62565,39.412,-88.804
62567,39.645,-89.19
62568,39.561,-89.289
62570,39.589,-89.448
62571,39.381,-88.96
62572,39.361,-89.702
62573,39.945,-89.074
62601,39.749,-90.039
62610,39.559,-90.435
62611,39.884,-90.398
62612,39.896,-90.063
62613,39.997,-89.666
62615,39.585,-89.757
62617,40.157,-90.17
62618,39.983,-90.402
62621,39.727,-90.521
62622,39.978,-90.353
62624,40.157,-90.364
62625,39.91,-89.687
62626,39.283,-89.884
62627,40.059,-90.111
62628,39.779,-90.403
62629,39.677,-89.717
62630,39.255,-90.091
62631,39.827,-90.354
62633,40.224,-89.871
62634,40.012,-89.455
62635,40.297,-89.471
62638,39.609,-90.081
62639,40.038,-90.486
62640,39.428,-89.805
62642,40.094,-89.725
62643,40.243,-89.452
62644,40.288,-90.055
62649,39.358,-90.07
62650,39.735,-90.223
62655,40.17,-89.987
62656,40.141,-89.371
62661,39.668,-89.827
62663,39.541,-90.329
62664,40.213,-89.724
62665,39.817,-90.53
62666,40.086,-89.544
62667,39.488,-89.992
62668,39.565,-90.238
62670,39.743,-89.892
62671,40.173,-89.558
62672,39.398,-89.804
62673,40.086,-89.979
62674,39.441,-90.023
62675,40.036,-89.848
62677,39.852,-89.883
62681,40.136,-90.543
62682,40.299,-89.631
62684,39.91,-89.586
62685,39.14,-90.003
62688,39.946,-89.923
62689,39.534,-89.762
62690,39.506,-89.763
62691,39.958,-90.21
62692,39.584,-89.939
62693,39.958,-89.516
62694,39.623,-90.477
62695,39.627,-90.224
62701,39.801,-89.649
62702,39.824,-89.642
62703,39.762,-89.63
62704,39.773,-89.684
62707,39.855,-89.65
62711,39.765,-89.729
62712,39.754,-89.58
62801,38.513,-89.142
62803,38.453,-89.295
62806,38.382,-88.077
62807,38.745,-88.941
62808,38.306,-89.189
62809,38.269,-88.291
62810,38.201,-88.752
62811,38.383,-87.906
62812,37.997,-88.917
62814,38.378,-88.732
62815,38.458,-87.966
62816,38.19,-88.923
62817,37.954,-88.476
62818,38.383,-87.965
62819,37.977,-89.017
62820,38.242,-88.237
62821,38.071,-88.13
62822,37.978,-89.056
62823,38.529,-88.446
62824,38.669,-88.342
62825,37.999,-89.069
62827,38.171,-88.048
62828,38.195,-88.602
62829,37.974,-88.49
62830,38.443,-88.968
62831,38.235,-89.223
62832,38.012,-89.249
62833,38.362,-88.164
62835,38.106,-88.322
62836,38.095,-88.805
62837,38.36,-88.353
62838,38.884,-88.74
62839,38.666,-88.501
62841,37.859,-89.0
62842,38.468,-88.371
62843,38.382,-88.199
62844,38.263,-88.043
62846,38.143,-88.868
62848,38.434,-89.167
62849,38.585,-88.774
62850,38.495,-88.595
62851,38.428,-88.66
62852,38.35,-87.867
62853,38.516,-88.912
62854,38.77,-88.801
62856,37.956,-88.838
62858,38.812,-88.493
62859,38.081,-88.533
62860,38.041,-88.732
62861,38.03,-88.023
62862,38.219,-88.299
62863,38.416,-87.86
62864,38.33,-88.903
62865,37.972,-89.08
62867,37.912,-88.099
62868,38.678,-88.228
62869,37.957,-88.278
62870,38.635,-89.053
62871,37.875,-88.273
62872,38.268,-88.81
62874,37.919,-88.976
62875,38.755,-89.121
62876,38.276,-89.196
62877,38.393,-89.211
62878,38.575,-88.508
62879,38.765,-88.36
62880,38.867,-88.884
62881,38.635,-88.927
62882,38.636,-89.119
62883,38.168,-89.12
62884,38.083,-89.056
62885,38.859,-89.054
62886,38.381,-88.539
62887,38.185,-88.362
62888,38.131,-89.234
62889,38.457,-88.824
62890,37.906,-88.738
62891,38.015,-89.042
62892,38.808,-89.076
62893,38.466,-89.03
62894,38.209,-89.037
62895,38.306,-88.555
62896,37.89,-88.916
62897,38.095,-88.899
62898,38.35,-89.06
62899,38.619,-88.642
62901,37.739,-89.209
62902,37.663,-89.118
62903,37.674,-89.276
62905,37.558,-89.367
62906,37.462,-89.173
62907,37.872,-89.497
62908,37.31,-88.865
62910,37.153,-88.534
62912,37.476,-89.032
62914,37.061,-89.218
62915,37.784,-89.12
62916,37.931,-89.569
62917,37.693,-88.652
62918,37.79,-89.088
62919,37.524,-88.138
62920,37.55,-89.238
62921,37.802,-89.084
62922,37.621,-88.815
62923,37.346,-89.016
62924,37.823,-89.198
62926,37.367,-89.131
62927,37.935,-89.242
62928,37.482,-88.575
62930,37.838,-88.441
62931,37.521,-88.292
62932,37.893,-89.214
62933,37.772,-89.026
62934,37.707,-88.359
62935,37.84,-88.635
62938,37.381,-88.539
62939,37.551,-88.982
62940,37.738,-89.472
62941,37.239,-88.986
62942,37.649,-89.473
62943,37.358,-88.75
62946,37.71,-88.539
62947,37.529,-88.454
62948,37.817,-89.031
62949,37.828,-89.145
62950,37.746,-89.561
62951,37.824,-88.929
62952,37.417,-89.343
62953,37.209,-88.85
62954,37.692,-88.28
62956,37.28,-88.938
62957,37.312,-89.426
62958,37.631,-89.231
62959,37.718,-88.91
62960,37.225,-88.709
62961,37.338,-89.255
62962,37.075,-89.336
62963,37.095,-89.17
62964,37.129,-89.224
62965,37.767,-88.521
62966,37.775,-89.351
62967,37.584,-88.737
62969,37.154,-89.342
62970,37.222,-89.091
62972,37.542,-88.791
62974,37.781,-88.783
62975,37.634,-89.388
62976,37.222,-89.204
62977,37.852,-88.546
62979,37.822,-88.186
62982,37.425,-88.365
62983,37.903,-89.121
62984,37.708,-88.149
62985,37.459,-88.685
62987,37.619,-88.66
62988,37.26,-89.289
62990,37.229,-89.399
62992,37.28,-89.166
62994,37.907,-89.342
62995,37.438,-88.878
62996,37.158,-89.151
62997,37.982,-89.59
62998,37.512,-89.458
62999,37.87,-89.056
63005,38.644,-90.651
63010,38.43,-90.392
63011,38.604,-90.559
63012,38.347,-90.454
63013,38.407,-91.151
63014,38.652,-91.313
63015,38.406,-90.759
63016,38.352,-90.635
63017,38.651,-90.531
63019,38.226,-90.377
63020,38.101,-90.566
63021,38.57,-90.546
63023,38.269,-90.699
63025,38.488,-90.62
63026,38.503,-90.461
63028,38.138,-90.392
63030,38.114,-90.727
63031,38.812,-90.354
63033,38.8,-90.275
63034,38.848,-90.288
63036,37.982,-90.367
63037,38.429,-91.304
63038,38.577,-90.668
63039,38.494,-90.839
63040,38.573,-90.635
63041,38.26,-90.788
63042,38.784,-90.384
63043,38.73,-90.461
63044,38.773,-90.43
63045,38.769,-90.463
63047,38.196,-90.487
63048,38.258,-90.393
63049,38.481,-90.531
63050,38.258,-90.58
63051,38.378,-90.577
63052,38.389,-90.437
63053,38.367,-90.364
63055,38.53,-90.835
63056,38.4,-91.215
63057,38.343,-90.406
63060,38.261,-90.876
63061,38.273,-90.812
63068,38.566,-91.244
63069,38.491,-90.732
63070,38.288,-90.429
63071,38.15,-90.821
63072,38.37,-90.813
63073,38.589,-90.783
63074,38.726,-90.389
63077,38.329,-90.984
63079,38.261,-91.1
63080,38.192,-91.076
63084,38.422,-91.019
63087,38.013,-90.452
63088,38.55,-90.5
63089,38.458,-90.89
63090,38.535,-91.049
63091,38.372,-91.393
63101,38.632,-90.193
63102,38.635,-90.187
63103,38.63,-90.217
63104,38.611,-90.214
63105,38.644,-90.328
63106,38.644,-90.208
63107,38.664,-90.212
63108,38.645,-90.253
63109,38.585,-90.294
63110,38.626,-90.267
63111,38.558,-90.25
63112,38.659,-90.283
63113,38.658,-90.248
63114,38.702,-90.364
63115,38.682,-90.24
63116,38.581,-90.264
63117,38.631,-90.331
63118,38.592,-90.226
63119,38.588,-90.351
63120,38.691,-90.262
63121,38.707,-90.301
63122,38.581,-90.418
63123,38.547,-90.328
63124,38.638,-90.38
63125,38.518,-90.294
63126,38.55,-90.379
63127,38.534,-90.417
63128,38.492,-90.386
63129,38.459,-90.317
63130,38.665,-90.325
63131,38.617,-90.444
63132,38.676,-90.378
63133,38.681,-90.306
63134,38.74,-90.346
63135,38.75,-90.299
63136,38.743,-90.26
63137,38.751,-90.212
63138,38.801,-90.192
63139,38.61,-90.292
63140,38.738,-90.323
63141,38.658,-90.458
63143,38.612,-90.321
63144,38.619,-90.348
63146,38.698,-90.475
63147,38.694,-90.216
63155,38.628,-90.205
63301,38.858,-90.463
63303,38.74,-90.544
63304,38.704,-90.668
63330,39.271,-90.804
63332,38.597,-90.894
63333,39.034,-91.309
63334,39.298,-91.188
63336,39.332,-90.934
63339,39.344,-91.371
63341,38.661,-90.807
63343,39.155,-90.828
63344,39.235,-91.004
63345,39.277,-91.569
63347,39.07,-90.767
63348,38.785,-90.945
63349,38.974,-91.151
63350,38.901,-91.362
63351,38.862,-91.313
63352,39.248,-91.659
63353,39.454,-91.113
63357,38.661,-91.087
63359,39.151,-91.356
63361,38.965,-91.553
63362,38.923,-90.87
63363,38.884,-91.455
63366,38.857,-90.725
63367,38.774,-90.795
63368,38.751,-90.73
63369,38.935,-90.763
63370,39.092,-91.24
63373,38.93,-90.385
63376,38.799,-90.607
63377,39.11,-91.103
63379,39.001,-90.996
63381,38.986,-91.253
63382,39.305,-91.496
63383,38.804,-91.194
63384,39.093,-91.554
63385,38.797,-90.857
63386,38.87,-90.22
63387,39.184,-91.017
63388,38.875,-91.757
63389,39.011,-90.774
63390,38.803,-91.04
63401,39.691,-91.457
63430,40.391,-91.543
63431,39.74,-92.314
63432,40.497,-91.994
63433,39.531,-91.129
63434,39.91,-91.947
63435,40.199,-91.584
63436,39.506,-91.553
63437,39.728,-92.221
63438,39.969,-91.688
63439,39.802,-91.861
63440,39.987,-91.759
63441,39.48,-91.312
63443,39.669,-91.882
63445,40.396,-91.732
63446,40.13,-91.987
63447,40.097,-91.903
63448,40.025,-91.557
63450,39.669,-92.15
63451,39.904,-92.206
63452,40.093,-91.79
63453,40.511,-91.867
63454,39.923,-91.65
63456,39.656,-91.728
63457,40.166,-91.712
63458,39.992,-92.02
63459,39.579,-91.369
63460,39.999,-92.208
63461,39.791,-91.569
63462,39.419,-91.701
63463,39.851,-91.781
63464,39.981,-92.084
63465,40.528,-91.68
63467,39.649,-91.271
63468,39.684,-92.015
63469,39.826,-92.041
63471,39.908,-91.483
63472,40.404,-91.586
63473,40.247,-91.784
63474,40.35,-91.894
63501,40.166,-92.591
63530,39.908,-92.455
63531,40.3,-92.241
63532,39.761,-92.573
63533,40.2,-92.392
63534,39.737,-92.648
63535,40.56,-92.665
63536,40.485,-92.356
63537,40.15,-92.154
63538,39.954,-92.68
63539,39.927,-92.752
63540,40.107,-92.41
63541,40.504,-92.627
63543,40.352,-92.014
63544,40.243,-92.841
63545,40.272,-92.965
63546,40.338,-92.511
63547,40.136,-92.298
63548,40.536,-92.489
63549,40.018,-92.486
63551,40.501,-92.736
63552,39.763,-92.437
63555,40.486,-92.193
63556,40.183,-93.127
63557,39.971,-92.879
63558,39.749,-92.751
63559,40.22,-92.752
63560,40.36,-93.12
63561,40.42,-92.541
63563,40.305,-92.066
63565,40.481,-92.947
63566,40.043,-92.926
63567,40.419,-92.72
63601,37.824,-90.545
63620,37.382,-90.652
63621,37.478,-90.61
63622,37.791,-90.907
63623,37.685,-90.883
63624,37.756,-90.634
63625,37.555,-90.972
63626,38.07,-90.687
63627,38.053,-90.267
63628,37.946,-90.525
63629,37.409,-91.237
63630,38.03,-90.717
63631,37.755,-90.788
63633,37.443,-91.02
63636,37.294,-90.576
63637,37.712,-90.518
63638,37.215,-91.019
63640,37.755,-90.381
63645,37.537,-90.339
63648,37.825,-90.696
63650,37.623,-90.609
63653,37.86,-90.592
63654,37.487,-90.858
63655,37.389,-90.187
63656,37.593,-90.797
63660,37.909,-90.689
63662,37.532,-90.05
63663,37.623,-90.645
63664,37.9,-90.928
63665,37.293,-90.844
63666,37.403,-91.056
63670,37.886,-90.162
63673,37.842,-89.991
63674,38.037,-90.659
63675,37.314,-90.695
63701,37.336,-89.576
63703,37.275,-89.54
63730,37.098,-89.917
63732,37.594,-89.576
63735,36.978,-89.776
63736,37.093,-89.51
63738,37.09,-89.957
63739,37.359,-89.8
63740,37.175,-89.681
63742,37.159,-89.446
63743,37.521,-89.816
63744,37.196,-89.738
63745,37.24,-89.69
63746,37.708,-89.695
63747,37.556,-89.8
63748,37.669,-89.626
63750,37.153,-90.201
63751,37.276,-90.128
63755,37.439,-89.641
63758,37.187,-89.556
63760,37.243,-89.91
63763,37.064,-90.173
63764,37.32,-89.99
63766,37.431,-89.837
63767,37.046,-89.611
63769,37.522,-89.737
63770,37.598,-89.703
63771,37.072,-89.704
63774,37.089,-89.764
63775,37.711,-89.878
63780,37.189,-89.514
63781,37.538,-89.928
63782,37.122,-90.035
63783,37.607,-89.68
63784,36.985,-89.692
63785,37.267,-89.822
63787,37.121,-90.133
63801,36.905,-89.618
63820,36.824,-89.326
63821,36.048,-90.239
63822,36.666,-89.999
63823,36.895,-89.46
63824,37.005,-89.527
63825,36.931,-89.946
63826,36.17,-89.842
63827,36.256,-89.887
63828,36.75,-89.692
63829,36.036,-90.309
63830,36.135,-89.69
63833,36.65,-89.731
63834,36.914,-89.274
63837,36.462,-89.992
63839,36.045,-89.814
63841,36.771,-89.984
63845,36.712,-89.326
63846,36.826,-89.799
63847,36.44,-90.039
63848,36.444,-89.906
63849,36.139,-89.979
63851,36.259,-89.717
63852,36.367,-90.015
63853,36.065,-89.87
63855,36.069,-90.057
63857,36.224,-90.046
63860,36.652,-89.595
63862,36.614,-89.642
63863,36.567,-89.977
63866,36.529,-89.606
63867,36.733,-89.552
63868,36.849,-89.693
63869,36.597,-89.482
63870,36.621,-89.857
63873,36.423,-89.671
63874,36.543,-89.823
63876,36.132,-90.17
63877,36.076,-89.858
63878,36.503,-89.822
63879,36.36,-89.813
63880,36.326,-90.024
63882,36.915,-89.223
63901,36.759,-90.46
63902,36.768,-90.427
63932,36.683,-90.256
63933,36.528,-90.107
63934,37.199,-90.369
63935,36.675,-90.921
63936,36.809,-90.129
63937,36.935,-90.784
63939,36.651,-90.674
63940,36.768,-90.228
63941,36.886,-91.159
63942,36.554,-91.074
63943,36.827,-90.789
63944,37.113,-90.359
63945,36.633,-90.543
63951,37.115,-90.258
63952,37.01,-90.643
63953,36.587,-90.638
63954,36.557,-90.471
63955,36.604,-90.681
63956,37.214,-90.522
63957,37.123,-90.648
63960,36.957,-90.131
63961,36.567,-90.277
63962,36.844,-90.282
63964,37.263,-90.415
63965,36.965,-91.021
63966,36.98,-90.265
63967,36.941,-90.485
64001,39.114,-93.541
64011,38.96,-94.068
64012,38.789,-94.544
64014,39.007,-94.255
64015,39.015,-94.313
64016,39.12,-94.216
64017,39.196,-94.024
64018,39.455,-94.721
64019,38.778,-93.865
64020,38.967,-93.6
64021,39.104,-93.619
64022,39.194,-93.672
64024,39.328,-94.227
64029,39.006,-94.216
64030,38.881,-94.523
64034,38.859,-94.298
64035,39.291,-93.812
64036,39.194,-93.937
64037,39.055,-93.733
64040,38.724,-93.988
64048,39.438,-94.364
64050,39.116,-94.411
64052,39.073,-94.45
64053,39.109,-94.465
64054,39.11,-94.439
64055,39.051,-94.398
64056,39.113,-94.32
64057,39.072,-94.319
64058,39.174,-94.314
64060,39.369,-94.364
64061,38.783,-94.085
64062,39.456,-94.163
64063,38.912,-94.352
64064,38.974,-94.345
64065,38.952,-94.404
64066,39.136,-94.126
64067,39.154,-93.836
64068,39.258,-94.39
64070,38.887,-94.149
64071,39.028,-93.832
64072,39.242,-94.294
64074,39.084,-94.071
64075,39.0,-94.145
64076,38.983,-93.948
64077,39.225,-94.139
64078,38.703,-94.458
64079,39.359,-94.793
64080,38.764,-94.26
64081,38.907,-94.404
64082,38.862,-94.408
64083,38.797,-94.446
64084,39.386,-94.069
64085,39.335,-93.945
64086,38.899,-94.272
64088,39.152,-94.182
64089,39.394,-94.561
64090,38.759,-94.164
64092,39.218,-94.811
64093,38.792,-93.731
64096,39.209,-93.553
64097,39.105,-93.984
64098,39.468,-94.891
64101,39.103,-94.601
64102,39.094,-94.604
64105,39.105,-94.59
64106,39.105,-94.572
64108,39.085,-94.586
64109,39.066,-94.566
64110,39.035,-94.573
64111,39.058,-94.594
64112,39.036,-94.595
64113,39.014,-94.596
64114,38.958,-94.599
64116,39.149,-94.575
64117,39.164,-94.523
64118,39.213,-94.574
64119,39.21,-94.515
64120,39.135,-94.515
64123,39.114,-94.523
64124,39.107,-94.539
64125,39.106,-94.494
64126,39.091,-94.496
64127,39.089,-94.539
64128,39.066,-94.535
64129,39.048,-94.492
64130,39.034,-94.541
64131,38.936,-94.585
64132,38.988,-94.542
64133,39.014,-94.458
64134,38.928,-94.488
64136,39.013,-94.406
64137,38.935,-94.543
64138,38.967,-94.468
64139,38.968,-94.416
64145,38.874,-94.594
64146,38.883,-94.572
64147,38.853,-94.551
64149,38.865,-94.472
64150,39.172,-94.633
64151,39.215,-94.63
64152,39.219,-94.725
64153,39.275,-94.727
64154,39.279,-94.637
64155,39.272,-94.58
64156,39.273,-94.52
64157,39.279,-94.484
64158,39.234,-94.483
64161,39.159,-94.451
64163,39.345,-94.688
64164,39.329,-94.627
64165,39.321,-94.576
64166,39.322,-94.523
64167,39.321,-94.487
64192,38.96,-94.522
64401,39.633,-94.716
64402,40.257,-94.327
64420,40.485,-94.289
64421,39.912,-94.936
64422,39.887,-94.499
64423,40.193,-94.852
64424,40.262,-94.036
64426,40.522,-93.86
64427,40.111,-94.833
64428,40.437,-95.094
64429,39.737,-94.226
64430,39.839,-94.566
64431,40.528,-94.996
64432,40.263,-94.669
64433,40.239,-94.681
64434,40.262,-94.734
64436,39.858,-94.692
64437,40.122,-95.347
64438,40.159,-94.414
64439,39.524,-94.753
64440,39.585,-94.91
64441,40.393,-94.271
64442,40.49,-94.011
64443,39.743,-94.653
64444,39.485,-94.648
64445,40.54,-95.149
64446,40.317,-95.414
64448,39.597,-94.823
64449,40.041,-94.978
64451,40.002,-95.194
64453,40.345,-94.48
64454,39.597,-94.593
64455,40.181,-95.005
64456,40.493,-94.391
64457,40.163,-94.682
64458,40.515,-94.145
64459,39.929,-94.645
64461,40.522,-94.807
64463,40.063,-94.483
64465,39.55,-94.288
64466,40.166,-95.106
64467,40.402,-94.163
64468,40.344,-94.881
64469,39.919,-94.365
64470,40.16,-95.229
64471,40.253,-94.193
64473,39.979,-95.076
64474,39.754,-94.38
64475,40.436,-94.624
64476,40.453,-94.831
64477,39.575,-94.453
64479,40.334,-94.647
64480,40.054,-94.705
64481,40.354,-93.888
64482,40.465,-95.546
64483,40.039,-94.839
64484,39.561,-95.017
64485,39.95,-94.818
64486,40.53,-94.624
64487,40.301,-95.096
64489,40.234,-94.548
64490,39.731,-94.515
64491,40.446,-95.358
64492,39.471,-94.533
64493,39.635,-94.318
64494,39.991,-94.61
64496,40.481,-95.646
64497,39.93,-94.22
64498,40.54,-95.322
64499,40.394,-94.44
64501,39.765,-94.844
64503,39.749,-94.844
64504,39.691,-94.906
64505,39.847,-94.824
64506,39.79,-94.803
64507,39.729,-94.764
64601,39.805,-93.579
64620,39.895,-94.09
64622,39.493,-93.543
64623,39.47,-93.333
64624,39.562,-93.784
64625,39.744,-93.803
64628,39.796,-93.042
64630,40.038,-93.157
64631,39.824,-92.866
64632,40.469,-93.767
64633,39.357,-93.484
64635,39.953,-93.434
64636,40.11,-93.98
64637,39.558,-93.915
64638,39.618,-93.62
64639,39.392,-93.223
64640,39.898,-93.936
64641,40.176,-93.4
64642,40.171,-93.836
64643,39.613,-93.369
64644,39.735,-93.975
64645,40.3,-93.322
64646,40.099,-93.309
64647,40.031,-93.985
64648,39.989,-93.803
64649,39.773,-94.086
64650,39.636,-94.072
64651,39.767,-93.186
64652,40.022,-93.418
64653,39.897,-93.212
64654,39.84,-93.773
64655,40.447,-93.257
64656,39.677,-93.693
64657,40.127,-94.228
64658,39.663,-92.917
64659,39.785,-93.298
64660,39.564,-93.099
64661,40.536,-93.517
64664,39.75,-93.651
64667,40.386,-93.331
64668,39.355,-93.704
64670,40.048,-94.142
64671,39.532,-94.051
64672,40.545,-93.255
64673,40.374,-93.587
64674,39.963,-93.138
64676,39.638,-93.058
64679,40.238,-93.58
64681,39.646,-93.23
64682,39.549,-93.495
64683,40.078,-93.601
64686,39.749,-93.624
64688,39.817,-93.375
64689,39.873,-94.15
64701,38.625,-94.329
64720,38.405,-94.343
64722,38.278,-94.543
64723,38.362,-94.56
64724,38.153,-94.007
64725,38.491,-94.373
64726,38.527,-93.922
64728,37.703,-94.524
64730,38.259,-94.3
64733,38.584,-93.824
64734,38.655,-94.559
64735,38.368,-93.744
64738,37.902,-93.652
64739,38.511,-94.097
64740,38.228,-93.703
64741,37.818,-94.562
64742,38.508,-94.541
64743,38.668,-94.232
64744,37.848,-93.979
64745,38.172,-94.497
64746,38.602,-94.497
64747,38.579,-94.182
64748,37.36,-94.091
64750,37.941,-94.102
64752,38.065,-94.563
64755,37.337,-94.309
64756,37.619,-94.015
64759,37.521,-94.257
64761,38.608,-93.676
64762,37.547,-94.501
64763,38.144,-93.702
64765,37.996,-94.444
64767,37.737,-94.201
64769,37.481,-94.568
64770,38.281,-93.99
64771,37.751,-94.469
64772,37.833,-94.335
64776,38.05,-93.664
64778,37.919,-94.479
64779,38.092,-94.396
64780,38.059,-94.047
64781,37.983,-93.811
64783,38.005,-94.109
64784,37.665,-94.234
64788,38.424,-94.02
64790,37.927,-94.221
64801,37.107,-94.498
64804,37.022,-94.511
64830,37.231,-94.41
64831,36.659,-94.457
64832,37.34,-94.574
64833,37.194,-94.13
64834,37.188,-94.574
64835,37.148,-94.437
64836,37.189,-94.279
64840,37.017,-94.336
64841,37.078,-94.417
64842,36.789,-94.106
64843,36.734,-94.444
64844,36.916,-94.239
64847,36.594,-94.441
64848,37.172,-93.99
64849,37.255,-94.445
64850,36.861,-94.402
64854,36.546,-94.456
64855,37.295,-94.485
64856,36.566,-94.27
64857,37.246,-94.439
64858,36.901,-94.531
64859,37.163,-94.138
64861,36.695,-94.154
64862,37.101,-94.12
64863,36.559,-94.583
64865,36.843,-94.581
64866,36.87,-94.156
64867,36.728,-94.235
64870,37.183,-94.478
64873,37.013,-94.046
64874,36.758,-94.054
65001,38.29,-92.01
65010,38.793,-92.237
65011,38.389,-92.712
65013,38.283,-91.768
65014,38.316,-91.631
65016,38.561,-91.936
65017,38.092,-92.495
65018,38.62,-92.563
65020,38.006,-92.781
65023,38.654,-92.396
65024,38.619,-91.756
65025,38.676,-92.69
65026,38.324,-92.565
65032,38.347,-92.378
65034,38.56,-92.818
65035,38.364,-91.947
65037,38.243,-92.849
65039,38.711,-92.297
65040,38.348,-92.284
65041,38.633,-91.49
65043,38.623,-92.102
65046,38.786,-92.488
65047,38.151,-92.578
65048,38.373,-92.041
65049,38.2,-92.675
65050,38.547,-92.688
65051,38.469,-91.797
65052,38.083,-92.617
65053,38.527,-92.379
65054,38.489,-91.949
65058,38.25,-92.128
65059,38.713,-91.87
65061,38.6,-91.636
65062,38.501,-91.66
65063,38.726,-92.088
65064,38.403,-92.471
65065,38.135,-92.663
65066,38.349,-91.485
65067,38.761,-91.702
65068,38.826,-92.615
65069,38.753,-91.59
65072,38.267,-92.729
65074,38.484,-92.468
65075,38.237,-92.251
65076,38.379,-92.194
65077,38.77,-91.819
65078,38.389,-93.024
65079,38.15,-92.75
65080,38.636,-91.979
65081,38.644,-92.782
65082,38.219,-92.421
65083,38.141,-92.446
65084,38.434,-92.856
65085,38.406,-92.084
65101,38.496,-92.135
65109,38.574,-92.278
65201,38.901,-92.238
65202,39.02,-92.297
65203,38.884,-92.399
65215,38.953,-92.321
65230,39.291,-92.703
65231,39.017,-91.898
65232,39.161,-91.756
65233,38.917,-92.728
65236,39.441,-93.066
65237,38.767,-92.794
65239,39.534,-92.432
65240,39.221,-92.126
65243,39.268,-92.354
65244,39.485,-92.659
65246,39.379,-92.997
65247,39.635,-92.471
65248,39.139,-92.66
65250,39.03,-92.84
65251,38.842,-91.977
65254,39.21,-92.853
65255,39.103,-92.218
65256,39.122,-92.456
65257,39.287,-92.534
65258,39.52,-92.135
65259,39.475,-92.564
65260,39.581,-92.386
65261,39.475,-92.933
65262,38.96,-91.955
65263,39.46,-92.219
65264,39.088,-91.686
65265,39.203,-91.885
65270,39.414,-92.395
65274,39.015,-92.686
65275,39.453,-91.995
65276,38.853,-92.958
65278,39.342,-92.411
65279,39.001,-92.528
65280,39.243,-91.737
65281,39.472,-92.802
65282,39.388,-91.823
65283,39.509,-91.828
65284,39.206,-92.293
65285,39.272,-92.0
65286,39.508,-93.22
65287,38.886,-92.53
65301,38.698,-93.227
65305,38.733,-93.553
65320,39.07,-92.947
65321,39.086,-93.468
65322,38.982,-92.952
65323,38.444,-93.618
65324,38.127,-93.03
65325,38.44,-93.189
65326,38.166,-93.139
65327,38.974,-93.495
65329,38.62,-92.965
65330,39.218,-92.953
65332,38.624,-93.415
65333,38.901,-93.32
65334,38.845,-93.227
65335,38.505,-93.342
65336,38.793,-93.575
65337,38.794,-93.431
65338,38.364,-93.28
65339,39.196,-93.375
65340,39.089,-93.176
65344,39.314,-93.192
65345,38.538,-93.127
65347,38.991,-93.04
65348,38.717,-92.971
65349,39.23,-93.045
65350,38.646,-93.091
65351,38.995,-93.381
65354,38.656,-92.874
65355,38.22,-93.367
65360,38.516,-93.518
65401,37.9,-91.769
65436,37.624,-91.964
65438,36.931,-91.501
65439,37.657,-91.064
65440,37.62,-91.173
65441,38.096,-91.159
65443,38.132,-92.095
65444,37.378,-92.054
65446,37.778,-91.281
65449,37.852,-91.495
65452,37.967,-92.266
65453,38.106,-91.44
65456,37.785,-91.19
65457,37.8,-92.052
65459,38.03,-92.097
65461,37.675,-92.042
65462,37.683,-91.849
65463,37.853,-92.784
65464,37.187,-91.9
65466,37.205,-91.348
65468,37.25,-91.79
65470,37.547,-92.402
65473,37.706,-92.154
65479,37.342,-91.636
65483,37.299,-91.955
65484,37.356,-92.227
65486,38.108,-92.328
65501,37.462,-91.566
65529,37.922,-91.992
65534,37.69,-92.284
65535,38.07,-91.274
65536,37.688,-92.644
65541,37.647,-91.773
65542,37.496,-91.884
65543,37.454,-92.29
65548,37.013,-91.713
65550,37.824,-91.956
65552,37.535,-92.166
65555,37.368,-91.767
65556,37.836,-92.409
65557,37.51,-92.101
65559,38.025,-91.61
65560,37.597,-91.504
65564,37.225,-91.971
65565,37.893,-91.242
65566,37.721,-91.127
65567,37.865,-92.536
65570,37.453,-92.095
65571,37.186,-91.623
65580,38.117,-91.79
65582,38.204,-91.926
65583,37.828,-92.258
65584,37.828,-92.131
65586,37.85,-91.432
65588,36.982,-91.273
65589,37.245,-91.838
65590,37.606,-92.951
65591,37.938,-92.641
65601,37.54,-93.588
65603,37.557,-93.865
65604,37.27,-93.598
65605,36.772,-93.655
65606,36.697,-91.359
65608,36.899,-92.678
65609,36.542,-92.152
65610,37.031,-93.531
65611,36.55,-93.372
65612,37.214,-93.539
65613,37.637,-93.396
65614,36.754,-92.91
65616,36.669,-93.249
65617,37.438,-93.335
65618,36.733,-92.36
65619,37.122,-93.395
65620,37.027,-92.946
65622,37.633,-93.104
65623,36.749,-93.906
65624,36.73,-93.566
65625,36.674,-93.816
65626,36.595,-92.131
65627,36.567,-93.033
65629,36.891,-93.001
65630,36.833,-93.214
65631,37.001,-93.424
65632,37.498,-92.81
65633,36.895,-93.535
65634,38.015,-93.195
65635,37.532,-93.717
65637,36.756,-92.18
65638,36.84,-92.325
65640,37.698,-93.567
65641,36.544,-93.769
65644,37.511,-93.038
65646,37.333,-93.703
65647,36.693,-94.007
65648,37.409,-93.166
65649,37.617,-93.623
65650,37.814,-93.442
65652,37.133,-92.95
65653,36.841,-93.14
65654,37.022,-93.91
65655,36.596,-92.426
65656,36.794,-93.468
65657,36.838,-93.008
65658,36.54,-93.638
65660,37.334,-92.274
65661,37.468,-93.825
65662,37.447,-92.57
65663,37.623,-93.247
65664,37.198,-93.615
65667,37.308,-92.514
65668,37.931,-93.288
65669,36.912,-93.303
65672,36.56,-93.219
65674,37.786,-93.607
65676,36.572,-92.616
65679,36.574,-93.095
65680,36.653,-93.003
65681,36.551,-93.462
65682,37.412,-93.962
65685,37.752,-93.167
65686,36.627,-93.444
65689,37.144,-92.093
65690,36.589,-91.279
65692,36.628,-91.631
65702,37.071,-92.494
65704,37.128,-92.586
65705,36.988,-93.621
65706,37.323,-92.899
65707,37.234,-93.843
65708,36.903,-93.912
65710,37.486,-93.421
65711,37.176,-92.276
65712,37.111,-93.8
65713,37.405,-92.747
65714,37.041,-93.321
65715,36.731,-92.574
65717,37.06,-92.416
65720,36.941,-92.95
65721,36.983,-93.209
65722,37.583,-92.805
65723,36.959,-94.04
65724,37.846,-93.312
65725,37.433,-93.288
65727,37.755,-93.295
65728,36.871,-93.346
65729,36.514,-92.593
65730,36.624,-94.177
65731,36.653,-93.126
65732,37.942,-93.162
65733,36.527,-92.849
65734,36.795,-93.942
65735,38.04,-93.459
65737,36.711,-93.359
65738,37.139,-93.506
65739,36.511,-93.274
65740,36.714,-93.163
65742,37.125,-93.089
65744,36.623,-92.898
65745,36.531,-93.971
65746,37.146,-92.778
65747,36.601,-93.58
65752,37.328,-93.831
65753,37.004,-93.043
65754,36.837,-93.281
65755,36.829,-92.623
65756,37.098,-93.974
65757,37.283,-93.1
65759,36.754,-93.061
65760,36.625,-92.292
65761,36.576,-92.725
65762,36.685,-92.651
65764,37.815,-92.949
65766,36.536,-92.269
65767,37.852,-93.156
65768,36.919,-92.27
65769,36.919,-93.799
65770,37.423,-93.548
65771,36.772,-93.206
65772,36.598,-94.025
65773,36.763,-92.502
65774,37.93,-93.489
65775,36.7,-91.858
65777,36.526,-91.998
65778,36.53,-91.271
65779,37.978,-93.379
65781,37.356,-93.418
65783,37.715,-92.933
65784,36.68,-92.314
65785,37.708,-93.825
65786,37.964,-92.963
65787,38.071,-92.883
65788,36.807,-91.695
65789,36.863,-91.874
65790,36.703,-92.11
65791,36.579,-91.497
65793,36.992,-91.972
65802,37.207,-93.355
65803,37.283,-93.29
65804,37.15,-93.252
65806,37.206,-93.299
65807,37.168,-93.325
65809,37.167,-93.182
65810,37.12,-93.31
66002,39.539,-95.138
66006,38.804,-95.233
66007,39.156,-94.942
66008,39.718,-95.176
66010,38.088,-94.979
66012,39.067,-94.92
66013,38.731,-94.696
66014,38.229,-94.987
66015,38.075,-95.413
66016,39.475,-95.232
66017,39.704,-95.274
66018,38.964,-94.967
66019,38.945,-95.003
66020,39.339,-95.116
66021,38.766,-95.015
66023,39.512,-95.392
66024,39.737,-94.881
66025,38.892,-95.083
66026,38.396,-94.866
66027,39.368,-94.911
66030,38.815,-94.94
66031,38.832,-94.89
66032,38.287,-95.278
66033,38.363,-95.122
66035,39.871,-95.254
66039,38.104,-95.165
66040,38.354,-94.748
66041,39.6,-95.308
66042,38.423,-95.08
66043,39.252,-94.88
66044,39.023,-95.209
66045,38.959,-95.248
66046,38.905,-95.21
66047,38.893,-95.346
66048,39.282,-94.996
66049,38.978,-95.344
66050,39.012,-95.443
66052,39.016,-95.048
66053,38.581,-94.668
66054,39.206,-95.198
66056,38.151,-94.844
66058,39.541,-95.52
66060,39.418,-95.332
66061,38.894,-94.88
66062,38.835,-94.779
66064,38.481,-94.989
66066,39.203,-95.331
66067,38.624,-95.276
66070,39.206,-95.451
66071,38.573,-94.865
66072,38.309,-94.964
66073,39.082,-95.368
66075,38.201,-94.693
66076,38.632,-95.443
66078,38.485,-95.259
66079,38.542,-95.108
66080,38.408,-95.26
66083,38.732,-94.83
66085,38.799,-94.657
66086,39.12,-95.081
66087,39.802,-95.122
66088,39.339,-95.461
66090,39.788,-94.973
66091,38.178,-95.313
66092,38.702,-95.098
66093,38.208,-95.494
66094,39.951,-95.342
66095,38.441,-95.439
66097,39.329,-95.246
66101,39.119,-94.626
66102,39.109,-94.693
66103,39.06,-94.627
66104,39.15,-94.69
66105,39.087,-94.639
66106,39.069,-94.703
66109,39.165,-94.829
66111,39.084,-94.79
66112,39.115,-94.774
66115,39.148,-94.605
66118,39.104,-94.613
66202,39.023,-94.669
66203,39.02,-94.706
66204,38.99,-94.678
66205,39.031,-94.631
66206,38.961,-94.62
66207,38.956,-94.643
66208,38.998,-94.628
66209,38.9,-94.638
66210,38.922,-94.705
66211,38.925,-94.636
66212,38.956,-94.68
66213,38.899,-94.708
66214,38.967,-94.714
66215,38.958,-94.744
66216,39.014,-94.742
66217,39.01,-94.782
66218,39.021,-94.819
66219,38.952,-94.776
66220,38.96,-94.819
66221,38.864,-94.708
66223,38.863,-94.668
66224,38.864,-94.627
66226,39.03,-94.859
66227,38.973,-94.875
66401,38.932,-96.31
66402,38.914,-95.843
66403,39.894,-96.286
66404,39.878,-96.173
66406,39.894,-96.421
66407,39.229,-96.199
66408,39.959,-95.97
66409,38.924,-95.56
66411,39.645,-96.628
66412,39.908,-96.777
66413,38.769,-95.881
66414,38.83,-95.689
66415,39.688,-96.147
66416,39.526,-95.863
66417,39.657,-96.045
66418,39.279,-95.934
66419,39.361,-95.599
66422,39.336,-96.086
66423,38.801,-96.233
66424,39.675,-95.404
66425,39.816,-95.738
66427,39.661,-96.439
66428,39.676,-95.931
66429,39.094,-95.534
66431,38.807,-96.004
66432,39.49,-96.067
66434,39.863,-95.555
66436,39.468,-95.692
66438,39.854,-96.493
66439,39.656,-95.54
66440,39.268,-95.677
66441,38.974,-96.803
66442,39.092,-96.79
66449,39.39,-96.856
66451,38.615,-95.672
66501,39.054,-96.237
66502,39.156,-96.521
66503,39.265,-96.695
66506,39.196,-96.582
66507,39.045,-96.068
66508,39.856,-96.631
66509,39.342,-95.777
66510,38.5,-95.61
66512,39.199,-95.545
66514,39.126,-96.876
66515,39.936,-95.704
66516,39.628,-95.721
66517,39.113,-96.707
66518,39.966,-96.551
66520,39.419,-96.618
66521,39.48,-96.219
66522,39.869,-95.942
66523,38.611,-95.84
66524,38.791,-95.506
66526,39.065,-96.163
66527,39.745,-95.674
66528,38.603,-95.538
66531,39.311,-96.822
66532,39.821,-95.378
66533,39.163,-95.947
66534,39.884,-95.837
66535,39.267,-96.434
66536,39.225,-96.08
66537,38.751,-95.72
66538,39.851,-96.045
66539,39.142,-95.84
66540,39.491,-95.976
66541,39.975,-96.367
66542,39.011,-95.545
66543,38.645,-95.593
66544,39.692,-96.28
66546,38.895,-95.721
66547,39.232,-96.296
66548,39.671,-96.763
66549,39.428,-96.415
66550,39.655,-95.821
66552,39.588,-95.63
66554,39.495,-96.791
66603,39.058,-95.676
66604,39.039,-95.726
66605,39.012,-95.635
66606,39.061,-95.72
66607,39.043,-95.636
66608,39.08,-95.663
66609,38.978,-95.661
66610,38.977,-95.845
66611,39.019,-95.696
66612,39.04,-95.68
66614,39.01,-95.852
66615,39.051,-95.898
66616,39.068,-95.623
66617,39.135,-95.623
66618,39.14,-95.748
66619,38.948,-95.688
66621,39.033,-95.702
66622,39.026,-95.722
66701,37.824,-94.765
66710,37.552,-95.624
66711,37.637,-94.685
66712,37.565,-94.715
66713,37.04,-94.785
66714,37.637,-95.699
66716,37.948,-95.037
66717,37.696,-95.697
66720,37.648,-95.457
66724,37.347,-94.857
66725,37.157,-94.895
66728,37.171,-94.704
66732,37.799,-95.187
66733,37.597,-95.255
66734,37.618,-94.83
66735,37.523,-94.709
66736,37.551,-95.861
66738,38.014,-94.723
66739,37.126,-94.655
66740,37.48,-95.364
66741,37.719,-94.656
66743,37.504,-94.894
66746,37.668,-94.954
66748,37.796,-95.442
66749,37.936,-95.407
66751,37.944,-95.29
66753,37.362,-95.011
66754,38.005,-94.886
66755,37.929,-95.179
66756,37.545,-94.659
66757,37.417,-95.696
66758,38.016,-95.587
66760,37.348,-94.624
66761,37.918,-95.569
66762,37.394,-94.71
66763,37.463,-94.698
66767,38.074,-94.703
66769,37.857,-94.89
66770,37.081,-94.715
66771,37.488,-95.146
66772,37.755,-95.206
66773,37.272,-94.807
66775,37.702,-95.149
66776,37.463,-95.489
66777,37.808,-95.972
66778,37.0,-94.841
66779,37.826,-94.992
66780,37.622,-95.057
66781,37.289,-94.733
66782,37.285,-94.926
66783,37.875,-95.737
66801,38.414,-96.218
66830,38.602,-96.087
66833,38.696,-96.195
66834,38.862,-96.437
66835,38.543,-96.258
66838,38.555,-96.801
66839,38.217,-95.748
66840,38.064,-96.873
66842,38.01,-96.651
66843,38.222,-96.74
66845,38.299,-96.508
66846,38.647,-96.47
66849,38.877,-96.59
66850,38.434,-96.744
66851,38.218,-96.919
66852,38.064,-95.896
66853,38.002,-96.235
66854,38.251,-95.98
66856,38.398,-95.812
66857,38.094,-95.632
66858,38.48,-96.933
66859,38.558,-96.962
66860,38.127,-96.166
66861,38.368,-97.009
66862,38.155,-96.556
66863,37.833,-96.082
66864,38.355,-95.981
66865,38.224,-96.293
66866,38.173,-97.107
66868,38.545,-95.979
66869,38.469,-96.515
66870,37.944,-96.03
66871,38.363,-95.61
66872,38.791,-96.769
66873,38.619,-96.68
66901,39.56,-97.639
66930,39.707,-97.479
66932,39.779,-98.931
66933,39.675,-96.872
66935,39.841,-97.632
66936,39.921,-98.316
66937,39.589,-97.272
66938,39.574,-97.414
66939,39.853,-97.904
66940,39.808,-97.449
66941,39.836,-98.439
66942,39.805,-98.001
66943,39.672,-96.966
66944,39.84,-97.303
66945,39.887,-96.878
66946,39.966,-97.005
66948,39.598,-97.852
66949,39.644,-98.186
66951,39.844,-99.017
66952,39.836,-98.605
66953,39.69,-97.107
66955,39.968,-97.298
66956,39.794,-98.228
66958,39.889,-97.177
66959,39.923,-97.53
66960,39.937,-97.435
66962,39.599,-97.114
66963,39.636,-97.999
66964,39.941,-97.805
66966,39.775,-97.766
66967,39.82,-98.794
66968,39.825,-97.066
66970,39.948,-98.034
67001,37.757,-97.635
67002,37.701,-97.107
67003,37.099,-98.074
67004,37.279,-97.753
67005,37.065,-96.996
67008,37.487,-96.779
67009,37.225,-98.269
67010,37.663,-96.965
67012,37.674,-96.544
67013,37.382,-97.268
67016,37.887,-97.515
67017,37.826,-97.112
67018,37.071,-97.854
67019,37.307,-96.778
67020,38.008,-97.676
67021,37.778,-98.915
67022,37.077,-97.627
67023,37.346,-96.592
67024,37.111,-96.486
67025,37.642,-97.785
67026,37.511,-97.492
67028,37.459,-98.936
67029,37.171,-99.28
67030,37.786,-97.547
67031,37.399,-97.64
67035,37.649,-98.388
67036,37.298,-97.877
67037,37.572,-97.217
67038,37.102,-96.724
67039,37.528,-96.974
67041,38.054,-97.13
67042,37.857,-96.781
67045,37.866,-96.345
67047,37.632,-96.073
67049,37.177,-97.846
67050,37.674,-97.676
67051,37.089,-97.197
67052,37.658,-97.576
67053,38.247,-97.346
67054,37.575,-99.316
67055,37.79,-97.198
67056,38.022,-97.525
67057,37.071,-98.78
67058,37.318,-98.061
67059,37.637,-99.097
67060,37.543,-97.364
67061,37.093,-98.382
67062,38.145,-97.437
67063,38.341,-97.234
67065,37.465,-98.516
67066,37.77,-98.767
67067,37.795,-97.266
67068,37.617,-98.106
67070,37.079,-98.526
67071,37.263,-98.882
67072,37.545,-96.607
67073,38.384,-97.327
67074,37.671,-96.724
67101,37.785,-97.464
67103,37.266,-97.561
67104,37.265,-98.664
67105,37.233,-97.676
67106,37.467,-97.757
67107,38.194,-97.548
67108,37.816,-97.691
67109,37.561,-99.486
67110,37.466,-97.227
67111,37.615,-97.937
67112,37.467,-98.419
67114,38.076,-97.289
67117,38.074,-97.346
67118,37.482,-97.854
67119,37.239,-97.195
67120,37.469,-97.373
67122,37.619,-96.428
67123,37.949,-96.997
67124,37.634,-98.774
67127,37.165,-99.487
67131,37.427,-96.955
67132,37.851,-96.585
67133,37.57,-97.107
67134,37.49,-98.675
67135,37.918,-97.46
67137,37.634,-96.222
67138,37.276,-98.416
67140,37.079,-97.356
67142,37.453,-98.114
67143,37.342,-98.963
67144,37.819,-97.003
67146,37.384,-97.105
67147,37.861,-97.313
67149,37.54,-97.626
67150,37.007,-98.222
67151,38.142,-97.257
67152,37.261,-97.428
67154,37.978,-97.125
67155,37.275,-99.138
67156,37.256,-96.961
67159,37.428,-98.309
67202,37.687,-97.335
67203,37.701,-97.366
67204,37.762,-97.359
67205,37.749,-97.424
67206,37.704,-97.225
67207,37.666,-97.227
67208,37.704,-97.279
67209,37.651,-97.429
67210,37.63,-97.246
67211,37.667,-97.317
67212,37.702,-97.439
67213,37.667,-97.364
67214,37.707,-97.318
67215,37.615,-97.42
67216,37.611,-97.313
67217,37.618,-97.362
67218,37.669,-97.28
67219,37.771,-97.319
67220,37.751,-97.278
67223,37.742,-97.496
67226,37.773,-97.213
67227,37.628,-97.5
67228,37.769,-97.17
67230,37.688,-97.174
67232,37.636,-97.17
67235,37.689,-97.5
67260,37.719,-97.294
67301,37.208,-95.756
67330,37.158,-95.309
67332,37.043,-95.237
67333,37.045,-95.882
67334,37.024,-96.177
67335,37.275,-95.527
67336,37.096,-95.064
67337,37.054,-95.598
67340,37.06,-95.713
67341,37.344,-95.428
67342,37.06,-95.357
67344,37.287,-95.954
67345,37.378,-96.199
67346,37.324,-96.431
67347,37.154,-95.952
67349,37.494,-96.298
67351,37.144,-95.569
67352,37.407,-96.023
67353,37.308,-96.317
67354,37.209,-95.409
67355,37.047,-96.011
67356,37.176,-95.146
67357,37.346,-95.262
67360,37.038,-96.107
67361,37.138,-96.218
67363,37.339,-95.723
67364,37.06,-95.81
67401,38.832,-97.655
67410,38.956,-97.219
67416,38.673,-97.582
67417,39.445,-97.545
67418,39.175,-98.046
67420,39.401,-98.085
67422,39.021,-97.585
67423,38.951,-97.975
67425,38.782,-97.908
67427,38.498,-98.399
67428,38.37,-97.418
67430,39.531,-98.425
67431,38.951,-97.012
67432,39.329,-97.193
67436,39.27,-97.736
67437,39.515,-98.556
67438,38.496,-97.283
67439,38.75,-98.22
67441,38.879,-97.103
67442,38.656,-97.772
67443,38.381,-97.526
67444,38.545,-98.136
67445,39.371,-97.824
67446,39.474,-98.305
67447,39.486,-96.972
67448,38.65,-97.413
67449,38.677,-96.894
67450,38.615,-98.451
67451,38.703,-97.122
67452,39.24,-98.372
67454,38.699,-98.112
67455,39.02,-98.165
67456,38.601,-97.675
67457,38.394,-97.993
67458,39.171,-97.304
67459,38.601,-98.34
67460,38.383,-97.699
67464,38.559,-97.897
67466,39.328,-97.472
67467,39.142,-97.696
67468,39.459,-97.257
67470,38.923,-97.508
67473,39.379,-98.741
67474,39.577,-98.717
67475,38.59,-97.055
67478,39.386,-97.939
67480,38.966,-97.401
67481,39.006,-98.382
67482,39.027,-97.26
67483,38.557,-97.204
67484,38.994,-97.845
67485,39.283,-98.502
67487,39.179,-97.071
67490,38.789,-98.44
67491,38.383,-97.902
67492,38.809,-96.963
67501,37.977,-97.926
67502,38.127,-97.93
67505,38.031,-97.946
67510,38.006,-98.206
67511,38.432,-99.047
67512,38.225,-98.335
67513,38.445,-99.538
67514,37.862,-98.202
67515,38.625,-100.069
67516,38.393,-99.687
67518,38.415,-100.167
67519,37.93,-99.091
67520,38.59,-99.188
67521,38.628,-99.713
67522,38.122,-97.748
67523,38.199,-99.544
67524,38.369,-98.379
67525,38.573,-98.563
67526,38.314,-98.502
67529,38.076,-99.254
67530,38.352,-98.794
67543,37.878,-97.799
67544,38.587,-98.759
67545,38.166,-98.611
67546,38.236,-97.819
67547,37.931,-99.456
67548,38.59,-99.345
67550,38.185,-99.125
67552,37.866,-99.228
67553,38.679,-99.304
67554,38.372,-98.195
67556,38.616,-99.524
67557,37.935,-98.958
67559,38.386,-99.455
67560,38.399,-99.939
67561,38.109,-98.097
67563,37.844,-99.556
67564,38.531,-98.931
67565,38.601,-99.044
67566,37.933,-98.097
67567,38.272,-98.979
67568,38.006,-98.317
67570,37.787,-97.964
67572,38.689,-99.917
67573,38.265,-98.424
67574,38.226,-99.385
67575,38.412,-99.258
67576,38.036,-98.795
67578,37.991,-98.574
67579,38.189,-98.236
67581,37.978,-98.409
67583,37.799,-98.475
67584,38.682,-100.164
67601,38.877,-99.35
67621,39.821,-99.133
67622,39.896,-99.735
67623,39.444,-98.954
67625,39.389,-99.686
67626,38.882,-98.717
67628,39.627,-99.002
67629,39.7,-100.199
67631,39.009,-100.081
67632,39.344,-99.581
67634,38.819,-98.609
67635,39.59,-100.434
67637,38.938,-99.605
67638,39.614,-98.855
67639,39.636,-99.308
67640,38.914,-99.049
67642,39.359,-99.844
67643,39.677,-100.304
67644,39.644,-99.158
67645,39.59,-99.874
67646,39.638,-99.577
67647,39.935,-99.545
67648,39.087,-98.58
67649,39.127,-98.68
67650,39.373,-100.103
67651,39.213,-99.053
67653,39.907,-100.208
67654,39.824,-99.949
67656,38.99,-99.756
67657,39.202,-99.617
67658,39.103,-98.947
67659,39.323,-100.005
67660,38.718,-99.157
67661,39.821,-99.319
67663,39.213,-99.354
67664,39.818,-99.583
67665,38.849,-98.883
67667,38.713,-99.333
67669,39.458,-99.344
67671,38.847,-99.135
67672,39.008,-99.912
67673,39.152,-98.819
67674,38.864,-99.069
67675,39.446,-99.09
67701,39.395,-101.061
67730,39.809,-101.111
67731,39.766,-101.537
67732,39.425,-101.344
67733,39.319,-101.513
67734,39.524,-100.896
67735,39.345,-101.753
67736,38.851,-100.479
67737,39.129,-100.478
67738,38.982,-100.639
67739,39.878,-100.813
67740,39.375,-100.368
67741,39.403,-101.995
67743,39.373,-101.247
67744,39.844,-100.94
67745,39.808,-101.345
67747,39.042,-101.065
67748,39.04,-100.86
67749,39.835,-100.563
67751,39.126,-100.346
67752,38.995,-100.251
67753,39.433,-100.748
67756,39.797,-101.837
67757,39.553,-100.617
67758,38.857,-101.764
67761,38.969,-101.532
67762,38.906,-101.975
67764,38.926,-101.21
67801,37.724,-100.057
67831,37.186,-99.796
67834,37.519,-99.633
67835,37.967,-100.326
67836,38.021,-102.008
67837,37.555,-100.675
67838,38.084,-101.128
67839,38.471,-100.442
67840,37.057,-100.044
67841,37.635,-100.243
67842,37.561,-99.77
67843,37.73,-99.937
67844,37.386,-100.195
67846,38.034,-100.768
67849,38.151,-99.709
67850,38.587,-100.614
67851,38.068,-101.021
67853,37.886,-100.528
67854,38.102,-100.018
67855,37.552,-101.685
67857,37.981,-101.555
67859,37.235,-100.77
67860,38.008,-101.307
67861,38.47,-101.383
67862,37.569,-101.913
67863,38.573,-101.217
67864,37.177,-100.317
67865,37.436,-99.968
67867,37.57,-100.464
67868,37.821,-100.709
67869,37.236,-100.566
67870,37.522,-101.003
67871,38.511,-100.888
67876,37.863,-99.743
67877,37.555,-100.844
67878,38.028,-101.828
67879,38.48,-101.806
67880,37.582,-101.324
67882,37.804,-99.88
67901,37.098,-100.913
67950,37.047,-101.868
67951,37.159,-101.343
67952,37.297,-101.151
67953,37.251,-101.891
67954,37.209,-101.641
68001,41.331,-96.96
68002,41.499,-96.338
68003,41.081,-96.383
68004,42.01,-96.623
68005,41.143,-95.893
68007,41.367,-96.19
68008,41.547,-96.163
68010,41.255,-96.133
68014,41.282,-96.962
68015,41.386,-96.643
68016,41.041,-96.105
68017,41.054,-96.658
68018,41.302,-96.615
68019,41.781,-96.375
68020,41.971,-96.264
68022,41.28,-96.251
68023,41.447,-96.018
68025,41.437,-96.488
68028,41.105,-96.258
68029,41.657,-96.274
68030,42.322,-96.465
68031,41.641,-96.525
68033,41.125,-96.511
68034,41.46,-96.225
68036,41.387,-96.952
68037,40.984,-96.13
68038,41.947,-96.453
68039,42.118,-96.346
68040,41.283,-96.735
68041,41.241,-96.493
68042,41.099,-96.438
68044,41.552,-96.442
68045,41.826,-96.492
68046,41.122,-96.053
68047,42.111,-96.733
68048,40.984,-95.942
68050,41.3,-96.842
68055,42.054,-96.472
68057,41.662,-96.724
68058,41.006,-96.245
68059,41.064,-96.159
68061,41.793,-96.208
68062,42.199,-96.678
68063,41.735,-96.497
68064,41.356,-96.358
68065,41.069,-96.839
68066,41.187,-96.628
68067,42.16,-96.483
68068,41.398,-96.209
68069,41.241,-96.316
68070,41.197,-96.801
68071,42.236,-96.471
68072,41.609,-96.505
68073,41.256,-96.415
68102,41.262,-95.934
68104,41.295,-96.002
68105,41.241,-95.964
68106,41.239,-96.002
68107,41.21,-95.954
68108,41.238,-95.93
68110,41.302,-95.893
68111,41.295,-95.965
68112,41.375,-95.959
68113,41.118,-95.906
68114,41.263,-96.05
68116,41.298,-96.167
68117,41.207,-96.001
68118,41.263,-96.178
68122,41.373,-96.049
68123,41.102,-95.944
68124,41.235,-96.051
68127,41.206,-96.05
68128,41.182,-96.065
68130,41.234,-96.195
68131,41.265,-95.964
68132,41.262,-96.001
68133,41.113,-95.995
68134,41.301,-96.049
68135,41.207,-96.194
68136,41.169,-96.187
68137,41.206,-96.119
68138,41.155,-96.129
68142,41.371,-96.107
68144,41.235,-96.118
68147,41.173,-95.96
68152,41.367,-95.997
68154,41.265,-96.114
68157,41.178,-95.994
68164,41.297,-96.107
68178,41.266,-95.948
68301,40.459,-96.532
68303,40.268,-97.429
68304,40.879,-96.398
68305,40.37,-95.865
68307,40.789,-96.131
68309,40.056,-96.567
68310,40.25,-96.749
68313,40.784,-97.271
68314,41.011,-97.036
68315,40.253,-97.544
68316,41.025,-97.626
68317,40.672,-96.507
68318,40.151,-96.638
68319,40.938,-97.76
68320,40.487,-95.939
68321,40.389,-95.688
68322,40.342,-97.55
68323,40.143,-96.382
68324,40.56,-96.292
68325,40.024,-97.753
68326,40.284,-97.684
68327,40.024,-97.624
68328,40.485,-96.835
68329,40.498,-96.169
68331,40.473,-96.715
68332,40.315,-96.4
68333,40.622,-96.949
68335,40.271,-97.794
68336,40.966,-96.691
68337,40.098,-95.832
68338,40.314,-97.265
68339,40.732,-96.87
68340,40.125,-97.755
68341,40.381,-96.92
68342,40.097,-96.946
68343,40.618,-97.132
68344,40.567,-96.4
68345,40.041,-96.025
68346,40.658,-96.025
68347,40.805,-96.426
68348,40.31,-96.133
68349,40.832,-96.297
68350,40.041,-97.07
68351,40.661,-97.435
68352,40.142,-97.229
68354,40.639,-97.577
68355,40.109,-95.568
68357,40.313,-96.548
68358,40.531,-96.608
68359,40.631,-97.285
68360,40.951,-96.956
68361,40.512,-97.599
68362,40.152,-97.441
68364,40.833,-97.219
68365,40.605,-97.718
68366,40.974,-96.435
68367,41.04,-97.397
68368,40.561,-96.821
68370,40.14,-97.548
68371,40.771,-97.79
68372,40.609,-96.604
68375,40.033,-97.456
68376,40.174,-95.945
68377,40.217,-97.019
68378,40.386,-96.018
68379,40.52,-95.867
68380,40.242,-96.384
68381,40.077,-96.481
68382,40.597,-96.024
68401,40.739,-97.591
68402,40.908,-96.857
68403,40.921,-96.168
68404,40.614,-96.753
68405,40.762,-97.073
68406,40.5,-97.386
68407,40.917,-96.267
68409,40.908,-95.954
68410,40.636,-95.884
68413,40.846,-96.026
68414,40.308,-95.666
68415,40.07,-96.821
68416,40.41,-97.46
68417,40.733,-96.094
68418,40.688,-96.403
68419,40.6,-96.511
68420,40.093,-96.209
68421,40.494,-95.744
68422,40.389,-96.695
68423,40.807,-96.957
68424,40.299,-97.016
68428,40.964,-96.793
68430,40.669,-96.663
68431,40.068,-95.438
68433,40.053,-95.738
68434,40.91,-97.117
68436,40.43,-97.738
68437,40.226,-95.644
68438,40.627,-96.745
68439,40.996,-97.207
68440,40.061,-97.002
68441,40.227,-96.242
68442,40.239,-95.773
68443,40.447,-96.35
68444,40.411,-97.577
68445,40.389,-97.079
68446,40.653,-96.175
68447,40.209,-96.073
68448,40.559,-96.024
68450,40.364,-96.23
68452,40.394,-97.852
68453,40.417,-97.326
68454,40.692,-96.288
68455,40.82,-95.897
68456,40.909,-97.321
68457,40.153,-95.699
68458,40.227,-96.509
68460,40.891,-97.435
68461,40.762,-96.511
68462,40.952,-96.52
68463,40.876,-96.129
68464,40.429,-97.207
68465,40.486,-97.022
68466,40.067,-96.643
68467,40.866,-97.596
68502,40.786,-96.698
68503,40.825,-96.674
68504,40.854,-96.66
68505,40.825,-96.619
68506,40.78,-96.64
68507,40.859,-96.615
68508,40.818,-96.704
68510,40.806,-96.636
68512,40.739,-96.708
68514,40.922,-96.653
68516,40.735,-96.643
68517,40.936,-96.615
68520,40.8,-96.552
68521,40.868,-96.705
68522,40.787,-96.764
68523,40.735,-96.758
68524,40.907,-96.787
68526,40.73,-96.582
68527,40.847,-96.524
68528,40.821,-96.82
68531,40.901,-96.723
68532,40.792,-96.843
68601,41.454,-97.398
68620,41.745,-98.077
68621,41.492,-96.639
68622,41.935,-98.623
68623,41.441,-98.152
68624,41.346,-97.229
68626,41.169,-96.992
68627,41.559,-98.174
68628,41.228,-97.837
68629,41.72,-97.133
68631,41.692,-97.343
68632,41.246,-97.132
68633,41.706,-96.896
68634,41.39,-97.493
68635,41.083,-97.016
68636,42.009,-98.153
68637,41.881,-98.722
68638,41.375,-97.993
68640,41.46,-97.786
68641,41.736,-97.015
68642,41.689,-97.514
68643,41.706,-97.263
68644,41.704,-97.67
68647,41.519,-97.628
68648,41.401,-96.8
68649,41.505,-96.785
68651,41.228,-97.57
68652,41.862,-98.045
68653,41.558,-97.486
68654,41.067,-97.779
68655,41.656,-98.243
68658,41.198,-97.281
68659,41.546,-96.935
68660,41.573,-97.87
68661,41.493,-97.089
68662,41.211,-97.418
68663,41.319,-97.685
68664,41.704,-96.787
68665,41.77,-98.392
68666,41.111,-97.611
68667,41.11,-97.305
68669,41.079,-97.237
68701,42.02,-97.443
68710,42.442,-96.859
68711,42.195,-99.039
68713,42.54,-98.96
68714,42.431,-99.494
68715,41.964,-97.61
68716,41.927,-96.823
68717,42.383,-97.222
68718,42.67,-97.692
68719,42.954,-98.56
68720,42.345,-98.015
68722,42.93,-98.869
68723,42.283,-97.208
68724,42.638,-97.894
68725,42.197,-98.778
68726,42.185,-98.21
68727,42.515,-97.202
68728,42.375,-96.947
68729,42.472,-97.905
68730,42.767,-97.535
68731,42.405,-96.473
68732,42.494,-96.979
68733,42.285,-96.725
68734,42.459,-98.804
68735,42.14,-98.466
68736,42.735,-97.368
68739,42.626,-97.27
68740,42.152,-97.296
68741,42.343,-96.594
68742,42.352,-98.529
68743,42.457,-96.624
68745,42.456,-97.084
68746,42.81,-98.437
68747,42.391,-97.496
68748,41.837,-97.475
68749,42.453,-97.475
68751,42.69,-96.981
68752,42.029,-97.724
68753,42.883,-99.413
68755,42.927,-99.13
68756,42.184,-97.98
68757,42.653,-96.928
68758,41.792,-97.786
68759,42.704,-99.311
68760,42.709,-97.875
68761,42.05,-97.962
68763,42.501,-98.608
68764,42.405,-98.232
68765,42.342,-97.614
68766,42.433,-98.403
68767,42.199,-97.554
68768,41.995,-97.066
68769,42.325,-97.811
68770,42.562,-96.765
68771,42.396,-97.36
68773,42.362,-98.119
68774,42.812,-97.275
68776,42.467,-96.447
68777,42.861,-98.688
68778,42.853,-99.798
68779,41.956,-97.199
68780,42.633,-99.128
68781,42.026,-97.864
68783,42.618,-98.159
68784,42.257,-96.891
68785,42.427,-96.724
68786,42.502,-97.557
68787,42.214,-97.031
68788,41.84,-96.721
68789,42.544,-97.97
68790,42.157,-97.182
68791,41.988,-96.984
68792,42.743,-97.108
68801,40.948,-98.292
68803,40.956,-98.415
68810,40.855,-98.464
68812,40.888,-99.284
68813,41.699,-99.856
68814,41.316,-99.413
68815,41.418,-99.144
68816,41.177,-98.133
68817,41.267,-98.794
68818,40.818,-98.006
68820,41.113,-98.701
68821,42.01,-99.768
68822,41.381,-99.632
68823,41.957,-99.156
68824,40.994,-98.598
68825,41.264,-99.968
68826,41.164,-98.016
68827,41.043,-98.181
68828,41.55,-99.237
68831,41.109,-98.555
68832,40.763,-98.369
68833,41.826,-100.205
68834,41.032,-99.659
68835,41.332,-98.617
68836,40.71,-99.374
68837,41.66,-99.077
68838,41.212,-98.662
68840,40.76,-98.878
68841,40.759,-98.171
68842,41.568,-98.501
68843,40.905,-97.891
68844,41.054,-99.063
68845,40.721,-99.165
68846,41.068,-97.895
68847,40.76,-99.017
68849,40.701,-99.109
68850,40.826,-99.74
68852,41.161,-99.125
68853,41.294,-98.992
68854,41.01,-98.002
68855,41.169,-99.326
68856,41.544,-99.769
68858,40.966,-99.376
68859,41.475,-98.825
68860,41.134,-99.795
68861,40.702,-99.259
68862,41.6,-98.936
68863,40.766,-99.532
68864,41.264,-98.235
68865,40.897,-98.179
68866,40.977,-99.124
68869,40.996,-98.884
68870,40.854,-99.167
68871,41.141,-98.853
68872,41.095,-98.334
68873,41.24,-98.454
68874,41.644,-99.419
68875,41.563,-98.671
68876,40.818,-98.755
68878,40.982,-99.518
68879,41.898,-99.51
68881,41.438,-99.352
68882,41.436,-98.391
68883,40.808,-98.597
68901,40.592,-98.373
68920,40.155,-99.34
68922,40.335,-99.896
68923,40.359,-99.468
68924,40.496,-99.119
68925,40.429,-98.43
68926,40.106,-99.84
68927,40.5,-99.634
68928,40.284,-98.607
68929,40.151,-99.05
68930,40.285,-98.416
68932,40.315,-98.723
68933,40.518,-98.023
68934,40.341,-98.135
68935,40.378,-97.962
68936,40.328,-99.771
68937,40.591,-99.882
68938,40.416,-98.117
68939,40.101,-98.969
68940,40.547,-99.247
68941,40.457,-98.278
68942,40.097,-98.301
68943,40.057,-97.907
68944,40.644,-98.095
68945,40.568,-98.778
68946,40.112,-99.986
68947,40.28,-99.048
68948,40.318,-100.021
68949,40.427,-99.389
68950,40.462,-98.669
68952,40.076,-98.663
68954,40.623,-98.234
68955,40.596,-98.543
68956,40.636,-98.691
68957,40.274,-98.246
68958,40.519,-99.497
68959,40.484,-98.916
68960,40.097,-99.136
68961,40.209,-98.044
68964,40.238,-97.912
68966,40.16,-99.467
68967,40.254,-99.624
68969,40.304,-99.283
68970,40.11,-98.51
68971,40.111,-99.248
68972,40.119,-98.811
68973,40.455,-98.565
68974,40.126,-97.868
68975,40.619,-97.949
68976,40.59,-99.728
68977,40.07,-99.631
68978,40.067,-98.097
68979,40.59,-97.851
68980,40.677,-98.251
68981,40.279,-98.896
68982,40.332,-99.18
69001,40.247,-100.644
69020,40.197,-100.301
69021,40.142,-101.54
69022,40.38,-100.192
69023,40.483,-101.908
69024,40.233,-100.847
69025,40.621,-100.509
69026,40.047,-100.43
69027,40.428,-101.543
69028,40.636,-100.054
69029,40.709,-100.253
69030,40.212,-101.92
69032,40.571,-101.014
69033,40.559,-101.676
69034,40.251,-100.434
69036,40.049,-100.274
69037,40.185,-101.406
69038,40.587,-100.746
69039,40.696,-100.392
69040,40.35,-101.125
69041,40.195,-101.765
69042,40.477,-100.405
69043,40.129,-101.255
69044,40.13,-101.016
69045,40.465,-101.369
69046,40.076,-100.087
69101,41.142,-100.801
69120,41.397,-100.218
69121,41.514,-101.689
69122,41.131,-102.102
69123,41.011,-100.372
69125,41.626,-102.825
69127,41.143,-101.932
69128,41.227,-103.929
69129,41.113,-102.409
69130,40.894,-99.953
69131,41.407,-102.974
69132,40.793,-100.958
69133,41.188,-103.46
69134,40.835,-101.376
69135,42.295,-100.22
69138,40.996,-100.177
69140,40.85,-101.773
69141,41.307,-102.955
69142,41.914,-100.305
69143,41.212,-101.042
69144,41.272,-101.537
69145,41.246,-103.668
69146,41.312,-101.773
69147,41.575,-102.093
69148,41.59,-102.598
69149,41.222,-102.677
69150,40.848,-101.543
69151,41.09,-100.495
69152,42.166,-101.215
69153,41.101,-101.676
69154,41.431,-102.352
69155,41.188,-101.389
69156,41.311,-103.332
69157,42.062,-100.153
69161,42.157,-100.781
69162,41.129,-103.017
69163,41.57,-100.542
69165,41.265,-101.207
69166,42.028,-100.609
69167,41.596,-101.006
69168,40.799,-101.987
69169,40.822,-101.161
69170,40.796,-100.744
69171,40.89,-100.071
69201,42.74,-100.567
69210,42.36,-99.924
69211,42.832,-101.303
69212,42.933,-100.801
69214,42.599,-100.1
69216,42.978,-100.984
69217,42.565,-99.667
69218,42.789,-101.675
69219,42.578,-101.203
69220,42.866,-100.13
69221,42.582,-100.301
69301,42.123,-102.881
69331,41.897,-102.991
69333,42.051,-101.967
69334,41.822,-103.29
69335,42.075,-102.11
69336,41.629,-103.167
69337,42.827,-103.013
69339,42.604,-103.413
69340,42.215,-102.208
69341,41.721,-103.633
69343,42.702,-102.033
69345,41.59,-103.745
69346,42.625,-103.793
69347,42.607,-102.684
69348,42.276,-103.35
69350,41.961,-101.765
69351,42.029,-102.422
69352,41.804,-103.974
69353,41.747,-103.417
69354,42.369,-103.604
69355,41.783,-103.506
69356,41.902,-103.451
69357,42.11,-103.768
69358,42.066,-103.968
69360,42.697,-102.467
69361,41.923,-103.623
69365,42.985,-102.505
69366,42.183,-101.586
69367,42.812,-103.33
70001,29.984,-90.167
70002,30.012,-90.163
70003,30.001,-90.21
70005,29.999,-90.134
70006,30.014,-90.191
70030,29.819,-90.44
70031,29.943,-90.296
70032,29.959,-89.997
70036,29.714,-90.121
70037,29.827,-90.025
70038,29.349,-89.439
70039,29.887,-90.389
70040,29.745,-89.938
70041,29.34,-89.482
70043,29.948,-89.963
70047,29.969,-90.367
70049,30.031,-90.571
70050,29.38,-89.59
70051,30.086,-90.648
70052,30.055,-90.695
70053,29.913,-90.053
70056,29.887,-90.027
70057,29.962,-90.464
70058,29.869,-90.065
70062,29.992,-90.258
70065,30.027,-90.253
70067,29.711,-90.097
70068,30.156,-90.437
70070,29.83,-90.311
70071,30.052,-90.706
70072,29.836,-90.11
70075,29.934,-89.922
70076,30.062,-90.65
70079,30.003,-90.41
70080,29.884,-90.434
70082,29.564,-89.75
70083,29.463,-89.895
70084,30.076,-90.567
70085,29.837,-89.737
70086,30.036,-90.865
70087,29.976,-90.315
70090,29.969,-90.701
70091,29.119,-89.271
70092,29.899,-89.895
70094,29.916,-90.208
70112,29.957,-90.077
70113,29.943,-90.083
70114,29.937,-90.032
70115,29.924,-90.102
70116,29.967,-90.065
70117,29.968,-90.03
70118,29.945,-90.126
70119,29.975,-90.087
70121,29.96,-90.163
70122,30.013,-90.063
70123,29.95,-90.206
70124,30.007,-90.104
70125,29.952,-90.103
70126,30.018,-90.021
70127,30.024,-89.978
70128,30.051,-89.956
70129,30.081,-89.813
70130,29.937,-90.07
70131,29.906,-89.958
70139,29.95,-90.071
70163,29.95,-90.075
70301,29.808,-90.75
70339,29.91,-91.183
70340,29.67,-91.105
70341,30.033,-91.067
70342,29.693,-91.238
70343,29.548,-90.557
70344,29.177,-90.515
70345,29.548,-90.259
70346,30.154,-91.003
70352,29.684,-90.94
70353,29.358,-90.7
70354,29.453,-90.282
70355,29.717,-90.469
70356,29.632,-90.971
70357,29.242,-90.219
70358,29.215,-90.028
70359,29.694,-90.777
70360,29.579,-90.805
70363,29.538,-90.705
70364,29.628,-90.682
70372,29.783,-90.989
70373,29.598,-90.319
70374,29.605,-90.502
70375,29.69,-90.536
70377,29.347,-90.503
70380,29.732,-91.134
70390,29.897,-91.031
70391,29.991,-91.061
70392,29.731,-91.318
70393,29.991,-91.007
70394,29.693,-90.616
70395,29.697,-90.862
70397,29.397,-90.791
70401,30.534,-90.455
70402,30.516,-90.47
70403,30.486,-90.488
70420,30.485,-89.953
70422,30.735,-90.481
70426,30.926,-89.859
70427,30.744,-89.912
70431,30.617,-89.967
70433,30.459,-90.156
70435,30.557,-90.107
70436,30.793,-90.522
70437,30.62,-90.209
70438,30.846,-90.111
70441,30.86,-90.749
70442,30.693,-90.334
70443,30.633,-90.535
70444,30.897,-90.489
70445,30.375,-89.91
70446,30.63,-90.35
70447,30.423,-90.206
70448,30.362,-90.039
70449,30.274,-90.67
70450,30.929,-90.267
70451,30.548,-90.481
70452,30.421,-89.799
70453,30.701,-90.765
70454,30.363,-90.359
70455,30.53,-90.324
70456,30.787,-90.505
70458,30.262,-89.794
70460,30.298,-89.841
70461,30.231,-89.717
70462,30.376,-90.581
70463,30.658,-89.904
70464,30.551,-89.919
70465,30.856,-90.524
70466,30.569,-90.501
70471,30.407,-90.063
70501,30.242,-91.991
70503,30.171,-92.055
70506,30.195,-92.081
70507,30.278,-92.028
70508,30.155,-92.028
70510,29.895,-92.193
70512,30.416,-91.92
70513,29.9,-91.903
70514,29.85,-91.547
70515,30.452,-92.578
70516,30.371,-92.304
70517,30.298,-91.834
70518,30.135,-91.927
70519,30.08,-91.897
70520,30.331,-92.034
70523,29.872,-91.44
70524,30.557,-92.311
70525,30.412,-92.219
70526,30.21,-92.38
70528,29.94,-91.985
70529,30.202,-92.162
70531,30.234,-92.517
70532,30.453,-92.697
70533,29.89,-92.046
70534,30.217,-92.438
70535,30.463,-92.42
70537,30.252,-92.57
70538,29.806,-91.498
70541,30.427,-92.048
70542,30.01,-92.585
70543,30.335,-92.501
70544,29.904,-91.662
70546,30.266,-92.674
70548,29.813,-92.405
70549,30.069,-92.805
70550,30.519,-92.188
70552,30.068,-91.673
70554,30.618,-92.484
70555,30.081,-92.146
70556,30.196,-92.557
70558,30.101,-92.076
70559,30.129,-92.503
70560,29.922,-91.879
70563,30.017,-91.71
70570,30.534,-92.105
70575,29.949,-92.158
70576,30.781,-92.418
70577,30.55,-91.934
70578,30.232,-92.262
70580,30.675,-92.428
70581,30.251,-92.731
70582,30.162,-91.784
70583,30.261,-92.124
70584,30.389,-92.097
70585,30.878,-92.408
70586,30.747,-92.328
70589,30.68,-92.003
70591,30.258,-92.833
70592,30.081,-92.012
70601,30.227,-93.215
70605,30.129,-93.274
70607,30.038,-93.19
70611,30.348,-93.204
70615,30.255,-93.127
70630,30.026,-93.017
70631,29.853,-93.568
70632,29.837,-93.058
70633,30.426,-93.391
70634,30.793,-93.24
70637,30.698,-92.963
70638,30.849,-92.797
70639,30.978,-93.491
70640,30.372,-92.905
70643,29.821,-92.812
70644,30.792,-92.946
70645,29.928,-93.474
70646,30.089,-92.919
70647,30.255,-93.024
70648,30.505,-92.889
70650,30.237,-92.923
70651,30.572,-92.961
70652,30.608,-93.267
70653,30.667,-93.562
70654,30.664,-92.884
70655,30.661,-92.732
70656,30.961,-92.968
70657,30.503,-93.153
70658,30.528,-93.043
70659,30.922,-93.284
70660,30.556,-93.445
70661,30.355,-93.65
70662,30.8,-92.993
70663,30.29,-93.372
70665,30.122,-93.451
70668,30.188,-93.598
70669,30.242,-93.272
70706,30.607,-90.907
70710,30.354,-91.259
70711,30.525,-90.592
70712,30.97,-91.597
70714,30.587,-91.128
70715,30.763,-91.677
70719,30.363,-91.3
70721,30.223,-91.08
70722,30.855,-90.946
70723,30.06,-90.84
70725,30.128,-90.959
70726,30.426,-90.886
70729,30.588,-91.345
70730,30.81,-91.095
70732,30.619,-91.608
70733,30.299,-90.813
70734,30.207,-90.997
70736,30.632,-91.338
70737,30.222,-90.922
70739,30.601,-90.965
70740,30.31,-91.44
70743,30.031,-90.779
70744,30.553,-90.674
70747,30.874,-91.676
70748,30.818,-91.194
70749,30.65,-91.395
70750,30.501,-91.766
70752,30.587,-91.407
70753,30.942,-91.732
70754,30.407,-90.75
70755,30.593,-91.53
70756,30.547,-91.614
70757,30.489,-91.519
70759,30.697,-91.579
70760,30.707,-91.449
70761,30.975,-91.038
70762,30.578,-91.465
70763,30.045,-90.742
70764,30.217,-91.283
70767,30.481,-91.331
70769,30.307,-90.941
70770,30.644,-90.997
70772,30.437,-91.469
70773,30.61,-91.363
70774,30.215,-90.762
70775,30.858,-91.369
70776,30.266,-91.086
70777,30.74,-91.079
70778,30.158,-90.863
70780,30.299,-91.185
70782,30.952,-91.512
70783,30.685,-91.404
70785,30.557,-90.819
70787,30.962,-91.441
70788,30.14,-91.173
70789,30.941,-91.083
70791,30.652,-91.154
70801,30.45,-91.186
70802,30.444,-91.178
70803,30.414,-91.178
70805,30.489,-91.158
70806,30.449,-91.125
70807,30.544,-91.22
70808,30.404,-91.139
70809,30.394,-91.071
70810,30.332,-91.092
70811,30.538,-91.135
70812,30.501,-91.11
70814,30.485,-91.068
70815,30.455,-91.066
70816,30.432,-91.022
70817,30.375,-90.98
70818,30.543,-91.05
70819,30.472,-91.01
70820,30.365,-91.204
70836,30.391,-91.09
71001,32.592,-92.889
71003,32.63,-93.031
71004,32.749,-93.86
71006,32.723,-93.63
71007,32.363,-94.007
71008,32.347,-92.969
71016,32.224,-93.116
71018,32.824,-93.427
71019,32.049,-93.317
71021,32.968,-93.447
71023,32.476,-93.41
71024,32.498,-93.202
71027,32.253,-93.64
71028,32.49,-93.084
71029,32.837,-93.841
71030,32.196,-93.785
71031,32.003,-92.904
71032,32.095,-93.795
71033,32.412,-94.011
71034,32.181,-93.311
71037,32.475,-93.488
71038,32.952,-93.063
71039,32.43,-93.29
71040,32.767,-93.015
71043,32.886,-93.888
71044,32.954,-93.882
71045,32.332,-93.185
71046,32.163,-93.949
71047,32.29,-93.915
71048,32.839,-92.846
71049,32.009,-93.967
71051,32.319,-93.478
71052,32.004,-93.663
71055,32.677,-93.293
71060,32.654,-93.981
71061,32.778,-93.954
71063,31.911,-93.515
71064,32.913,-93.68
71065,31.803,-93.503
71067,32.6,-93.505
71068,32.277,-93.303
71069,32.968,-93.988
71070,32.101,-93.007
71071,32.922,-93.457
71072,32.937,-93.311
71073,32.514,-93.311
71075,32.997,-93.506
71078,32.257,-93.782
71079,32.933,-92.808
71082,32.833,-93.965
71101,32.506,-93.747
71103,32.492,-93.772
71104,32.484,-93.732
71105,32.457,-93.71
71106,32.378,-93.731
71107,32.596,-93.86
71108,32.443,-93.788
71109,32.468,-93.814
71110,32.505,-93.596
71111,32.573,-93.697
71112,32.453,-93.621
71115,32.269,-93.58
71118,32.394,-93.804
71119,32.491,-93.925
71129,32.386,-93.914
71201,32.533,-92.106
71202,32.4,-92.057
71203,32.582,-92.018
71209,32.529,-92.07
71219,32.326,-91.693
71220,32.865,-91.909
71222,32.826,-92.657
71223,32.889,-91.655
71225,32.512,-92.339
71226,32.251,-92.438
71227,32.535,-92.472
71229,32.632,-91.897
71232,32.405,-91.466
71233,32.325,-90.932
71234,32.645,-92.331
71235,32.69,-92.674
71237,32.597,-91.495
71238,32.363,-92.375
71241,32.779,-92.352
71243,31.952,-91.816
71245,32.534,-92.726
71247,32.274,-92.722
71250,32.955,-91.583
71251,32.221,-92.677
71253,32.991,-91.309
71254,32.796,-91.253
71256,32.95,-92.721
71259,32.259,-91.849
71260,32.908,-92.235
71261,32.772,-91.698
71263,32.872,-91.426
71264,32.601,-91.773
71266,32.695,-91.504
71268,32.346,-92.737
71269,32.441,-91.794
71270,32.49,-92.644
71272,32.527,-92.649
71275,32.512,-92.817
71276,32.57,-91.148
71277,32.943,-92.551
71279,32.487,-91.857
71280,32.718,-92.101
71282,32.359,-91.181
71286,32.659,-91.199
71291,32.566,-92.173
71292,32.397,-92.215
71295,32.149,-91.707
71301,31.274,-92.467
71302,31.197,-92.37
71303,31.281,-92.547
71316,31.242,-91.741
71322,30.871,-92.176
71323,31.268,-92.212
71325,30.999,-92.322
71326,31.777,-91.604
71327,30.992,-92.001
71328,31.355,-92.176
71331,31.257,-92.113
71333,30.91,-92.072
71334,31.663,-91.558
71336,32.027,-91.592
71339,31.014,-91.932
71340,31.76,-91.808
71341,31.065,-92.168
71342,31.605,-92.141
71343,31.521,-91.899
71345,30.728,-91.975
71346,31.118,-92.375
71350,31.068,-92.074
71351,31.184,-91.961
71353,30.773,-91.789
71354,31.404,-91.75
71355,31.081,-91.844
71356,30.816,-92.041
71357,32.119,-91.299
71358,30.692,-91.87
71360,31.328,-92.355
71362,30.899,-91.961
71366,31.937,-91.337
71367,30.882,-92.298
71368,31.88,-91.682
71369,30.93,-91.877
71371,31.682,-92.255
71373,31.313,-91.609
71375,31.874,-91.487
71377,31.611,-91.786
71378,31.942,-91.709
71401,31.797,-91.946
71403,31.213,-93.433
71404,31.747,-92.752
71405,31.41,-92.402
71406,31.733,-93.505
71407,31.511,-92.486
71409,31.311,-92.689
71410,31.965,-92.771
71411,31.905,-93.091
71414,31.828,-93.024
71416,31.54,-92.897
71417,31.508,-92.65
71418,32.154,-92.067
71419,31.819,-93.711
71422,32.075,-92.666
71423,31.608,-92.568
71424,31.198,-92.69
71425,31.884,-91.864
71426,31.499,-93.46
71427,31.394,-92.896
71429,31.409,-93.435
71430,31.045,-92.496
71432,31.75,-92.468
71433,31.001,-92.639
71435,32.032,-92.166
71438,31.123,-92.824
71439,31.337,-93.396
71441,31.952,-92.153
71446,31.167,-93.187
71447,31.439,-92.813
71449,31.545,-93.511
71450,31.778,-93.415
71452,31.583,-92.945
71454,31.691,-92.858
71455,31.403,-92.99
71456,31.642,-92.978
71457,31.742,-93.106
71459,31.049,-93.224
71461,31.118,-93.29
71462,31.657,-93.721
71463,30.81,-92.61
71465,31.877,-92.179
71466,31.215,-92.749
71467,31.563,-92.387
71468,31.481,-93.149
71469,31.694,-93.271
71472,31.169,-92.787
71473,32.06,-92.436
71474,31.275,-93.013
71479,31.849,-92.368
71480,31.861,-92.29
71483,31.892,-92.658
71485,31.157,-92.542
71486,31.651,-93.619
71601,34.179,-91.892
71602,34.266,-92.145
71603,34.121,-92.088
71630,33.62,-91.207
71631,33.58,-92.265
71635,33.131,-91.997
71638,33.521,-91.485
71639,33.901,-91.52
71640,33.101,-91.278
71642,33.387,-91.887
71643,34.017,-91.576
71644,34.098,-91.705
71646,33.236,-91.788
71647,33.364,-92.114
71651,33.327,-92.296
71652,33.933,-92.333
71653,33.343,-91.252
71654,33.621,-91.371
71655,33.64,-91.75
71658,33.316,-91.562
71659,34.144,-91.776
71660,33.759,-92.203
71661,33.151,-91.55
71662,33.843,-91.507
71663,33.226,-91.429
71665,33.93,-92.11
71666,33.761,-91.282
71667,33.924,-91.837
71670,33.716,-91.391
71671,33.602,-92.096
71674,33.837,-91.175
71675,33.592,-91.938
71676,33.052,-91.568
71677,33.762,-91.481
71701,33.586,-92.82
71711,33.638,-92.72
71720,33.786,-92.655
71722,33.722,-93.175
71724,33.328,-92.536
71725,34.05,-92.558
71726,33.672,-92.986
71730,33.199,-92.627
71740,33.077,-93.167
71742,33.853,-92.449
71743,33.889,-93.098
71744,33.497,-92.48
71745,33.501,-92.396
71747,33.061,-92.203
71749,33.072,-92.819
71751,33.411,-92.76
71752,33.391,-93.192
71753,33.226,-93.185
71758,33.309,-92.915
71759,33.321,-92.644
71762,33.343,-92.768
71763,33.916,-92.805
71764,33.432,-93.049
71765,33.142,-92.332
71766,33.725,-92.507
71770,33.388,-93.317
71772,33.833,-93.126
71801,33.646,-93.599
71820,33.799,-94.273
71822,33.663,-94.156
71823,33.829,-94.123
71825,33.878,-93.556
71826,33.093,-93.723
71827,33.425,-93.397
71832,34.037,-94.351
71833,34.142,-94.041
71834,33.115,-93.958
71835,33.644,-93.429
71836,33.715,-94.398
71837,33.255,-93.845
71838,33.652,-93.812
71839,33.335,-93.729
71841,34.162,-94.34
71842,33.903,-94.285
71845,33.316,-93.644
71846,33.944,-94.128
71847,33.926,-93.637
71851,33.857,-93.943
71852,33.998,-93.856
71853,33.594,-93.938
71854,33.451,-93.882
71855,33.865,-93.751
71857,33.801,-93.338
71858,33.585,-93.264
71859,33.744,-93.91
71860,33.29,-93.49
71861,33.101,-93.5
71862,33.78,-93.728
71865,33.741,-94.15
71866,33.877,-94.406
71901,34.526,-92.974
71909,34.644,-92.998
71913,34.449,-93.094
71921,34.244,-93.391
71922,34.023,-93.413
71923,34.085,-93.045
71929,34.304,-93.16
71933,34.439,-93.343
71935,34.395,-93.751
71937,34.399,-94.39
71940,34.023,-93.52
71941,34.247,-92.949
71943,34.34,-93.607
71944,34.243,-94.333
71945,34.485,-94.34
71949,34.699,-93.221
71950,34.257,-93.718
71952,34.277,-93.821
71953,34.608,-94.197
71956,34.599,-93.153
71957,34.565,-93.575
71958,34.123,-93.665
71959,34.243,-93.932
71960,34.49,-93.711
71961,34.6,-93.838
71962,34.036,-93.323
71964,34.424,-93.241
71965,34.67,-93.747
71968,34.524,-93.29
71969,34.669,-93.629
71970,34.669,-93.489
71971,34.304,-94.034
71972,34.383,-94.277
71973,34.302,-94.319
71998,34.126,-93.055
71999,34.127,-93.059
72001,35.058,-92.886
72002,34.661,-92.528
72003,34.383,-91.39
72004,34.283,-91.779
72005,35.537,-91.07
72006,35.244,-91.36
72007,35.002,-91.983
72010,35.32,-91.538
72011,34.501,-92.466
72012,35.095,-91.908
72013,35.455,-92.368
72014,35.433,-91.112
72015,34.486,-92.585
72016,34.971,-92.633
72017,34.9,-91.416
72019,34.638,-92.685
72020,35.472,-91.47
72021,34.846,-91.217
72022,34.607,-92.489
72023,34.964,-92.064
72024,34.761,-91.742
72025,35.052,-92.999
72026,34.505,-91.295
72027,35.374,-92.573
72029,34.707,-91.239
72030,35.427,-92.676
72031,35.634,-92.532
72032,35.066,-92.363
72034,35.05,-92.486
72035,35.079,-92.457
72036,35.011,-91.273
72037,34.537,-91.875
72038,34.453,-91.238
72039,35.356,-92.397
72040,34.97,-91.533
72041,34.722,-91.467
72042,34.261,-91.324
72044,35.66,-92.165
72045,35.13,-92.032
72046,34.558,-91.951
72047,35.224,-92.211
72048,34.229,-91.145
72051,35.786,-92.321
72055,34.099,-91.354
72057,34.141,-92.31
72058,35.246,-92.374
72059,35.14,-91.315
72060,35.074,-91.599
72061,35.323,-92.3
72063,35.318,-92.79
72064,34.792,-91.609
72065,34.535,-92.286
72067,35.563,-92.155
72068,35.19,-91.711
72069,34.532,-91.138
72070,35.008,-92.707
72072,34.524,-91.74
72073,34.381,-91.669
72074,35.078,-91.095
72076,34.916,-92.141
72079,34.391,-92.174
72080,35.438,-92.835
72081,35.382,-91.67
72082,35.233,-91.674
72083,34.594,-92.009
72084,34.144,-92.668
72085,35.364,-91.829
72086,34.807,-91.908
72087,34.597,-92.826
72088,35.595,-92.268
72099,34.899,-92.141
72101,35.245,-91.162
72102,35.147,-91.83
72103,34.59,-92.39
72104,34.342,-92.822
72106,34.974,-92.526
72107,35.142,-92.536
72108,34.688,-91.066
72110,35.156,-92.781
72111,35.239,-92.131
72112,35.581,-91.23
72113,34.86,-92.398
72114,34.765,-92.26
72116,34.8,-92.245
72117,34.77,-92.145
72118,34.84,-92.326
72119,34.834,-92.292
72120,34.902,-92.241
72121,35.455,-91.786
72122,34.778,-92.808
72123,35.259,-91.235
72125,35.066,-92.791
72126,34.943,-92.916
72127,35.173,-92.606
72128,34.313,-92.621
72129,34.326,-92.543
72130,35.661,-92.056
72131,35.416,-92.19
72132,34.446,-92.205
72134,34.618,-91.351
72135,34.878,-92.54
72136,35.241,-92.005
72137,35.336,-92.042
72139,35.361,-91.508
72140,34.362,-91.167
72141,35.513,-92.672
72142,34.697,-92.044
72143,35.233,-91.736
72149,35.249,-91.726
72150,34.313,-92.394
72152,34.356,-91.979
72153,35.646,-92.326
72156,35.281,-92.685
72157,35.271,-92.557
72160,34.428,-91.529
72165,35.575,-91.458
72166,34.069,-91.222
72167,34.418,-92.647
72168,34.44,-91.972
72169,35.396,-91.227
72170,34.586,-91.418
72173,35.1,-92.211
72175,34.337,-91.764
72176,35.002,-91.835
72179,35.504,-91.856
72181,35.162,-92.445
72201,34.747,-92.28
72202,34.731,-92.233
72204,34.718,-92.358
72205,34.75,-92.351
72206,34.633,-92.235
72207,34.774,-92.346
72209,34.676,-92.345
72210,34.714,-92.508
72211,34.751,-92.418
72212,34.786,-92.415
72223,34.789,-92.512
72227,34.775,-92.375
72301,35.145,-90.189
72311,34.724,-90.891
72315,35.903,-89.903
72320,34.824,-90.525
72321,35.816,-89.945
72322,35.065,-90.822
72324,35.39,-90.787
72325,35.322,-90.246
72326,35.116,-90.908
72327,35.233,-90.334
72328,33.986,-91.091
72329,35.615,-89.988
72330,35.588,-90.21
72331,35.281,-90.466
72332,35.102,-90.309
72333,34.302,-90.867
72335,34.994,-90.746
72338,35.401,-90.154
72339,35.422,-90.268
72340,34.939,-91.028
72341,34.878,-90.769
72342,34.449,-90.684
72346,35.082,-90.484
72347,35.378,-91.014
72348,34.942,-90.418
72350,35.5,-90.129
72351,35.674,-90.096
72353,34.301,-91.007
72354,35.619,-90.319
72355,34.474,-90.798
72358,35.792,-89.892
72359,35.026,-90.722
72360,34.75,-90.781
72364,35.218,-90.189
72365,35.521,-90.45
72366,34.518,-90.961
72367,34.197,-90.944
72368,34.81,-91.023
72370,35.714,-90.028
72372,34.968,-90.951
72373,35.309,-90.594
72374,34.566,-90.833
72376,35.087,-90.3
72377,35.693,-90.336
72379,34.055,-91.041
72383,34.491,-91.04
72384,35.376,-90.219
72386,35.45,-90.366
72389,34.371,-90.912
72390,34.551,-90.679
72392,34.966,-91.101
72394,35.06,-90.614
72395,35.593,-90.081
72396,35.23,-90.823
72401,35.886,-90.657
72404,35.774,-90.779
72410,35.947,-91.098
72411,35.745,-90.576
72412,36.124,-90.694
72413,36.302,-90.822
72414,35.825,-90.374
72415,36.127,-91.175
72416,35.964,-90.796
72417,35.916,-90.54
72419,35.75,-90.354
72421,35.785,-90.972
72422,36.425,-90.519
72424,36.391,-90.736
72425,36.215,-90.739
72426,35.868,-90.042
72427,35.867,-90.936
72428,35.739,-90.225
72429,35.506,-90.928
72430,36.335,-90.171
72431,35.633,-91.079
72432,35.553,-90.72
72433,36.026,-91.048
72434,36.218,-91.156
72435,36.316,-90.579
72436,36.236,-90.485
72437,35.848,-90.458
72438,35.949,-90.218
72440,36.006,-91.227
72441,36.437,-90.385
72442,35.819,-90.187
72443,36.176,-90.411
72444,36.429,-90.853
72445,35.977,-91.027
72447,35.909,-90.328
72449,36.177,-90.82
72450,36.08,-90.516
72453,36.295,-90.708
72454,36.407,-90.203
72455,36.32,-91.029
72456,36.447,-90.338
72457,36.089,-91.068
72458,36.073,-91.159
72459,36.293,-91.293
72460,36.35,-91.169
72461,36.266,-90.285
72462,36.389,-90.759
72464,36.458,-90.144
72466,36.054,-91.331
72467,35.841,-90.676
72469,35.952,-91.289
72470,36.475,-90.692
72471,35.828,-91.11
72472,35.596,-90.534
72473,35.738,-91.171
72476,36.05,-90.92
72478,36.448,-91.059
72479,35.634,-90.905
72482,36.278,-91.368
72501,35.791,-91.653
72512,36.22,-91.746
72513,36.226,-91.658
72515,36.276,-92.056
72517,36.132,-91.973
72519,36.134,-92.18
72520,36.391,-91.72
72521,35.95,-91.541
72522,35.811,-91.47
72523,35.628,-91.845
72524,35.84,-91.311
72526,35.883,-91.779
72527,35.74,-91.685
72528,36.227,-92.138
72529,36.292,-91.564
72530,35.604,-91.945
72531,36.33,-92.14
72532,36.104,-91.601
72533,35.978,-92.247
72534,35.601,-91.744
72536,36.144,-91.768
72537,36.446,-92.223
72538,36.446,-92.1
72539,36.332,-91.711
72540,35.919,-91.91
72542,36.3,-91.466
72543,35.451,-91.987
72544,36.404,-92.19
72546,35.579,-91.941
72550,35.71,-91.784
72553,35.701,-91.481
72554,36.439,-91.562
72555,35.781,-91.875
72556,36.014,-91.97
72560,35.851,-92.094
72561,35.949,-91.808
72562,35.735,-91.401
72564,35.596,-91.457
72565,36.217,-91.913
72566,36.217,-92.078
72567,35.815,-91.926
72568,35.569,-91.625
72569,36.146,-91.399
72571,35.642,-91.551
72572,35.899,-91.291
72573,36.076,-91.797
72576,36.349,-91.856
72577,36.027,-91.714
72578,36.453,-91.886
72579,35.849,-91.449
72581,35.551,-91.989
72583,36.415,-91.994
72584,36.141,-91.844
72585,36.183,-92.008
72587,36.226,-91.817
72601,36.238,-93.086
72611,36.245,-93.331
72616,36.329,-93.552
72617,36.023,-92.391
72619,36.374,-92.592
72623,36.448,-92.321
72624,36.058,-93.382
72626,36.322,-92.551
72628,35.84,-93.282
72629,35.739,-92.567
72630,36.479,-92.905
72631,36.468,-93.834
72632,36.373,-93.744
72633,36.129,-92.873
72634,36.204,-92.526
72635,36.318,-92.514
72636,35.99,-92.716
72638,36.323,-93.405
72639,36.015,-92.48
72640,36.003,-93.059
72641,35.987,-93.244
72642,36.376,-92.54
72644,36.433,-92.993
72645,35.804,-92.575
72648,36.088,-93.162
72650,35.884,-92.701
72651,36.388,-92.482
72653,36.342,-92.385
72655,35.901,-93.017
72658,36.16,-92.327
72660,36.479,-93.378
72661,36.438,-92.579
72662,36.431,-93.181
72663,35.938,-92.328
72666,35.942,-93.265
72668,36.447,-92.783
72669,36.065,-92.876
72670,35.982,-93.388
72672,36.288,-92.844
72675,36.0,-92.8
72677,36.253,-92.685
72679,35.73,-92.832
72680,35.887,-92.33
72682,36.138,-92.741
72683,35.923,-93.103
72685,36.064,-92.986
72686,35.78,-92.844
72687,36.262,-92.706
72701,35.992,-94.086
72703,36.118,-94.043
72704,36.106,-94.296
72712,36.347,-94.256
72714,36.467,-94.222
72715,36.467,-94.305
72717,35.835,-94.408
72718,36.268,-94.219
72719,36.367,-94.295
72721,35.798,-93.826
72722,36.344,-94.47
72727,35.924,-93.928
72729,35.772,-94.456
72730,36.03,-94.269
72732,36.433,-93.959
72734,36.27,-94.451
72736,36.414,-94.465
72738,36.156,-93.887
72739,36.424,-94.328
72740,36.105,-93.655
72742,35.964,-93.501
72744,35.963,-94.435
72745,36.247,-94.103
72747,36.369,-94.583
72749,35.868,-94.438
72751,36.463,-94.114
72752,35.818,-93.59
72753,35.934,-94.331
72756,36.323,-93.976
72758,36.3,-94.137
72760,35.841,-93.702
72761,36.169,-94.455
72762,36.182,-94.231
72764,36.176,-94.06
72768,36.478,-94.499
72769,36.036,-94.496
72773,36.022,-93.836
72774,35.948,-94.147
72776,35.921,-93.65
72801,35.279,-93.141
72802,35.319,-93.082
72821,35.435,-93.717
72823,35.251,-92.906
72824,35.133,-93.412
72826,35.119,-93.709
72827,34.872,-93.626
72828,34.931,-93.535
72830,35.509,-93.516
72832,35.415,-93.671
72833,35.022,-93.473
72834,35.169,-93.184
72835,35.278,-93.346
72837,35.504,-93.109
72838,34.911,-93.679
72839,35.63,-93.244
72840,35.458,-93.615
72841,34.837,-93.801
72842,35.082,-93.617
72843,35.6,-92.938
72845,35.362,-93.378
72846,35.484,-93.327
72847,35.378,-93.273
72851,35.255,-93.438
72852,35.669,-93.554
72853,35.017,-93.202
72854,35.718,-93.423
72855,35.259,-93.684
72856,35.79,-93.09
72857,34.863,-93.322
72858,35.24,-93.044
72860,34.966,-93.446
72863,35.369,-93.511
72865,35.311,-93.577
72901,35.366,-94.416
72903,35.351,-94.361
72904,35.413,-94.382
72908,35.309,-94.407
72916,35.261,-94.39
72921,35.477,-94.196
72923,35.316,-94.309
72926,34.732,-94.037
72927,35.08,-93.94
72928,35.291,-93.931
72930,35.429,-93.959
72932,35.604,-94.377
72933,35.329,-94.013
72934,35.687,-94.284
72935,35.491,-94.126
72936,35.19,-94.219
72937,35.135,-94.391
72938,35.004,-94.378
72940,35.122,-94.259
72941,35.368,-94.156
72943,35.18,-93.787
72944,35.024,-94.235
72945,35.089,-94.347
72946,35.67,-94.135
72947,35.572,-94.028
72948,35.703,-94.393
72949,35.584,-93.805
72950,34.776,-93.888
72951,35.327,-93.872
72952,35.569,-94.3
72955,35.614,-94.438
72956,35.466,-94.35
72958,34.904,-94.137
72959,35.79,-94.072
73002,34.939,-97.728
73003,35.669,-97.497
73004,35.152,-97.844
73005,35.051,-98.24
73006,34.906,-98.4
73007,35.685,-97.327
73008,35.514,-97.648
73009,35.286,-98.373
73010,35.111,-97.679
73011,34.848,-97.747
73012,35.667,-97.594
73013,35.619,-97.484
73014,35.588,-98.145
73015,35.084,-98.594
73016,35.802,-97.687
73017,34.925,-98.095
73018,35.051,-97.941
73019,35.206,-97.444
73020,35.459,-97.263
73021,35.345,-98.664
73024,35.359,-98.798
73025,35.734,-97.577
73026,35.24,-97.276
73027,35.978,-97.252
73028,35.978,-97.632
73029,34.905,-98.206
73030,34.466,-97.165
73032,34.398,-97.048
73033,35.314,-98.547
73034,35.703,-97.434
73036,35.509,-97.96
73038,35.125,-98.451
73040,35.646,-98.375
73041,35.042,-98.876
73042,35.223,-98.247
73043,35.734,-98.404
73044,35.86,-97.423
73045,35.514,-97.151
73047,35.457,-98.315
73048,35.497,-98.546
73049,35.587,-97.314
73050,35.939,-97.264
73051,35.032,-97.246
73052,34.834,-97.589
73053,35.356,-98.412
73054,35.672,-97.19
73055,34.644,-97.911
73056,36.177,-97.626
73057,34.831,-97.429
73058,35.816,-97.22
73059,35.312,-98.046
73061,36.355,-97.006
73062,35.046,-98.741
73063,36.053,-97.425
73064,35.369,-97.747
73065,35.255,-97.61
73066,35.5,-97.327
73067,34.911,-97.907
73068,35.139,-97.292
73069,35.25,-97.462
73071,35.238,-97.412
73072,35.211,-97.501
73073,36.152,-97.416
73074,34.833,-97.274
73075,34.749,-97.232
73077,36.306,-97.266
73078,35.675,-97.754
73079,35.211,-98.012
73080,34.995,-97.48
73082,34.776,-97.902
73084,35.526,-97.344
73086,34.473,-96.971
73089,35.269,-97.793
73090,35.399,-97.948
73092,35.124,-98.1
73093,35.11,-97.486
73095,34.899,-97.296
73096,35.514,-98.741
73097,35.4,-97.645
73098,34.628,-97.162
73099,35.527,-97.783
73102,35.471,-97.519
73103,35.489,-97.519
73104,35.475,-97.504
73105,35.52,-97.501
73106,35.482,-97.537
73107,35.482,-97.576
73108,35.45,-97.568
73109,35.433,-97.525
73110,35.461,-97.398
73111,35.519,-97.477
73112,35.518,-97.575
73114,35.578,-97.518
73115,35.442,-97.442
73116,35.547,-97.565
73117,35.475,-97.463
73118,35.518,-97.529
73119,35.422,-97.566
73120,35.581,-97.574
73121,35.521,-97.44
73122,35.52,-97.613
73127,35.477,-97.653
73128,35.458,-97.662
73129,35.431,-97.484
73130,35.459,-97.346
73131,35.576,-97.469
73132,35.553,-97.633
73134,35.614,-97.568
73135,35.4,-97.433
73139,35.386,-97.526
73141,35.52,-97.394
73142,35.617,-97.645
73145,35.419,-97.394
73149,35.389,-97.489
73150,35.401,-97.33
73151,35.572,-97.417
73159,35.388,-97.579
73160,35.332,-97.475
73162,35.582,-97.641
73165,35.355,-97.365
73169,35.383,-97.643
73170,35.326,-97.553
73173,35.341,-97.627
73179,35.428,-97.641
73401,34.203,-97.116
73425,34.455,-97.558
73430,33.898,-97.361
73432,34.243,-96.415
73433,34.628,-97.407
73434,34.618,-97.579
73437,34.368,-97.412
73438,34.282,-97.503
73439,33.938,-96.744
73440,33.945,-96.897
73441,33.904,-97.431
73442,34.327,-97.665
73443,34.165,-97.298
73444,34.475,-97.361
73446,34.09,-96.778
73447,34.247,-96.853
73448,33.948,-97.106
73449,34.009,-96.544
73450,34.263,-96.533
73453,34.041,-97.232
73455,34.23,-96.76
73456,34.125,-97.646
73458,34.352,-97.256
73459,33.774,-97.131
73460,34.276,-96.651
73461,34.361,-96.457
73463,34.108,-97.435
73481,34.439,-97.522
73487,34.484,-97.449
73491,34.473,-97.638
73501,34.558,-98.291
73503,34.683,-98.492
73505,34.573,-98.479
73507,34.796,-98.629
73520,34.263,-97.99
73521,34.641,-99.316
73526,34.792,-99.276
73527,34.578,-98.622
73528,34.398,-98.633
73529,34.351,-97.945
73530,34.255,-99.022
73531,34.195,-98.537
73532,34.643,-99.586
73533,34.505,-97.866
73537,34.487,-99.664
73538,34.674,-98.238
73539,34.457,-99.281
73540,34.467,-98.561
73541,34.789,-98.181
73542,34.402,-98.948
73543,34.47,-98.374
73544,34.683,-99.746
73546,34.223,-98.723
73547,34.993,-99.414
73548,34.286,-98.109
73549,34.645,-99.153
73550,34.69,-99.9
73551,34.354,-98.889
73552,34.642,-98.762
73553,34.327,-98.722
73554,34.893,-99.617
73555,34.502,-98.966
73556,34.73,-99.384
73557,34.732,-98.489
73559,34.731,-98.964
73560,34.539,-99.447
73562,34.181,-98.409
73564,34.848,-99.0
73565,34.02,-97.894
73566,34.616,-98.931
73567,34.746,-98.144
73568,34.252,-98.213
73569,33.936,-97.782
73570,34.515,-99.115
73571,34.931,-99.9
73572,34.357,-98.341
73573,34.166,-97.939
73601,35.49,-98.963
73620,35.622,-99.025
73622,35.386,-98.997
73624,35.342,-99.178
73625,35.677,-99.191
73626,35.421,-99.279
73627,35.197,-99.453
73628,35.63,-99.7
73632,35.27,-98.932
73638,35.84,-99.785
73639,35.739,-98.961
73641,35.271,-99.174
73642,35.823,-99.91
73644,35.42,-99.438
73645,35.197,-99.896
73646,35.83,-98.61
73647,35.436,-99.16
73650,35.646,-99.403
73651,35.015,-99.076
73654,35.871,-99.367
73655,34.982,-99.264
73658,35.949,-98.742
73659,35.863,-98.917
73660,35.618,-99.917
73661,35.167,-99.009
73662,35.298,-99.684
73663,36.103,-98.895
73664,35.186,-99.247
73666,35.473,-99.92
73667,36.006,-99.04
73669,35.731,-98.745
73673,35.054,-99.568
73701,36.427,-97.792
73703,36.427,-97.969
73705,36.338,-97.903
73716,36.499,-98.525
73717,36.848,-98.764
73718,36.225,-98.167
73719,36.957,-98.288
73720,36.201,-97.873
73722,36.848,-98.216
73724,36.052,-98.664
73726,36.588,-98.497
73727,36.5,-98.042
73728,36.746,-98.37
73729,36.422,-98.477
73730,36.321,-97.539
73731,36.645,-98.603
73733,36.255,-97.688
73734,35.978,-97.863
73735,36.28,-98.063
73736,36.34,-97.682
73737,36.299,-98.64
73738,36.451,-97.552
73739,36.514,-98.144
73741,36.557,-98.257
73742,36.095,-97.935
73743,36.577,-98.013
73744,35.948,-98.306
73746,36.685,-98.658
73747,36.228,-98.332
73749,36.717,-98.155
73750,35.853,-97.952
73753,36.555,-97.864
73754,36.398,-98.096
73755,36.138,-98.565
73756,35.979,-98.13
73757,36.287,-97.458
73758,36.95,-98.081
73759,36.86,-97.72
73760,36.371,-98.169
73761,36.683,-98.043
73762,35.713,-97.964
73763,36.094,-98.326
73764,35.855,-98.202
73766,36.656,-97.826
73768,36.355,-98.293
73771,36.876,-97.973
73772,35.863,-98.43
73773,36.266,-97.92
73801,36.485,-99.413
73832,36.049,-99.689
73834,36.847,-99.54
73835,35.969,-99.219
73838,36.238,-98.895
73840,36.356,-99.615
73841,36.559,-99.624
73842,36.818,-99.199
73843,36.399,-99.814
73844,36.871,-100.142
73848,36.661,-100.012
73851,36.591,-99.807
73852,36.479,-99.12
73853,36.242,-99.147
73855,36.918,-99.868
73857,36.271,-99.333
73858,36.179,-99.922
73859,36.126,-99.3
73860,36.538,-98.838
73901,36.74,-101.017
73931,36.609,-100.798
73932,36.707,-100.492
73933,36.741,-102.58
73937,36.555,-102.796
73938,36.932,-100.579
73939,36.777,-101.79
73942,36.738,-101.506
73944,36.595,-101.107
73945,36.827,-101.233
73946,36.935,-102.804
73947,36.82,-102.149
73949,36.581,-101.915
73950,36.855,-100.895
73951,36.943,-101.063
74001,36.493,-96.083
74002,36.557,-96.143
74003,36.728,-96.068
74006,36.712,-95.895
74008,35.925,-95.878
74010,35.815,-96.364
74011,35.982,-95.809
74012,36.051,-95.806
74014,36.056,-95.681
74015,36.18,-95.703
74016,36.545,-95.451
74017,36.391,-95.588
74019,36.285,-95.603
74020,36.246,-96.421
74021,36.384,-95.842
74022,36.944,-95.988
74023,35.959,-96.751
74026,35.712,-96.762
74027,36.789,-95.586
74028,35.786,-96.52
74029,36.823,-95.89
74030,35.986,-96.559
74032,36.207,-96.899
74033,35.946,-96.007
74034,36.226,-96.579
74035,36.421,-96.388
74036,36.158,-95.507
74037,35.999,-95.98
74038,36.157,-96.559
74039,35.902,-96.237
74041,35.942,-96.056
74042,36.859,-95.578
74044,36.097,-96.383
74045,36.221,-96.708
74046,35.751,-96.559
74047,35.853,-96.011
74048,36.695,-95.659
74050,36.073,-96.065
74051,36.613,-95.957
74052,36.085,-96.578
74053,36.431,-95.732
74054,36.282,-96.353
74055,36.277,-95.819
74056,36.795,-96.331
74058,36.363,-96.759
74059,35.972,-97.068
74060,36.272,-96.246
74061,36.533,-95.893
74062,36.038,-96.901
74063,36.151,-96.2
74066,35.993,-96.164
74068,35.907,-96.578
74070,36.4,-96.083
74071,35.783,-96.296
74072,36.952,-95.534
74073,36.293,-96.026
74074,36.079,-97.074
74075,36.169,-97.083
74078,36.124,-97.07
74079,35.747,-96.655
74080,36.542,-95.749
74081,36.181,-96.452
74082,36.45,-95.882
74083,36.879,-95.753
74084,36.529,-96.362
74085,36.111,-96.723
74103,36.156,-95.995
74104,36.146,-95.954
74105,36.097,-95.961
74106,36.192,-95.985
74107,36.115,-96.032
74108,36.14,-95.79
74110,36.188,-95.953
74112,36.147,-95.902
74114,36.127,-95.947
74115,36.199,-95.909
74116,36.189,-95.843
74117,36.246,-95.902
74119,36.142,-95.989
74120,36.151,-95.977
74126,36.242,-96.026
74127,36.173,-96.046
74128,36.147,-95.851
74129,36.126,-95.872
74130,36.241,-95.957
74131,36.054,-96.065
74132,36.049,-96.017
74133,36.039,-95.877
74134,36.11,-95.798
74135,36.096,-95.924
74136,36.062,-95.941
74137,36.022,-95.931
74145,36.097,-95.89
74146,36.099,-95.855
74301,36.678,-95.225
74330,36.437,-95.272
74331,36.639,-94.94
74332,36.517,-95.229
74333,36.794,-95.082
74337,36.141,-95.337
74338,36.257,-94.732
74339,36.934,-94.88
74340,36.475,-95.023
74342,36.429,-94.934
74343,36.736,-94.821
74344,36.595,-94.741
74346,36.439,-94.754
74347,36.21,-94.812
74349,36.518,-95.037
74350,36.465,-95.054
74352,36.142,-95.18
74354,36.886,-94.883
74358,36.918,-94.881
74359,36.174,-94.792
74360,36.964,-94.836
74361,36.303,-95.307
74363,36.955,-94.715
74364,36.196,-94.949
74365,36.294,-95.071
74366,36.39,-95.046
74367,36.416,-95.113
74368,36.208,-94.849
74369,36.925,-95.202
74370,36.75,-94.68
74401,35.723,-95.468
74403,35.671,-95.307
74421,35.763,-96.042
74422,35.623,-95.704
74423,35.673,-95.192
74425,35.171,-95.641
74426,35.452,-95.53
74427,35.679,-94.889
74428,35.569,-95.638
74429,35.955,-95.628
74430,35.127,-95.661
74431,35.471,-95.942
74432,35.284,-95.659
74434,35.81,-95.211
74435,35.577,-95.094
74436,35.797,-95.697
74437,35.448,-95.936
74438,35.545,-95.759
74441,35.977,-95.145
74442,35.132,-95.833
74445,35.631,-95.829
74446,35.849,-95.316
74447,35.64,-96.002
74450,35.6,-95.478
74451,35.735,-94.964
74452,36.12,-95.068
74454,35.854,-95.516
74455,35.361,-95.261
74456,35.711,-95.997
74457,36.006,-94.841
74458,35.884,-95.592
74459,35.534,-95.492
74460,35.508,-95.957
74462,35.291,-95.164
74463,35.76,-95.55
74464,35.928,-94.982
74467,35.967,-95.393
74468,35.612,-95.568
74469,35.495,-95.308
74470,35.477,-95.167
74471,35.834,-94.872
74472,35.25,-95.268
74477,36.004,-95.267
74501,34.986,-95.791
74521,34.655,-95.088
74522,34.904,-95.693
74523,34.228,-95.612
74525,34.336,-96.068
74528,34.72,-95.724
74530,34.436,-96.495
74531,34.885,-96.252
74533,34.208,-96.197
74534,34.615,-96.368
74535,34.485,-96.446
74536,34.583,-95.423
74538,34.582,-96.259
74540,34.571,-95.708
74543,34.371,-95.438
74546,34.859,-95.58
74547,34.81,-95.614
74549,34.562,-94.894
74552,35.121,-95.243
74553,34.713,-95.925
74554,34.921,-95.711
74555,34.249,-95.965
74556,34.464,-96.18
74557,34.387,-95.698
74558,34.505,-95.166
74560,34.649,-95.76
74561,35.13,-95.415
74562,34.296,-95.286
74563,34.97,-95.073
74565,34.802,-95.845
74567,34.426,-95.393
74569,34.477,-95.925
74570,34.863,-96.101
74571,34.717,-94.979
74572,34.644,-96.428
74574,34.689,-95.29
74576,34.656,-96.039
74577,34.675,-94.808
74578,34.906,-95.342
74601,36.702,-97.149
74604,36.702,-96.982
74630,36.512,-97.434
74631,36.793,-97.305
74632,36.939,-97.338
74633,36.71,-96.777
74636,36.818,-97.522
74637,36.568,-96.662
74640,36.552,-97.651
74641,36.808,-96.89
74643,36.655,-97.575
74644,36.553,-97.098
74646,36.832,-97.442
74647,36.918,-96.995
74650,36.488,-96.75
74651,36.468,-97.173
74652,36.859,-96.644
74653,36.649,-97.35
74701,34.007,-96.379
74720,33.831,-96.372
74722,34.38,-94.898
74723,33.993,-96.017
74724,34.346,-94.861
74726,33.941,-96.174
74727,34.019,-95.859
74728,34.15,-94.803
74729,34.147,-96.254
74730,33.912,-96.431
74731,33.874,-96.56
74733,33.837,-96.479
74734,34.102,-94.543
74735,34.097,-95.247
74736,33.932,-94.997
74738,33.896,-95.443
74740,33.765,-94.608
74741,33.792,-96.328
74743,34.008,-95.494
74745,33.859,-94.816
74747,33.777,-96.357
74748,34.151,-96.399
74750,33.965,-95.021
74753,33.908,-96.537
74754,34.198,-95.134
74755,34.135,-95.115
74756,34.085,-95.374
74759,34.057,-95.712
74760,34.163,-95.356
74761,34.005,-95.201
74764,34.047,-95.096
74766,34.144,-94.98
74801,35.315,-96.97
74804,35.391,-96.921
74820,34.789,-96.715
74824,35.889,-96.871
74825,34.818,-96.41
74826,35.021,-96.887
74827,34.94,-96.343
74829,35.517,-96.472
74830,35.144,-96.665
74831,34.908,-97.06
74832,35.829,-97.007
74833,35.571,-96.412
74834,35.701,-96.885
74836,34.467,-96.705
74837,35.363,-96.449
74839,35.241,-96.032
74840,35.253,-96.799
74842,34.626,-96.614
74843,34.657,-96.729
74844,34.866,-96.572
74845,35.249,-95.888
74848,35.079,-96.362
74849,34.978,-96.736
74850,35.11,-96.107
74851,35.426,-97.082
74852,35.124,-97.009
74854,35.109,-96.749
74855,35.519,-96.899
74856,34.422,-96.807
74857,35.337,-97.197
74859,35.456,-96.322
74860,35.532,-96.57
74864,35.495,-96.71
74865,34.602,-96.804
74867,34.97,-96.563
74868,35.279,-96.645
74869,35.601,-96.76
74871,34.605,-96.544
74872,34.772,-96.988
74873,35.221,-96.97
74875,35.877,-96.97
74878,35.005,-97.07
74880,35.377,-96.12
74881,35.714,-97.08
74883,35.22,-96.226
74884,35.191,-96.515
74901,35.367,-94.442
74902,35.243,-94.49
74930,35.183,-94.776
74931,35.7,-94.741
74932,35.152,-94.538
74935,34.95,-94.896
74936,35.377,-94.724
74937,34.818,-94.587
74939,34.73,-94.632
74940,34.954,-94.622
74941,35.288,-94.884
74942,34.9,-94.979
74943,35.072,-95.08
74944,35.139,-94.99
74945,35.599,-94.809
74946,35.392,-94.455
74948,35.468,-94.569
74949,34.661,-94.752
74951,35.171,-94.657
74953,35.043,-94.61
74954,35.425,-94.503
74955,35.496,-94.748
74956,35.11,-94.769
74957,34.524,-94.655
74959,35.271,-94.623
74960,35.81,-94.65
74962,35.544,-94.941
74963,34.4,-94.58
74964,36.112,-94.659
74965,35.996,-94.631
74966,34.918,-94.865
75001,32.96,-96.839
75002,33.09,-96.609
75006,32.962,-96.899
75007,33.005,-96.897
75009,33.339,-96.753
75010,33.05,-96.875
75013,33.114,-96.694
75019,32.963,-96.985
75020,33.771,-96.604
75021,33.727,-96.471
75022,33.035,-97.125
75023,33.057,-96.731
75024,33.075,-96.803
75025,33.09,-96.74
75028,33.033,-97.06
75032,32.857,-96.431
75034,33.147,-96.856
75035,33.163,-96.79
75038,32.875,-96.997
75039,32.886,-96.943
75040,32.929,-96.62
75041,32.88,-96.652
75042,32.912,-96.675
75043,32.857,-96.576
75044,32.965,-96.65
75048,32.969,-96.581
75050,32.773,-97.005
75051,32.729,-96.996
75052,32.665,-97.025
75054,32.591,-97.039
75056,33.07,-96.918
75057,33.051,-96.975
75058,33.451,-96.742
75060,32.796,-96.955
75061,32.826,-96.967
75062,32.847,-96.958
75063,32.92,-96.986
75065,33.11,-97.005
75067,33.014,-97.0
75068,33.177,-96.95
75069,33.18,-96.586
75070,33.172,-96.696
75071,33.246,-96.631
75074,33.032,-96.673
75075,33.021,-96.742
75076,33.801,-96.726
75077,33.081,-97.061
75078,33.242,-96.812
75080,32.976,-96.742
75081,32.949,-96.71
75082,32.992,-96.663
75087,32.944,-96.453
75088,32.898,-96.55
75089,32.937,-96.552
75090,33.604,-96.55
75092,33.652,-96.7
75093,33.034,-96.812
75094,33.022,-96.615
75098,33.012,-96.535
75101,32.27,-96.702
75102,32.058,-96.633
75103,32.517,-95.884
75104,32.58,-96.965
75105,32.263,-96.388
75109,32.043,-96.344
75110,32.085,-96.528
75114,32.611,-96.444
75115,32.599,-96.864
75116,32.661,-96.912
75117,32.715,-95.854
75119,32.326,-96.588
75124,32.326,-95.974
75125,32.537,-96.622
75126,32.743,-96.455
75127,32.69,-95.79
75132,32.946,-96.374
75134,32.618,-96.778
75135,33.066,-96.221
75137,32.643,-96.916
75140,32.647,-95.688
75141,32.637,-96.698
75142,32.568,-96.25
75143,32.367,-96.245
75144,32.108,-96.208
75146,32.565,-96.752
75147,32.437,-96.08
75148,32.126,-96.024
75149,32.773,-96.619
75150,32.817,-96.63
75152,32.44,-96.678
75153,32.158,-96.33
75154,32.522,-96.807
75155,32.229,-96.476
75156,32.278,-96.105
75157,32.465,-96.44
75158,32.463,-96.402
75159,32.605,-96.544
75160,32.758,-96.301
75161,32.738,-96.169
75163,32.167,-96.119
75164,33.066,-96.309
75165,32.372,-96.785
75166,33.013,-96.454
75167,32.361,-96.916
75169,32.703,-95.995
75172,32.605,-96.674
75173,33.062,-96.396
75180,32.717,-96.62
75181,32.724,-96.556
75182,32.801,-96.548
75189,32.942,-96.312
75201,32.788,-96.799
75202,32.779,-96.805
75203,32.747,-96.803
75204,32.802,-96.789
75205,32.836,-96.796
75206,32.831,-96.771
75207,32.787,-96.82
75208,32.753,-96.84
75209,32.848,-96.825
75210,32.771,-96.746
75211,32.737,-96.908
75212,32.781,-96.879
75214,32.828,-96.746
75215,32.751,-96.757
75216,32.711,-96.781
75217,32.71,-96.679
75218,32.842,-96.703
75219,32.812,-96.813
75220,32.869,-96.876
75223,32.792,-96.744
75224,32.711,-96.839
75225,32.865,-96.79
75226,32.783,-96.776
75227,32.767,-96.687
75228,32.825,-96.679
75229,32.893,-96.864
75230,32.903,-96.793
75231,32.873,-96.748
75232,32.661,-96.841
75233,32.704,-96.872
75234,32.923,-96.892
75235,32.833,-96.849
75236,32.676,-96.937
75237,32.666,-96.873
75238,32.878,-96.708
75240,32.93,-96.787
75241,32.665,-96.759
75243,32.913,-96.737
75244,32.925,-96.836
75246,32.792,-96.773
75247,32.814,-96.884
75248,32.97,-96.797
75249,32.636,-96.965
75251,32.92,-96.771
75252,32.997,-96.788
75253,32.674,-96.609
75254,32.944,-96.8
75270,32.781,-96.802
75287,32.999,-96.842
75390,32.814,-96.841
75401,33.189,-96.109
75402,33.068,-96.084
75407,33.153,-96.471
75409,33.355,-96.516
75410,32.79,-95.632
75411,33.867,-95.64
75412,33.802,-95.152
75413,33.441,-96.179
75414,33.624,-96.428
75415,33.462,-95.757
75416,33.684,-95.345
75417,33.44,-95.14
75418,33.572,-96.171
75420,33.053,-95.721
75421,33.662,-95.731
75422,33.141,-95.934
75423,33.284,-96.2
75424,33.322,-96.379
75426,33.663,-94.997
75428,33.272,-95.917
75431,33.014,-95.461
75432,33.398,-95.682
75433,33.098,-95.803
75435,33.483,-95.32
75436,33.714,-95.24
75437,33.261,-95.472
75438,33.616,-96.072
75439,33.554,-96.283
75440,32.881,-95.748
75441,33.428,-95.643
75442,33.174,-96.356
75446,33.615,-95.9
75447,33.777,-96.109
75448,33.316,-95.789
75449,33.421,-95.946
75450,33.402,-95.483
75451,32.966,-95.127
75452,33.402,-96.239
75453,32.989,-95.911
75454,33.286,-96.565
75455,33.216,-94.979
75457,33.169,-95.215
75459,33.533,-96.671
75460,33.656,-95.605
75462,33.625,-95.49
75468,33.502,-95.403
75469,33.421,-95.811
75470,33.577,-95.81
75471,33.057,-95.374
75472,32.884,-95.87
75473,33.816,-95.488
75474,32.924,-96.11
75475,33.475,-96.238
75476,33.708,-96.241
75477,33.53,-95.738
75478,33.177,-95.359
75479,33.618,-96.333
75480,33.025,-95.197
75481,33.32,-95.373
75482,33.168,-95.608
75486,33.745,-95.744
75487,33.335,-95.162
75488,33.779,-95.997
75489,33.519,-96.484
75490,33.438,-96.308
75491,33.486,-96.396
75492,33.584,-95.994
75493,33.146,-95.108
75494,32.917,-95.26
75495,33.439,-96.547
75496,33.35,-96.058
75497,32.925,-95.568
75501,33.372,-94.14
75503,33.512,-94.134
75550,33.498,-94.891
75551,33.119,-94.22
75554,33.554,-94.78
75555,32.939,-94.142
75556,33.155,-94.062
75558,33.242,-94.858
75559,33.504,-94.627
75560,33.185,-94.364
75561,33.517,-94.282
75562,32.925,-94.248
75563,33.003,-94.383
75565,32.927,-94.071
75566,33.148,-94.492
75567,33.311,-94.312
75568,33.193,-94.587
75569,33.442,-94.129
75570,33.459,-94.439
75571,33.207,-94.774
75572,33.226,-94.128
75573,33.348,-94.229
75574,33.325,-94.551
75601,32.509,-94.724
75602,32.45,-94.666
75603,32.403,-94.711
75604,32.509,-94.824
75605,32.582,-94.726
75630,32.868,-94.549
75631,32.249,-94.453
75633,32.138,-94.274
75638,33.02,-94.73
75639,32.294,-94.17
75640,32.708,-94.683
75641,32.378,-94.576
75642,32.372,-94.177
75643,32.019,-94.362
75644,32.791,-95.0
75645,32.689,-94.872
75647,32.515,-94.953
75650,32.513,-94.549
75651,32.664,-94.538
75652,32.239,-94.728
75654,32.078,-94.83
75656,33.011,-94.572
75657,32.795,-94.31
75661,32.631,-94.171
75662,32.384,-94.87
75667,31.988,-94.844
75668,32.907,-94.679
75669,32.039,-94.576
75670,32.57,-94.419
75672,32.468,-94.299
75681,31.925,-94.704
75682,32.25,-94.937
75683,32.827,-94.737
75684,32.277,-94.937
75686,32.965,-94.952
75691,32.312,-94.552
75692,32.471,-94.118
75693,32.534,-94.861
75701,32.322,-95.302
75702,32.362,-95.315
75703,32.235,-95.321
75704,32.413,-95.443
75705,32.363,-95.087
75706,32.47,-95.308
75707,32.302,-95.178
75708,32.418,-95.213
75709,32.304,-95.391
75750,32.268,-95.078
75751,32.094,-95.906
75752,32.244,-95.808
75754,32.428,-95.662
75755,32.642,-95.076
75756,32.302,-95.601
75757,32.11,-95.348
75758,32.271,-95.521
75759,32.036,-95.419
75760,31.796,-94.854
75762,32.218,-95.413
75763,32.043,-95.523
75764,31.895,-95.144
75765,32.642,-95.235
75766,31.945,-95.257
75770,32.159,-95.644
75771,32.538,-95.436
75773,32.681,-95.448
75778,32.301,-95.71
75779,31.863,-95.485
75780,31.991,-95.092
75783,32.816,-95.425
75784,31.872,-94.974
75785,31.775,-95.197
75788,31.826,-94.926
75789,32.11,-95.094
75790,32.535,-95.644
75791,32.222,-95.221
75792,32.482,-95.107
75801,31.734,-95.531
75803,31.882,-95.679
75831,31.474,-96.009
75832,31.932,-95.981
75833,31.269,-95.844
75835,31.285,-95.491
75838,31.479,-96.23
75839,31.607,-95.583
75840,31.783,-96.094
75844,31.514,-95.438
75845,31.087,-95.077
75846,31.329,-96.152
75847,31.356,-95.153
75848,31.765,-96.33
75849,31.417,-95.482
75850,31.136,-95.935
75851,31.092,-95.5
75852,30.96,-95.716
75853,31.947,-95.814
75855,31.557,-95.864
75856,31.189,-95.256
75858,31.391,-95.127
75859,31.893,-96.237
75860,31.611,-96.238
75861,31.852,-95.888
75862,30.965,-95.326
75901,31.302,-94.641
75904,31.341,-94.826
75925,31.615,-95.062
75926,31.248,-94.969
75928,30.671,-93.711
75929,31.245,-94.176
75930,31.319,-94.032
75931,31.114,-94.021
75932,31.056,-93.616
75933,30.554,-93.813
75934,30.895,-94.759
75935,31.733,-94.191
75936,30.952,-94.58
75937,31.465,-94.367
75938,30.941,-94.354
75939,31.014,-94.797
75941,31.187,-94.759
75942,30.815,-94.431
75943,31.628,-94.911
75944,31.354,-94.388
75946,31.819,-94.521
75948,31.308,-93.784
75949,31.23,-94.509
75951,30.934,-94.06
75954,31.904,-94.048
75956,30.676,-93.983
75959,31.512,-93.862
75960,30.913,-94.866
75961,31.558,-94.505
75962,31.62,-94.647
75964,31.632,-94.741
75965,31.723,-94.629
75966,30.828,-93.714
75968,31.252,-93.954
75969,31.446,-94.888
75972,31.484,-94.132
75973,31.712,-93.942
75974,31.958,-94.24
75975,31.897,-94.414
75976,31.528,-94.925
75977,31.065,-93.787
75978,31.509,-94.527
75979,30.749,-94.389
75980,31.138,-94.375
76001,32.636,-97.149
76002,32.622,-97.093
76006,32.785,-97.1
76008,32.696,-97.631
76009,32.415,-97.2
76010,32.723,-97.08
76011,32.754,-97.083
76012,32.755,-97.139
76013,32.719,-97.155
76014,32.692,-97.087
76015,32.692,-97.133
76016,32.689,-97.189
76017,32.663,-97.164
76018,32.665,-97.096
76020,32.9,-97.561
76021,32.853,-97.13
76022,32.831,-97.145
76023,33.042,-97.597
76028,32.533,-97.307
76031,32.346,-97.328
76033,32.275,-97.511
76034,32.892,-97.15
76035,32.562,-97.631
76036,32.581,-97.42
76039,32.86,-97.086
76040,32.814,-97.091
76041,32.238,-96.842
76043,32.208,-97.795
76044,32.426,-97.54
76048,32.422,-97.811
76049,32.46,-97.707
76050,32.281,-97.161
76051,32.926,-97.072
76052,32.986,-97.375
76053,32.817,-97.181
76054,32.859,-97.179
76055,32.163,-97.155
76058,32.474,-97.422
76059,32.393,-97.328
76060,32.64,-97.217
76061,32.504,-97.188
76063,32.571,-97.145
76064,32.302,-97.037
76065,32.469,-96.991
76066,32.704,-97.993
76067,32.8,-98.127
76070,32.266,-97.655
76071,33.001,-97.444
76073,33.099,-97.723
76077,32.278,-97.692
76078,33.093,-97.463
76082,32.97,-97.734
76084,32.426,-97.09
76085,32.861,-97.692
76086,32.755,-97.791
76087,32.683,-97.783
76088,32.851,-97.902
76092,32.96,-97.148
76093,32.21,-97.393
76102,32.759,-97.33
76103,32.749,-97.273
76104,32.729,-97.318
76105,32.724,-97.269
76106,32.817,-97.36
76107,32.742,-97.382
76108,32.788,-97.524
76109,32.701,-97.387
76110,32.708,-97.338
76111,32.778,-97.3
76112,32.747,-97.218
76114,32.774,-97.402
76115,32.678,-97.331
76116,32.721,-97.447
76117,32.803,-97.267
76118,32.8,-97.193
76119,32.691,-97.263
76120,32.776,-97.181
76123,32.619,-97.394
76126,32.636,-97.503
76127,32.775,-97.436
76129,32.709,-97.363
76131,32.882,-97.346
76132,32.668,-97.417
76133,32.653,-97.38
76134,32.639,-97.335
76135,32.836,-97.47
76137,32.86,-97.292
76140,32.62,-97.278
76148,32.868,-97.252
76155,32.824,-97.049
76164,32.781,-97.355
76177,32.975,-97.31
76179,32.914,-97.434
76180,32.84,-97.225
76182,32.886,-97.208
76201,33.221,-97.146
76205,33.193,-97.129
76207,33.228,-97.182
76208,33.209,-97.055
76209,33.232,-97.11
76210,33.149,-97.096
76225,33.374,-97.668
76226,33.115,-97.174
76227,33.274,-96.99
76228,33.618,-98.063
76230,33.521,-97.956
76233,33.538,-96.907
76234,33.276,-97.514
76238,33.479,-97.352
76239,33.503,-97.53
76240,33.662,-97.176
76244,32.928,-97.284
76245,33.831,-96.84
76247,33.1,-97.34
76248,32.924,-97.225
76249,33.279,-97.302
76250,33.63,-97.236
76251,33.632,-97.689
76252,33.682,-97.383
76253,33.616,-97.311
76255,33.825,-97.739
76258,33.371,-96.932
76259,33.199,-97.312
76261,33.793,-97.964
76262,33.009,-97.227
76263,33.463,-97.465
76264,33.738,-96.84
76265,33.757,-97.538
76266,33.373,-97.213
76268,33.628,-96.767
76270,33.456,-97.753
76271,33.465,-96.893
76272,33.456,-97.127
76273,33.744,-96.936
76301,33.906,-98.48
76302,33.865,-98.491
76305,34.006,-98.388
76306,33.945,-98.524
76308,33.853,-98.541
76309,33.895,-98.544
76310,33.799,-98.51
76311,33.97,-98.509
76351,33.558,-98.695
76354,34.103,-98.622
76357,34.081,-98.184
76360,33.963,-98.961
76363,33.476,-99.552
76364,34.032,-98.995
76365,33.758,-98.202
76366,33.724,-98.784
76367,33.973,-98.721
76370,33.527,-98.885
76371,33.485,-99.643
76372,33.25,-98.926
76373,34.132,-99.107
76374,33.359,-98.74
76377,34.008,-98.259
76379,33.668,-98.489
76380,33.621,-99.244
76384,34.16,-99.343
76388,33.323,-99.642
76389,33.513,-98.457
76401,32.282,-98.197
76402,32.216,-98.217
76424,32.801,-98.887
76426,33.166,-97.845
76427,33.158,-98.378
76429,32.759,-98.666
76430,32.79,-99.242
76431,33.316,-97.858
76432,31.843,-98.805
76433,32.316,-98.023
76435,32.243,-98.857
76436,31.863,-98.228
76437,32.404,-99.039
76442,31.891,-98.613
76443,32.134,-99.213
76444,32.123,-98.577
76445,32.303,-98.552
76446,32.075,-98.349
76448,32.398,-98.798
76449,32.905,-98.324
76450,33.058,-98.622
76452,31.748,-98.364
76453,32.584,-98.336
76454,32.212,-98.736
76455,31.813,-98.384
76457,31.945,-98.028
76458,33.22,-98.188
76459,33.276,-98.382
76460,33.306,-98.5
76462,32.527,-98.009
76463,32.455,-98.418
76464,32.556,-99.165
76466,32.433,-98.737
76469,32.341,-99.199
76470,32.496,-98.664
76471,32.117,-98.985
76472,32.601,-98.173
76474,31.977,-98.794
76475,32.676,-98.483
76476,32.363,-97.924
76481,32.99,-98.745
76483,33.195,-99.268
76484,32.764,-98.277
76486,33.015,-98.053
76487,32.972,-97.905
76490,32.945,-98.019
76491,33.037,-99.049
76501,31.075,-97.252
76502,31.104,-97.412
76504,31.138,-97.374
76508,31.078,-97.364
76511,30.802,-97.424
76513,31.052,-97.5
76518,30.853,-97.149
76519,31.021,-97.121
76520,30.891,-96.908
76522,31.219,-97.968
76523,30.789,-97.292
76524,31.269,-97.202
76525,31.5,-98.131
76527,30.842,-97.81
76528,31.417,-97.756
76530,30.711,-97.414
76531,31.687,-98.187
76534,30.884,-97.379
76537,30.817,-97.603
76538,31.629,-97.922
76539,31.094,-98.027
76541,31.113,-97.73
76542,31.012,-97.742
76543,31.149,-97.633
76544,31.144,-97.761
76548,31.051,-97.645
76549,31.017,-97.833
76550,31.102,-98.259
76554,30.968,-97.377
76556,30.7,-96.831
76557,31.285,-97.39
76559,31.076,-97.604
76561,31.41,-97.531
76565,31.645,-98.351
76566,31.552,-98.049
76567,30.65,-97.006
76569,30.94,-97.227
76570,31.082,-96.954
76571,30.926,-97.599
76573,30.819,-97.502
76574,30.579,-97.389
76577,30.627,-97.17
76578,30.535,-97.237
76579,31.196,-97.265
76596,31.477,-97.728
76597,31.486,-97.707
76598,31.475,-97.735
76599,31.468,-97.735
76621,31.882,-97.085
76622,31.816,-97.243
76623,32.211,-96.753
76624,31.661,-96.955
76626,32.123,-96.723
76627,32.109,-97.396
76628,32.03,-96.949
76629,31.15,-96.652
76630,31.341,-97.211
76631,31.976,-96.977
76632,31.303,-97.06
76633,31.695,-97.329
76634,31.817,-97.547
76635,31.716,-96.661
76636,32.171,-97.291
76637,31.769,-97.804
76638,31.55,-97.443
76639,31.867,-96.656
76640,31.697,-97.074
76641,32.039,-96.808
76642,31.503,-96.52
76643,31.454,-97.195
76645,32.022,-97.133
76648,31.849,-96.807
76649,32.002,-97.883
76650,31.98,-96.864
76651,32.178,-96.851
76652,32.118,-97.576
76653,31.3,-96.609
76654,31.734,-97.01
76655,31.401,-97.183
76656,31.185,-97.044
76657,31.446,-97.38
76660,31.925,-96.905
76661,31.318,-96.846
76664,31.561,-96.803
76665,31.916,-97.71
76666,32.044,-96.915
76667,31.652,-96.468
76670,32.136,-96.989
76671,31.988,-97.531
76673,31.751,-96.892
76676,31.864,-96.951
76678,31.661,-96.76
76679,31.928,-96.579
76680,31.202,-96.814
76681,31.893,-96.434
76682,31.453,-96.914
76685,31.354,-97.014
76686,31.768,-96.559
76687,31.373,-96.495
76689,31.662,-97.506
76690,32.084,-97.736
76691,31.77,-97.098
76692,31.96,-97.33
76693,31.788,-96.395
76701,31.552,-97.138
76704,31.575,-97.127
76705,31.621,-97.099
76706,31.476,-97.084
76707,31.554,-97.159
76708,31.627,-97.216
76710,31.54,-97.195
76711,31.514,-97.153
76712,31.527,-97.261
76798,31.548,-97.119
76801,31.748,-99.033
76802,31.744,-98.911
76820,30.767,-99.05
76821,31.739,-99.934
76823,31.706,-99.151
76824,30.937,-98.467
76825,31.106,-99.394
76827,31.518,-99.135
76828,32.006,-99.292
76831,30.654,-98.918
76832,30.986,-98.736
76834,31.881,-99.481
76836,31.443,-99.549
76837,31.223,-99.896
76841,30.898,-100.108
76842,30.94,-99.08
76844,31.433,-98.523
76845,31.538,-99.488
76848,30.843,-99.57
76849,30.472,-99.822
76852,31.357,-99.457
76853,31.272,-98.365
76854,30.695,-99.581
76856,30.691,-99.273
76857,31.931,-98.927
76858,31.177,-99.616
76859,30.884,-99.854
76861,31.592,-100.193
76862,31.412,-99.682
76864,31.554,-98.731
76865,31.859,-100.165
76866,31.461,-99.934
76869,30.911,-98.994
76870,31.627,-98.547
76871,31.289,-98.995
76872,31.332,-99.166
76873,31.515,-99.381
76874,30.459,-100.069
76875,31.603,-100.0
76877,31.157,-98.764
76878,31.649,-99.295
76882,31.817,-99.702
76884,31.737,-99.568
76885,30.859,-98.861
76887,31.012,-99.159
76888,31.61,-99.64
76890,31.687,-98.776
76901,31.611,-100.553
76903,31.485,-100.438
76904,31.272,-100.401
76905,31.51,-100.322
76908,31.432,-100.402
76930,31.273,-101.173
76932,31.269,-101.542
76933,31.856,-100.288
76934,31.603,-100.669
76935,31.083,-100.424
76936,30.883,-100.596
76937,31.389,-100.151
76939,31.269,-100.564
76940,31.439,-100.143
76941,31.272,-100.889
76943,30.534,-101.306
76945,31.885,-100.611
76949,32.041,-100.695
76950,30.441,-100.561
76951,31.803,-101.056
76953,31.724,-100.332
76955,31.29,-100.153
76957,31.372,-100.305
76958,31.595,-100.799
77002,29.757,-95.366
77003,29.75,-95.346
77004,29.725,-95.364
77005,29.718,-95.424
77006,29.741,-95.391
77007,29.772,-95.411
77008,29.798,-95.417
77009,29.795,-95.368
77010,29.754,-95.36
77011,29.743,-95.309
77012,29.719,-95.274
77013,29.795,-95.234
77014,29.981,-95.464
77015,29.764,-95.173
77016,29.863,-95.3
77017,29.69,-95.252
77018,29.826,-95.426
77019,29.754,-95.409
77020,29.773,-95.314
77021,29.698,-95.357
77022,29.832,-95.38
77023,29.722,-95.318
77024,29.772,-95.514
77025,29.686,-95.435
77026,29.8,-95.329
77027,29.74,-95.446
77028,29.828,-95.287
77029,29.76,-95.256
77030,29.707,-95.402
77031,29.652,-95.546
77032,29.988,-95.353
77033,29.667,-95.335
77034,29.62,-95.192
77035,29.656,-95.472
77036,29.702,-95.535
77037,29.89,-95.393
77038,29.919,-95.441
77039,29.911,-95.341
77040,29.875,-95.527
77041,29.859,-95.581
77042,29.741,-95.56
77043,29.811,-95.585
77044,29.907,-95.181
77045,29.636,-95.433
77046,29.734,-95.433
77047,29.611,-95.387
77048,29.619,-95.324
77049,29.833,-95.149
77050,29.903,-95.269
77051,29.656,-95.379
77053,29.584,-95.461
77054,29.68,-95.405
77055,29.797,-95.492
77056,29.748,-95.469
77057,29.744,-95.488
77058,29.562,-95.1
77059,29.614,-95.119
77060,29.936,-95.398
77061,29.647,-95.277
77062,29.574,-95.131
77063,29.736,-95.523
77064,29.918,-95.536
77065,29.926,-95.604
77066,29.957,-95.503
77067,29.953,-95.447
77068,30.007,-95.488
77069,29.988,-95.531
77070,29.98,-95.573
77071,29.652,-95.52
77072,29.7,-95.585
77073,29.999,-95.4
77074,29.688,-95.516
77075,29.62,-95.269
77076,29.86,-95.382
77077,29.75,-95.615
77078,29.852,-95.254
77079,29.776,-95.603
77080,29.816,-95.523
77081,29.712,-95.481
77082,29.724,-95.64
77083,29.694,-95.65
77084,29.827,-95.66
77085,29.621,-95.485
77086,29.919,-95.492
77087,29.687,-95.304
77088,29.881,-95.453
77089,29.587,-95.226
77090,30.008,-95.439
77091,29.853,-95.436
77092,29.83,-95.474
77093,29.863,-95.341
77094,29.769,-95.681
77095,29.91,-95.651
77096,29.675,-95.479
77098,29.735,-95.416
77099,29.671,-95.586
77201,29.766,-95.364
77301,30.307,-95.439
77302,30.222,-95.339
77303,30.378,-95.377
77304,30.328,-95.516
77306,30.286,-95.312
77316,30.306,-95.686
77318,30.439,-95.533
77320,30.805,-95.551
77326,30.505,-94.817
77327,30.318,-94.916
77328,30.392,-95.191
77331,30.634,-95.162
77334,30.782,-95.373
77335,30.574,-94.911
77336,30.063,-95.099
77338,30.017,-95.286
77339,30.047,-95.221
77340,30.64,-95.538
77342,30.74,-95.556
77345,30.053,-95.158
77346,29.994,-95.177
77350,30.824,-94.833
77351,30.718,-94.817
77354,30.217,-95.647
77355,30.156,-95.749
77356,30.466,-95.73
77357,30.161,-95.19
77358,30.558,-95.436
77359,30.752,-95.302
77360,30.846,-95.118
77362,30.161,-95.669
77363,30.316,-95.85
77364,30.773,-95.215
77365,30.107,-95.297
77367,30.857,-95.398
77368,30.444,-94.823
77369,30.422,-94.735
77371,30.484,-94.99
77372,30.238,-95.164
77373,30.062,-95.384
77374,30.396,-94.624
77375,30.095,-95.586
77376,30.444,-94.664
77377,30.062,-95.682
77378,30.471,-95.364
77379,30.041,-95.529
77380,30.137,-95.468
77381,30.178,-95.501
77382,30.195,-95.548
77384,30.234,-95.496
77385,30.186,-95.411
77386,30.1,-95.356
77388,30.058,-95.471
77389,30.123,-95.517
77396,29.945,-95.26
77401,29.704,-95.461
77406,29.646,-95.795
77407,29.67,-95.708
77412,29.554,-96.412
77414,28.908,-95.868
77415,28.933,-95.735
77417,29.464,-95.966
77418,29.987,-96.253
77419,28.85,-96.257
77420,29.259,-95.93
77422,28.961,-95.558
77423,29.857,-95.977
77426,30.122,-96.258
77428,28.623,-96.19
77429,29.998,-95.667
77430,29.26,-95.668
77432,29.067,-96.189
77433,29.934,-95.748
77434,29.528,-96.305
77435,29.516,-96.121
77436,29.419,-96.238
77437,29.212,-96.281
77440,28.895,-96.148
77441,29.67,-95.922
77442,29.422,-96.506
77443,29.349,-96.192
77444,29.286,-95.778
77445,30.102,-96.059
77446,30.087,-95.99
77447,30.048,-95.834
77448,29.416,-96.085
77449,29.838,-95.734
77450,29.745,-95.742
77451,29.435,-96.005
77453,29.214,-96.0
77454,29.52,-96.198
77455,29.132,-96.428
77456,29.04,-96.061
77457,28.731,-95.882
77458,28.951,-96.237
77459,29.529,-95.524
77460,29.397,-96.385
77461,29.383,-95.806
77464,29.592,-95.955
77465,28.763,-96.23
77466,29.793,-96.012
77467,29.201,-96.102
77468,29.133,-95.941
77469,29.483,-95.68
77470,29.537,-96.546
77471,29.548,-95.862
77473,29.795,-96.108
77474,29.78,-96.181
77475,29.489,-96.652
77476,29.688,-95.952
77477,29.624,-95.568
77478,29.62,-95.606
77479,29.567,-95.636
77480,29.086,-95.767
77481,29.473,-95.558
77482,29.093,-95.903
77483,28.788,-95.839
77484,30.079,-95.932
77485,29.633,-96.055
77486,29.16,-95.692
77488,29.307,-96.091
77489,29.6,-95.516
77493,29.853,-95.831
77494,29.741,-95.83
77498,29.644,-95.653
77502,29.68,-95.2
77503,29.703,-95.159
77504,29.648,-95.19
77505,29.646,-95.14
77506,29.714,-95.2
77507,29.625,-95.063
77510,29.362,-95.087
77511,29.381,-95.242
77514,29.7,-94.603
77515,29.175,-95.45
77517,29.364,-95.131
77518,29.507,-94.987
77519,30.218,-94.575
77520,29.733,-94.994
77521,29.802,-94.97
77523,29.79,-94.859
77530,29.786,-95.117
77531,29.047,-95.392
77532,29.933,-95.057
77533,30.087,-94.6
77534,29.232,-95.314
77535,30.054,-94.922
77536,29.698,-95.121
77538,29.975,-94.523
77539,29.452,-95.028
77541,29.021,-95.278
77545,29.537,-95.475
77546,29.515,-95.192
77547,29.736,-95.238
77550,29.311,-94.776
77551,29.278,-94.833
77554,29.253,-94.925
77560,29.871,-94.602
77561,30.167,-94.735
77562,29.834,-95.051
77563,29.304,-95.032
77564,30.181,-94.665
77565,29.536,-95.026
77566,29.053,-95.474
77568,29.363,-94.98
77571,29.688,-95.057
77573,29.504,-95.087
77575,30.076,-94.733
77577,29.284,-95.282
77578,29.482,-95.362
77580,29.874,-94.857
77581,29.562,-95.28
77583,29.381,-95.469
77584,29.545,-95.351
77585,30.295,-94.525
77586,29.584,-95.036
77587,29.661,-95.23
77590,29.391,-94.92
77591,29.4,-94.997
77597,29.836,-94.702
77598,29.539,-95.135
77611,30.014,-93.828
77612,30.402,-93.922
77613,30.052,-94.361
77614,30.3,-93.773
77615,30.327,-94.052
77616,30.57,-94.182
77617,29.507,-94.518
77619,29.948,-93.919
77622,29.862,-94.288
77623,29.561,-94.414
77624,30.685,-94.292
77625,30.377,-94.374
77627,29.987,-94.009
77629,29.98,-94.403
77630,30.067,-93.869
77632,30.201,-93.805
77640,29.882,-93.941
77642,29.958,-93.892
77650,29.426,-94.686
77651,29.986,-93.956
77655,29.711,-93.938
77656,30.415,-94.174
77657,30.228,-94.197
77659,30.171,-94.432
77660,30.65,-94.141
77661,29.752,-94.421
77662,30.178,-94.018
77663,30.513,-94.394
77664,30.601,-94.414
77665,29.813,-94.416
77701,30.073,-94.105
77702,30.086,-94.128
77703,30.146,-94.127
77705,29.898,-94.161
77706,30.102,-94.173
77707,30.053,-94.171
77708,30.146,-94.161
77713,30.071,-94.252
77801,30.639,-96.362
77802,30.661,-96.323
77803,30.681,-96.386
77807,30.678,-96.484
77808,30.798,-96.312
77830,30.53,-96.013
77831,30.727,-95.904
77833,30.215,-96.41
77835,30.194,-96.588
77836,30.542,-96.676
77837,31.003,-96.689
77840,30.609,-96.326
77845,30.561,-96.273
77853,30.355,-96.84
77855,31.133,-96.137
77856,31.076,-96.426
77857,30.785,-96.706
77859,30.872,-96.527
77861,30.722,-96.109
77864,30.954,-95.905
77865,31.236,-96.229
77867,30.743,-96.548
77868,30.366,-96.046
77871,31.064,-96.127
77872,30.879,-96.139
77873,30.565,-95.8
77876,30.6,-95.875
77878,30.471,-96.438
77879,30.399,-96.498
77880,30.287,-96.189
77901,28.805,-96.985
77904,28.938,-97.02
77905,28.731,-97.043
77950,28.292,-96.898
77951,28.634,-96.901
77954,29.097,-97.282
77957,29.042,-96.69
77960,28.677,-97.199
77961,28.858,-96.354
77962,29.021,-96.49
77963,28.652,-97.406
77964,29.379,-96.835
77968,28.905,-96.829
77969,28.775,-96.659
77970,28.847,-96.429
77971,28.833,-96.522
77973,28.544,-96.971
77974,28.897,-97.322
77975,29.56,-97.082
77976,28.954,-97.123
77977,28.696,-96.794
77978,28.667,-96.571
77979,28.61,-96.609
77982,28.445,-96.492
77983,28.442,-96.58
77984,29.453,-97.192
77987,29.343,-97.076
77988,28.839,-96.89
77990,28.485,-96.925
77991,28.799,-96.615
77993,28.858,-97.429
77994,29.178,-97.472
77995,29.202,-97.076
78001,28.292,-99.213
78002,29.284,-98.738
78003,29.707,-99.095
78004,29.903,-98.556
78005,28.942,-98.851
78006,29.859,-98.703
78007,28.498,-98.369
78008,28.704,-98.264
78009,29.357,-98.887
78010,29.903,-99.038
78011,28.791,-98.718
78012,28.765,-98.486
78013,29.972,-98.905
78014,28.371,-99.135
78015,29.743,-98.652
78016,29.172,-98.967
78017,28.712,-99.177
78019,28.042,-99.399
78021,28.497,-98.828
78022,28.257,-98.143
78023,29.61,-98.747
78024,30.044,-99.516
78025,30.082,-99.283
78026,28.821,-98.61
78027,29.969,-98.539
78028,30.037,-99.163
78029,30.159,-99.345
78039,29.312,-98.835
78040,27.514,-99.502
78041,27.545,-99.462
78043,27.555,-99.266
78044,27.752,-99.126
78045,27.834,-99.681
78046,27.374,-99.347
78050,29.071,-98.482
78052,29.204,-98.777
78055,29.83,-99.331
78056,29.537,-98.934
78057,29.037,-99.001
78058,30.095,-99.628
78059,29.2,-98.841
78060,28.447,-98.107
78061,28.888,-99.141
78063,29.69,-98.911
78064,28.936,-98.429
78065,29.08,-98.642
78066,29.501,-98.853
78067,27.128,-99.331
78069,29.179,-98.67
78070,29.894,-98.391
78071,28.47,-98.226
78072,28.31,-98.573
78073,29.244,-98.622
78075,28.626,-98.377
78076,26.931,-99.163
78101,29.354,-98.238
78102,28.408,-97.711
78104,28.523,-97.762
78107,28.568,-97.579
78108,29.57,-98.218
78109,29.488,-98.291
78112,29.186,-98.395
78113,28.867,-98.24
78114,29.115,-98.209
78116,29.102,-97.744
78117,28.938,-97.924
78118,28.801,-98.063
78119,28.733,-97.895
78121,29.35,-98.107
78122,29.429,-97.736
78123,29.6,-98.048
78124,29.557,-98.147
78125,28.541,-97.957
78130,29.694,-98.073
78132,29.759,-98.191
78133,29.889,-98.245
78140,29.334,-97.766
78141,28.914,-97.633
78142,28.537,-97.811
78143,29.259,-97.851
78144,28.951,-97.893
78145,28.645,-97.994
78146,28.603,-97.839
78147,29.073,-98.08
78148,29.544,-98.295
78150,29.526,-98.277
78151,28.864,-97.705
78152,29.437,-98.205
78154,29.547,-98.263
78155,29.543,-97.937
78159,29.232,-97.591
78160,29.253,-97.927
78161,29.293,-98.057
78162,28.59,-97.773
78163,29.769,-98.453
78164,28.983,-97.521
78201,29.468,-98.529
78202,29.428,-98.461
78203,29.415,-98.459
78204,29.404,-98.505
78205,29.424,-98.486
78207,29.422,-98.526
78208,29.44,-98.459
78209,29.489,-98.456
78210,29.396,-98.464
78211,29.343,-98.57
78212,29.465,-98.494
78213,29.516,-98.523
78214,29.325,-98.47
78215,29.441,-98.481
78216,29.537,-98.488
78217,29.538,-98.415
78218,29.49,-98.397
78219,29.447,-98.387
78220,29.418,-98.394
78221,29.299,-98.483
78222,29.355,-98.372
78223,29.312,-98.391
78224,29.306,-98.531
78225,29.388,-98.526
78226,29.384,-98.57
78227,29.407,-98.63
78228,29.461,-98.571
78229,29.502,-98.569
78230,29.547,-98.557
78231,29.579,-98.542
78232,29.589,-98.475
78233,29.556,-98.362
78234,29.461,-98.439
78235,29.345,-98.444
78236,29.391,-98.619
78237,29.421,-98.571
78238,29.472,-98.618
78239,29.519,-98.363
78240,29.525,-98.607
78242,29.35,-98.607
78243,29.371,-98.593
78244,29.474,-98.348
78245,29.401,-98.731
78247,29.586,-98.407
78248,29.59,-98.525
78249,29.565,-98.612
78250,29.503,-98.665
78251,29.462,-98.677
78252,29.341,-98.706
78253,29.469,-98.798
78254,29.539,-98.726
78255,29.652,-98.656
78256,29.622,-98.626
78257,29.66,-98.583
78258,29.634,-98.497
78259,29.627,-98.427
78260,29.697,-98.487
78261,29.69,-98.402
78263,29.364,-98.304
78264,29.193,-98.491
78266,29.651,-98.338
78330,27.743,-97.916
78332,27.725,-98.135
78335,27.873,-97.092
78336,27.927,-97.178
78338,26.911,-97.774
78339,27.805,-97.792
78340,28.121,-97.197
78341,27.634,-98.497
78342,27.66,-98.076
78343,27.622,-97.751
78344,27.48,-98.865
78349,27.373,-98.285
78351,27.673,-97.76
78352,27.963,-97.679
78353,26.881,-98.216
78355,27.194,-98.207
78357,27.836,-98.629
78358,28.068,-97.042
78359,27.924,-97.287
78361,27.1,-98.79
78362,27.85,-97.203
78363,27.444,-97.866
78368,28.103,-97.808
78369,27.365,-98.997
78370,27.948,-97.599
78371,27.615,-98.946
78372,27.988,-98.067
78373,27.777,-97.115
78374,27.892,-97.384
78375,27.396,-98.171
78376,27.421,-98.514
78377,28.35,-97.156
78379,27.307,-97.78
78380,27.791,-97.742
78382,28.133,-97.062
78383,28.093,-97.963
78384,27.85,-98.386
78385,27.139,-97.901
78387,28.122,-97.553
78389,28.246,-97.651
78390,27.997,-97.327
78391,28.18,-97.708
78393,28.187,-97.382
78401,27.798,-97.399
78402,27.819,-97.392
78404,27.768,-97.399
78405,27.774,-97.439
78406,27.771,-97.519
78407,27.811,-97.44
78408,27.795,-97.447
78409,27.809,-97.523
78410,27.838,-97.596
78411,27.73,-97.385
78412,27.704,-97.345
78413,27.683,-97.406
78414,27.663,-97.371
78415,27.658,-97.48
78416,27.752,-97.437
78417,27.74,-97.467
78418,27.627,-97.269
78419,27.695,-97.269
78501,26.216,-98.24
78503,26.162,-98.249
78504,26.272,-98.237
78516,26.145,-98.121
78520,25.963,-97.55
78521,25.944,-97.318
78526,25.989,-97.443
78535,26.253,-97.744
78536,26.649,-98.451
78537,26.162,-98.059
78538,26.375,-97.98
78539,26.281,-98.183
78541,26.45,-98.277
78542,26.451,-98.092
78543,26.297,-98.0
78545,26.587,-99.12
78548,26.275,-98.655
78549,26.457,-98.035
78550,26.256,-97.668
78552,26.194,-97.751
78557,26.113,-98.241
78558,26.308,-98.039
78559,26.149,-97.831
78560,26.243,-98.494
78561,26.477,-97.921
78562,26.298,-97.902
78563,26.654,-98.26
78564,26.678,-99.103
78565,26.254,-98.567
78566,26.148,-97.37
78567,26.053,-97.74
78569,26.368,-97.744
78570,26.175,-97.913
78572,26.229,-98.375
78573,26.296,-98.3
78574,26.319,-98.37
78575,26.022,-97.526
78576,26.322,-98.476
78577,26.152,-98.19
78578,26.052,-97.313
78579,26.083,-97.962
78580,26.488,-97.739
78582,26.531,-98.74
78583,26.261,-97.489
78584,26.573,-98.963
78585,26.523,-99.111
78586,26.106,-97.629
78588,26.738,-98.397
78589,26.168,-98.155
78590,26.508,-97.648
78591,26.583,-98.522
78592,26.062,-97.847
78593,26.276,-97.824
78594,26.345,-97.795
78595,26.291,-98.545
78596,26.159,-97.989
78597,26.235,-97.272
78598,26.569,-97.442
78602,30.124,-97.328
78605,30.773,-98.045
78606,30.084,-98.476
78607,30.822,-98.477
78608,30.936,-97.935
78609,30.76,-98.438
78610,30.079,-97.838
78611,30.801,-98.283
78612,30.094,-97.495
78613,30.504,-97.824
78614,29.41,-97.587
78615,30.465,-97.384
78616,29.94,-97.568
78617,30.147,-97.6
78618,30.465,-99.156
78619,30.112,-98.034
78620,30.224,-98.135
78621,30.339,-97.361
78622,29.755,-97.776
78623,29.971,-98.228
78624,30.281,-98.877
78626,30.658,-97.618
78628,30.664,-97.777
78629,29.477,-97.449
78631,30.34,-99.307
78632,29.696,-97.471
78633,30.75,-97.76
78634,30.56,-97.546
78635,30.183,-98.567
78636,30.317,-98.425
78638,29.66,-97.785
78639,30.673,-98.443
78640,29.999,-97.828
78641,30.562,-97.908
78642,30.691,-97.941
78643,30.689,-98.69
78644,29.872,-97.677
78645,30.45,-97.972
78648,29.69,-97.634
78650,30.304,-97.219
78652,30.133,-97.875
78653,30.34,-97.524
78654,30.581,-98.209
78655,29.816,-97.835
78656,29.905,-97.807
78657,30.531,-98.378
78659,30.207,-97.125
78660,30.44,-97.595
78661,29.722,-97.759
78662,29.926,-97.426
78663,30.402,-98.36
78664,30.502,-97.647
78665,30.543,-97.646
78666,29.88,-97.966
78669,30.43,-98.113
78670,29.774,-97.817
78671,30.219,-98.63
78672,30.859,-98.47
78675,30.435,-98.707
78676,30.034,-98.143
78677,29.35,-97.58
78681,30.534,-97.726
78701,30.271,-97.743
78702,30.263,-97.714
78703,30.293,-97.766
78704,30.243,-97.765
78705,30.294,-97.739
78712,30.282,-97.731
78717,30.492,-97.748
78719,30.195,-97.668
78721,30.27,-97.684
78722,30.29,-97.715
78723,30.304,-97.686
78724,30.293,-97.618
78725,30.23,-97.609
78726,30.431,-97.84
78727,30.43,-97.718
78728,30.454,-97.692
78729,30.458,-97.755
78730,30.37,-97.836
78731,30.348,-97.768
78732,30.378,-97.895
78733,30.321,-97.885
78734,30.379,-97.951
78735,30.268,-97.869
78736,30.261,-97.959
78737,30.19,-97.957
78738,30.32,-97.958
78739,30.178,-97.889
78741,30.231,-97.714
78742,30.242,-97.659
78744,30.176,-97.728
78745,30.207,-97.797
78746,30.297,-97.81
78747,30.127,-97.74
78748,30.167,-97.824
78749,30.216,-97.856
78750,30.419,-97.803
78751,30.311,-97.723
78752,30.332,-97.704
78753,30.382,-97.673
78754,30.356,-97.645
78756,30.322,-97.74
78757,30.352,-97.733
78758,30.388,-97.707
78759,30.403,-97.761
78801,29.363,-99.898
78802,29.151,-100.016
78827,28.422,-99.733
78828,29.868,-100.019
78829,28.889,-99.563
78830,28.525,-99.508
78832,29.396,-100.44
78833,29.675,-100.079
78834,28.454,-99.918
78836,28.302,-99.704
78837,29.837,-101.212
78838,29.537,-99.747
78839,28.718,-99.823
78840,29.73,-100.881
78843,29.358,-100.777
78850,29.285,-99.329
78851,30.028,-101.97
78852,28.73,-100.317
78860,28.479,-100.278
78861,29.43,-99.149
78870,29.304,-99.631
78871,30.007,-101.655
78872,28.926,-99.865
78873,29.815,-99.727
78877,28.951,-100.593
78879,29.644,-99.682
78880,29.989,-100.285
78881,29.384,-99.53
78883,29.678,-99.317
78884,29.605,-99.46
78885,29.809,-99.54
78886,29.136,-99.169
78931,30.024,-96.451
78932,30.164,-96.718
78933,29.791,-96.359
78934,29.693,-96.557
78935,29.695,-96.424
78938,29.807,-96.687
78940,29.94,-96.659
78941,29.728,-97.158
78942,30.168,-96.923
78943,29.709,-96.616
78944,30.028,-96.496
78945,29.912,-96.89
78946,30.188,-96.779
78947,30.42,-97.036
78948,30.321,-96.976
78949,29.833,-97.087
78950,29.905,-96.483
78951,29.587,-96.824
78953,29.844,-97.358
78954,30.043,-96.699
78956,29.686,-96.934
78957,30.014,-97.182
78959,29.701,-97.301
78962,29.658,-96.733
78963,29.917,-97.029
79001,35.34,-102.795
79003,35.582,-100.069
79005,36.38,-100.507
79007,35.707,-101.399
79009,34.533,-102.88
79010,35.451,-102.141
79011,35.634,-100.232
79012,35.265,-102.128
79013,36.039,-102.003
79014,35.908,-100.285
79015,34.937,-101.916
79016,34.983,-101.919
79018,35.748,-102.213
79019,35.007,-101.394
79021,33.985,-102.028
79022,36.098,-102.607
79024,36.44,-100.369
79025,34.941,-102.206
79027,34.408,-102.42
79029,35.902,-102.026
79031,34.27,-102.45
79032,34.283,-101.941
79033,36.33,-100.984
79034,36.36,-100.157
79035,34.69,-102.785
79036,35.613,-101.547
79039,35.26,-101.096
79040,36.318,-101.559
79041,34.043,-101.932
79042,34.741,-101.911
79043,34.368,-102.135
79044,35.863,-102.368
79045,34.915,-102.555
79046,36.164,-100.122
79051,36.483,-102.259
79052,34.362,-101.743
79053,34.408,-102.579
79054,35.375,-100.822
79056,36.224,-100.212
79057,35.246,-100.642
79058,35.58,-101.855
79059,35.831,-100.766
79061,35.525,-100.442
79062,36.03,-101.508
79063,34.531,-102.096
79064,34.195,-102.119
79065,35.541,-100.907
79068,35.347,-101.444
79070,36.27,-100.794
79072,34.17,-101.734
79078,35.72,-101.581
79079,35.209,-100.243
79080,35.749,-101.214
79081,36.242,-101.218
79082,34.224,-102.288
79083,35.886,-101.515
79084,36.277,-101.997
79085,34.741,-102.514
79086,36.046,-101.784
79087,36.288,-102.914
79088,34.581,-101.697
79091,34.898,-102.126
79092,35.313,-102.446
79093,36.29,-101.034
79094,34.84,-101.51
79095,34.904,-100.208
79096,35.437,-100.197
79097,35.436,-101.178
79098,35.153,-102.217
79101,35.206,-101.84
79102,35.196,-101.866
79103,35.177,-101.794
79104,35.203,-101.789
79105,35.691,-101.821
79106,35.203,-101.895
79107,35.231,-101.803
79108,35.308,-101.691
79109,35.166,-101.886
79110,35.145,-101.876
79111,35.221,-101.708
79118,35.106,-101.74
79119,35.109,-102.018
79121,35.175,-101.93
79124,35.267,-101.958
79201,34.438,-100.281
79220,33.754,-100.795
79225,34.256,-99.515
79226,34.901,-100.995
79227,33.9,-99.77
79229,33.666,-100.677
79230,34.702,-100.069
79231,33.906,-101.07
79233,34.521,-100.526
79234,34.23,-100.935
79235,33.962,-101.246
79236,33.711,-100.384
79237,34.918,-100.646
79239,34.656,-100.764
79240,34.886,-100.78
79241,34.18,-101.388
79243,33.774,-100.99
79244,34.03,-100.844
79245,34.856,-100.51
79247,34.33,-99.409
79248,33.994,-100.287
79250,33.878,-101.595
79251,34.943,-100.452
79252,34.304,-99.819
79255,34.35,-101.051
79256,33.9,-100.746
79257,34.457,-101.287
79258,34.228,-101.289
79259,34.398,-100.473
79261,34.447,-100.81
79311,33.858,-101.882
79312,34.019,-102.42
79313,33.805,-102.162
79314,33.585,-103.015
79316,33.138,-102.326
79322,33.633,-101.179
79323,32.946,-102.869
79324,33.898,-102.682
79325,34.425,-102.944
79326,34.078,-102.216
79329,33.715,-101.675
79330,33.041,-101.225
79331,32.695,-102.01
79336,33.604,-102.398
79339,33.889,-102.337
79342,32.908,-102.337
79343,33.659,-101.531
79344,33.845,-102.93
79345,33.338,-102.331
79346,33.648,-102.825
79347,34.173,-102.789
79350,33.731,-101.826
79351,32.927,-101.764
79353,33.784,-102.582
79355,33.182,-102.877
79356,33.286,-101.339
79357,33.612,-101.405
79358,33.442,-102.195
79359,32.971,-102.587
79360,32.69,-102.725
79363,33.708,-102.045
79364,33.452,-101.644
79366,33.53,-101.685
79367,33.621,-102.191
79369,33.956,-102.145
79370,33.508,-100.908
79371,33.953,-102.966
79372,33.434,-102.488
79373,33.183,-101.827
79376,33.234,-102.673
79377,32.93,-102.134
79378,33.058,-102.475
79379,33.511,-102.646
79380,33.736,-102.332
79381,33.313,-101.771
79382,33.455,-102.014
79401,33.589,-101.85
79403,33.644,-101.775
79404,33.528,-101.794
79406,33.586,-101.878
79407,33.567,-102.079
79410,33.57,-101.891
79411,33.57,-101.858
79412,33.546,-101.857
79413,33.547,-101.886
79414,33.548,-101.92
79415,33.701,-101.897
79416,33.6,-101.983
79423,33.44,-101.855
79424,33.468,-101.948
79501,32.748,-99.905
79502,33.183,-100.245
79503,32.869,-99.693
79504,32.336,-99.351
79505,33.577,-99.81
79506,32.106,-100.313
79508,32.274,-99.826
79510,32.266,-99.519
79511,32.416,-101.25
79512,32.304,-100.924
79517,32.88,-101.247
79518,33.341,-100.715
79519,32.05,-99.694
79520,32.857,-100.124
79521,33.123,-99.65
79525,32.63,-99.831
79526,32.636,-100.717
79527,32.593,-101.059
79528,33.193,-100.894
79529,33.432,-99.854
79530,32.119,-99.749
79532,32.405,-100.711
79533,32.857,-99.551
79534,32.764,-100.212
79535,32.223,-100.48
79536,32.474,-100.033
79537,32.292,-100.211
79538,31.971,-99.684
79539,33.361,-99.877
79540,33.169,-100.041
79541,32.148,-99.81
79543,32.714,-100.408
79544,33.302,-99.853
79545,32.415,-100.574
79546,32.892,-100.498
79547,33.198,-99.905
79548,33.05,-99.919
79549,32.888,-100.841
79553,32.941,-99.851
79556,32.459,-100.358
79560,32.665,-100.213
79561,32.515,-100.195
79562,32.236,-99.866
79563,32.416,-99.906
79565,32.397,-101.088
79566,32.109,-100.135
79567,31.972,-99.95
79601,32.576,-99.665
79602,32.336,-99.667
79603,32.334,-99.928
79605,32.435,-99.782
79606,32.363,-99.817
79607,32.43,-99.833
79699,32.462,-99.716
79701,31.992,-102.081
79703,31.979,-102.132
79705,32.051,-102.06
79706,31.849,-102.005
79707,32.044,-102.199
79713,32.49,-101.754
79714,32.336,-102.697
79718,31.005,-103.759
79719,31.461,-103.404
79720,32.254,-101.473
79730,31.17,-103.085
79731,31.423,-102.488
79733,32.103,-101.365
79734,30.686,-103.96
79735,30.747,-102.791
79738,32.752,-101.475
79739,31.769,-101.506
79741,31.969,-102.631
79742,31.342,-102.868
79743,31.186,-102.594
79744,30.922,-101.97
79745,31.831,-103.056
79748,32.408,-101.652
79749,32.289,-101.872
79752,31.229,-102.162
79754,31.804,-103.6
79755,31.518,-101.918
79756,31.54,-102.845
79758,31.97,-102.321
79759,31.799,-102.633
79761,31.855,-102.351
79762,31.925,-102.358
79763,31.799,-102.474
79764,31.866,-102.538
79765,31.914,-102.263
79766,31.725,-102.414
79770,31.875,-103.933
79772,31.422,-103.627
79777,31.485,-103.161
79778,31.176,-101.924
79780,31.062,-103.592
79781,30.597,-101.785
79782,32.15,-101.827
79783,32.322,-102.042
79785,31.327,-103.907
79788,31.582,-102.977
79789,31.696,-103.139
79821,31.98,-106.599
79830,29.802,-103.222
79831,30.429,-103.326
79834,29.166,-103.271
79835,31.936,-106.59
79836,31.573,-106.199
79837,32.234,-105.287
79838,31.483,-106.168
79839,31.333,-105.903
79842,30.086,-103.118
79843,30.285,-104.006
79845,29.888,-104.519
79846,29.388,-103.99
79847,31.836,-105.053
79848,30.261,-102.301
79849,31.561,-106.25
79851,31.278,-105.312
79852,29.396,-103.617
79853,31.434,-106.063
79854,30.591,-104.66
79855,31.093,-104.625
79901,31.761,-106.479
79902,31.784,-106.499
79903,31.786,-106.442
79904,31.853,-106.448
79905,31.766,-106.426
79906,31.811,-106.405
79907,31.707,-106.327
79908,31.857,-106.38
79911,31.892,-106.543
79912,31.849,-106.534
79915,31.746,-106.371
79916,31.814,-106.418
79920,31.825,-106.452
79922,31.814,-106.561
79924,31.902,-106.413
79925,31.797,-106.357
79927,31.64,-106.269
79928,31.631,-106.16
79930,31.829,-106.483
79932,31.875,-106.608
79934,31.951,-106.434
79935,31.768,-106.329
79936,31.777,-106.297
79938,31.83,-105.971
79942,30.576,-101.331
80002,39.795,-105.105
80003,39.825,-105.064
80004,39.817,-105.124
80005,39.852,-105.131
80007,39.863,-105.192
80010,39.739,-104.863
80011,39.739,-104.782
80012,39.7,-104.838
80013,39.661,-104.766
80014,39.664,-104.838
80015,39.627,-104.779
80016,39.599,-104.708
80017,39.698,-104.785
80018,39.688,-104.69
80019,39.787,-104.702
80020,39.931,-105.074
80021,39.891,-105.114
80022,39.88,-104.799
80023,39.976,-105.009
80024,39.844,-104.918
80025,39.94,-105.284
80026,40.012,-105.1
80027,39.951,-105.159
80030,39.831,-105.037
80031,39.874,-105.039
80033,39.773,-105.105
80045,39.748,-104.838
80101,39.365,-104.019
80102,39.746,-104.443
80103,39.78,-104.143
80104,39.276,-104.832
80105,39.668,-103.969
80106,39.186,-104.516
80107,39.409,-104.573
80108,39.446,-104.853
80109,39.364,-104.901
80110,39.646,-105.011
80111,39.613,-104.878
80112,39.577,-104.858
80113,39.644,-104.965
80116,39.32,-104.71
80117,39.37,-104.343
80118,39.192,-104.905
80120,39.594,-105.011
80121,39.611,-104.949
80122,39.58,-104.955
80123,39.616,-105.069
80124,39.533,-104.891
80125,39.485,-105.052
80126,39.541,-104.959
80127,39.531,-105.164
80128,39.564,-105.079
80129,39.546,-105.01
80130,39.531,-104.923
80131,39.476,-105.008
80132,39.099,-104.847
80133,39.097,-104.981
80134,39.485,-104.779
80135,39.255,-105.157
80136,39.792,-104.28
80137,39.77,-104.597
80138,39.518,-104.671
80202,39.752,-104.998
80203,39.732,-104.983
80204,39.735,-105.02
80205,39.759,-104.963
80206,39.73,-104.953
80207,39.762,-104.917
80209,39.707,-104.966
80210,39.677,-104.962
80211,39.767,-105.02
80212,39.772,-105.048
80214,39.743,-105.069
80215,39.745,-105.116
80216,39.789,-104.956
80218,39.731,-104.971
80219,39.695,-105.036
80220,39.734,-104.917
80221,39.817,-105.011
80222,39.671,-104.928
80223,39.696,-105.004
80224,39.688,-104.911
80226,39.713,-105.092
80227,39.666,-105.09
80228,39.695,-105.173
80229,39.855,-104.957
80230,39.719,-104.89
80231,39.671,-104.888
80232,39.687,-105.09
80233,39.9,-104.947
80234,39.91,-105.003
80235,39.648,-105.089
80236,39.652,-105.04
80237,39.64,-104.902
80238,39.772,-104.882
80239,39.788,-104.839
80241,39.93,-104.955
80246,39.705,-104.931
80247,39.698,-104.879
80249,39.855,-104.696
80260,39.867,-105.006
80264,39.742,-104.985
80290,39.744,-104.987
80293,39.746,-104.99
80294,39.749,-104.989
80301,40.049,-105.201
80302,40.043,-105.372
80303,39.973,-105.209
80304,40.045,-105.291
80305,39.975,-105.248
80310,40.002,-105.264
80401,39.719,-105.236
80403,39.837,-105.3
80419,39.728,-105.203
80420,39.325,-106.117
80421,39.461,-105.501
80422,39.87,-105.529
80423,39.885,-106.587
80424,39.473,-106.004
80425,39.35,-105.206
80426,39.912,-107.0
80427,39.78,-105.495
80428,40.844,-106.925
80432,39.222,-105.797
80433,39.478,-105.262
80434,40.843,-106.287
80435,39.574,-105.935
80436,39.781,-105.64
80438,39.744,-105.794
80439,39.634,-105.44
80440,39.229,-105.97
80442,39.924,-105.889
80443,39.556,-106.17
80444,39.608,-105.751
80446,40.176,-105.949
80447,40.297,-105.762
80448,39.423,-105.65
80449,38.977,-105.857
80451,40.098,-106.073
80452,39.689,-105.671
80453,39.663,-105.243
80454,39.63,-105.248
80455,40.095,-105.398
80456,39.248,-105.537
80457,39.648,-105.291
80459,40.177,-106.455
80461,39.232,-106.313
80463,39.971,-106.72
80465,39.609,-105.206
80466,39.974,-105.547
80467,40.207,-106.826
80468,39.952,-106.123
80469,40.2,-106.969
80470,39.38,-105.324
80471,39.935,-105.421
80473,40.416,-106.134
80475,39.455,-105.57
80476,39.671,-105.834
80477,40.486,-106.829
80478,40.029,-105.853
80479,40.036,-106.814
80480,40.673,-106.342
80481,40.101,-105.577
80482,39.898,-105.786
80483,40.092,-106.936
80487,40.541,-106.85
80488,40.449,-106.818
80497,39.671,-106.0
80498,39.747,-106.271
80501,40.165,-105.103
80503,40.169,-105.21
80504,40.163,-105.03
80510,40.212,-105.607
80511,40.34,-105.572
80512,40.631,-105.574
80513,40.297,-105.104
80514,40.066,-104.955
80515,40.462,-105.382
80516,40.051,-105.028
80517,40.385,-105.586
80520,40.113,-104.931
80521,40.595,-105.127
80524,40.647,-105.03
80525,40.53,-105.037
80526,40.519,-105.143
80528,40.495,-105.005
80530,40.098,-104.929
80532,40.493,-105.467
80534,40.332,-104.937
80535,40.733,-105.184
80536,40.868,-105.369
80537,40.363,-105.177
80538,40.458,-105.051
80540,40.236,-105.365
80542,40.235,-104.999
80543,40.35,-104.857
80544,40.103,-105.171
80545,40.875,-105.638
80546,40.525,-104.85
80547,40.527,-104.965
80549,40.858,-105.044
80550,40.485,-104.901
80601,39.962,-104.808
80602,39.966,-104.909
80603,39.982,-104.737
80610,40.674,-104.591
80611,40.625,-104.287
80612,40.872,-104.853
80615,40.546,-104.646
80620,40.374,-104.717
80621,40.107,-104.801
80622,40.538,-104.46
80623,40.285,-104.783
80624,40.487,-104.499
80631,40.443,-104.673
80634,40.403,-104.793
80640,39.887,-104.881
80642,40.051,-104.612
80643,40.113,-104.489
80644,40.428,-104.425
80645,40.331,-104.668
80648,40.756,-104.741
80649,40.401,-104.186
80650,40.622,-104.83
80651,40.242,-104.809
80652,40.139,-104.275
80653,40.423,-103.975
80654,40.138,-104.065
80701,40.165,-103.871
80705,40.27,-103.83
80720,40.078,-103.22
80721,40.69,-102.154
80722,40.507,-103.272
80723,40.194,-103.543
80726,40.905,-102.793
80727,40.076,-102.511
80728,40.645,-102.874
80729,40.884,-104.269
80731,40.594,-102.6
80733,40.371,-103.451
80734,40.52,-102.292
80735,39.71,-102.273
80736,40.812,-103.027
80737,40.876,-102.178
80740,39.726,-103.383
80741,40.567,-103.477
80742,40.756,-103.835
80743,40.197,-102.955
80744,40.874,-102.392
80745,40.895,-103.413
80746,40.61,-102.466
80747,40.942,-103.086
80749,40.867,-102.547
80750,40.415,-103.605
80751,40.637,-103.232
80754,40.722,-103.665
80755,39.912,-102.345
80757,39.791,-103.583
80758,40.139,-102.193
80759,40.135,-102.686
80801,39.732,-103.101
80802,38.837,-102.173
80804,39.347,-103.248
80805,39.306,-102.456
80807,39.322,-102.223
80808,38.982,-104.304
80809,38.852,-105.009
80810,38.822,-102.429
80812,39.619,-102.85
80813,38.805,-105.159
80814,38.96,-105.194
80815,39.397,-103.063
80816,38.858,-105.316
80817,38.639,-104.686
80818,39.386,-103.48
80819,38.972,-105.018
80820,38.839,-105.561
80821,38.98,-103.371
80822,39.702,-102.67
80823,38.663,-103.419
80824,39.651,-102.499
80825,38.833,-102.828
80827,39.056,-105.467
80828,39.328,-103.748
80829,38.829,-104.935
80830,39.114,-103.894
80831,38.994,-104.491
80832,39.017,-104.013
80833,38.763,-103.965
80834,39.265,-102.884
80835,39.218,-104.023
80836,39.298,-102.584
80840,38.995,-104.862
80860,38.706,-105.088
80861,39.332,-102.722
80862,38.873,-103.058
80863,39.02,-105.114
80864,38.698,-104.187
80902,38.669,-104.808
80903,38.832,-104.815
80904,38.861,-104.876
80905,38.819,-104.838
80906,38.753,-104.878
80907,38.878,-104.827
80908,39.048,-104.691
80909,38.853,-104.775
80910,38.812,-104.775
80911,38.753,-104.723
80913,38.687,-104.749
80914,38.824,-104.704
80915,38.85,-104.717
80916,38.807,-104.708
80917,38.886,-104.745
80918,38.91,-104.78
80919,38.928,-104.853
80920,38.958,-104.771
80921,39.016,-104.91
80922,38.891,-104.701
80923,38.927,-104.715
80924,38.968,-104.721
80925,38.758,-104.656
80926,38.635,-104.903
80927,38.929,-104.658
80928,38.63,-104.402
80929,38.825,-104.627
80930,38.814,-104.502
80938,38.905,-104.663
80939,38.878,-104.677
80951,38.908,-104.643
81001,38.296,-104.533
81003,38.28,-104.631
81004,38.044,-104.714
81005,38.198,-104.81
81006,38.236,-104.497
81007,38.36,-104.773
81008,38.442,-104.622
81019,37.944,-104.842
81020,37.549,-104.491
81021,38.388,-103.381
81022,38.05,-104.423
81023,38.053,-104.964
81024,37.249,-104.735
81025,38.455,-104.355
81027,37.189,-103.8
81029,37.083,-102.509
81030,38.101,-103.524
81033,38.195,-103.861
81036,38.388,-102.757
81038,38.079,-103.14
81039,37.939,-104.085
81040,37.783,-105.227
81041,37.867,-102.37
81043,38.131,-102.221
81044,37.86,-102.948
81045,38.488,-103.165
81047,38.11,-102.149
81049,37.379,-103.388
81050,37.942,-103.515
81052,37.918,-102.64
81054,37.946,-103.157
81055,37.492,-105.112
81057,38.122,-102.879
81058,38.1,-103.883
81059,37.505,-104.021
81062,38.297,-103.964
81063,38.431,-103.771
81064,37.225,-102.999
81067,37.934,-103.778
81069,37.893,-104.904
81071,38.436,-102.246
81073,37.425,-102.705
81076,38.343,-103.602
81077,38.018,-103.631
81081,37.048,-104.215
81082,37.182,-104.518
81084,37.586,-102.41
81087,37.366,-102.409
81089,37.652,-104.738
81090,37.362,-102.227
81091,37.149,-104.965
81092,38.194,-102.752
81101,37.481,-105.833
81120,37.228,-106.319
81121,37.11,-107.439
81122,37.351,-107.476
81123,37.4,-105.572
81124,37.306,-106.161
81125,37.819,-106.07
81126,37.156,-105.335
81128,37.08,-106.621
81129,37.103,-106.029
81130,37.536,-107.061
81131,37.865,-105.679
81132,37.711,-106.429
81133,37.43,-105.307
81136,37.72,-105.813
81137,37.052,-107.614
81138,37.031,-105.62
81140,37.315,-106.105
81141,37.162,-105.858
81143,38.049,-105.857
81144,37.553,-106.167
81146,37.624,-105.684
81147,37.323,-107.086
81148,37.172,-105.985
81149,38.102,-106.346
81151,37.279,-105.808
81152,37.111,-105.402
81154,37.575,-106.604
81155,38.288,-106.074
81201,38.555,-106.066
81210,38.809,-106.678
81211,38.973,-106.381
81212,38.536,-105.398
81220,38.308,-107.481
81221,38.362,-105.144
81222,38.348,-105.831
81223,38.365,-105.613
81224,38.88,-106.933
81225,38.966,-106.926
81226,38.315,-105.145
81227,38.549,-106.29
81230,38.395,-106.954
81231,38.55,-106.92
81232,38.285,-105.61
81233,38.426,-105.825
81235,38.013,-107.299
81236,38.676,-106.263
81237,38.603,-106.614
81239,38.509,-106.664
81240,38.5,-105.034
81241,38.623,-106.508
81242,38.508,-106.075
81243,38.266,-107.192
81244,38.363,-105.178
81248,38.464,-106.378
81251,39.112,-106.474
81252,38.111,-105.428
81253,38.227,-105.065
81301,37.441,-107.853
81303,37.121,-107.885
81320,37.72,-108.735
81321,37.313,-108.735
81323,37.703,-108.127
81324,37.658,-109.03
81325,37.92,-108.727
81326,37.156,-108.187
81327,37.518,-108.661
81328,37.36,-108.258
81330,37.231,-108.483
81331,37.446,-108.907
81332,37.7,-107.991
81334,37.146,-108.613
81335,37.496,-108.757
81401,38.484,-107.773
81403,38.368,-107.957
81410,38.805,-107.966
81411,38.251,-108.98
81413,38.966,-107.956
81415,38.624,-107.627
81416,38.752,-108.137
81418,38.849,-107.988
81419,38.881,-107.745
81422,38.347,-108.711
81423,38.023,-108.372
81424,38.328,-108.44
81425,38.494,-108.247
81426,37.868,-107.891
81427,38.026,-107.61
81428,38.963,-107.6
81429,38.324,-108.876
81430,38.024,-108.02
81431,38.111,-108.57
81432,38.097,-107.755
81433,37.765,-107.586
81434,38.982,-107.431
81435,37.908,-107.861
81501,39.072,-108.547
81503,39.03,-108.434
81504,39.08,-108.49
81505,39.256,-108.534
81506,39.123,-108.532
81507,39.01,-108.652
81520,39.111,-108.434
81521,39.131,-108.806
81522,38.618,-108.913
81523,38.969,-108.891
81524,39.274,-108.787
81525,39.287,-108.946
81526,39.097,-108.334
81527,38.797,-108.483
81601,39.601,-107.304
81610,40.279,-108.762
81611,39.158,-106.669
81612,39.134,-106.837
81615,39.221,-106.929
81620,39.596,-106.513
81621,39.403,-106.805
81623,39.247,-107.163
81624,39.199,-107.706
81625,40.745,-107.695
81630,39.408,-108.573
81631,39.629,-106.75
81632,39.629,-106.608
81633,40.338,-108.429
81635,39.495,-108.048
81637,39.778,-107.106
81638,40.316,-107.549
81639,40.507,-107.239
81640,40.668,-108.514
81641,40.084,-107.747
81642,39.318,-106.656
81643,39.066,-108.152
81645,39.456,-106.458
81646,39.104,-108.005
81647,39.611,-107.567
81648,39.94,-108.665
81649,39.53,-106.278
81650,39.751,-108.114
81652,39.485,-107.655
81653,40.97,-107.227
81654,39.206,-107.046
81655,39.781,-106.46
81656,39.284,-106.897
81657,39.676,-106.308
82001,41.092,-104.936
82005,41.14,-104.875
82007,41.081,-104.698
82009,41.374,-104.843
82050,41.447,-104.266
82051,41.582,-105.595
82052,41.119,-105.309
82053,41.252,-104.369
82054,41.064,-104.361
82055,41.332,-106.176
82058,42.087,-105.636
82059,41.053,-105.179
82060,41.277,-104.497
82061,41.445,-105.161
82063,40.882,-105.997
82070,41.195,-105.832
82072,41.414,-105.477
82073,41.357,-105.588
82081,41.534,-104.492
82082,41.235,-104.134
82083,41.662,-106.081
82084,41.025,-105.62
82190,44.553,-110.53
82201,42.019,-105.149
82210,41.744,-104.83
82212,42.279,-104.539
82213,42.495,-105.004
82214,42.252,-104.791
82215,42.382,-104.76
82217,41.76,-104.136
82219,42.499,-104.513
82221,41.638,-104.328
82222,43.196,-104.65
82223,42.13,-104.396
82224,43.027,-104.808
82225,43.011,-104.244
82227,42.743,-104.751
82229,42.878,-104.967
82240,42.258,-104.151
82242,42.695,-104.109
82243,41.995,-104.429
82244,41.879,-104.421
82301,41.892,-107.491
82321,41.239,-107.741
82322,42.238,-107.561
82323,41.052,-107.5
82324,41.674,-106.412
82325,41.247,-106.713
82327,42.142,-106.63
82329,42.09,-106.081
82331,41.37,-106.797
82332,41.036,-107.281
82334,41.901,-107.018
82335,41.754,-106.76
82336,41.698,-108.208
82401,43.989,-108.152
82410,44.355,-108.119
82411,44.414,-108.458
82412,44.797,-108.553
82414,44.492,-109.594
82420,44.934,-108.458
82421,44.91,-108.599
82422,44.498,-108.382
82423,44.966,-108.581
82426,44.513,-107.761
82428,44.326,-107.511
82430,43.815,-108.185
82431,44.84,-108.164
82432,44.203,-107.865
82433,44.061,-109.102
82434,44.382,-108.295
82435,44.81,-108.915
82440,44.72,-108.864
82441,44.643,-107.77
82442,43.879,-107.322
82443,43.727,-108.472
82450,44.505,-109.436
82501,43.033,-108.207
82510,42.994,-108.598
82512,43.302,-109.283
82513,43.627,-109.668
82514,43.035,-108.929
82515,42.904,-108.543
82516,43.189,-108.832
82520,42.699,-108.619
82523,43.463,-108.823
82601,43.059,-106.44
82604,42.858,-106.771
82609,42.805,-106.181
82620,42.465,-107.107
82630,43.165,-107.317
82633,43.021,-105.411
82635,43.398,-106.222
82636,42.913,-106.158
82637,42.814,-105.885
82638,43.115,-107.323
82639,43.712,-106.613
82640,43.564,-106.2
82642,43.245,-107.601
82643,43.441,-106.252
82644,42.841,-106.367
82646,43.001,-106.822
82648,43.281,-107.153
82649,43.301,-108.053
82701,43.712,-104.434
82710,44.707,-104.249
82711,44.709,-104.459
82712,44.453,-104.122
82714,44.572,-104.7
82715,44.119,-104.133
82716,44.465,-105.695
82718,43.879,-105.622
82720,44.796,-104.671
82721,44.482,-104.916
82723,44.002,-104.423
82725,44.877,-105.703
82727,44.324,-105.198
82729,44.324,-104.36
82730,44.046,-104.698
82731,44.846,-105.308
82732,43.705,-105.62
82801,44.844,-106.836
82831,44.6,-106.05
82832,44.595,-106.797
82833,44.611,-107.063
82834,44.24,-106.659
82835,44.756,-106.359
82836,44.783,-107.487
82837,44.773,-106.235
82838,44.933,-107.578
82839,44.926,-107.161
82842,44.573,-106.932
82844,44.783,-107.221
82845,44.754,-106.655
82901,41.379,-108.978
82922,43.126,-110.411
82923,42.659,-109.427
82925,43.239,-109.906
82929,41.556,-109.844
82930,41.016,-110.645
82932,42.254,-109.357
82933,41.293,-110.441
82934,41.604,-110.013
82935,41.689,-109.665
82936,41.062,-110.185
82937,41.347,-110.265
82938,41.1,-109.889
82939,41.219,-110.346
82941,42.905,-109.739
82942,41.714,-108.871
82943,41.755,-109.208
82944,41.162,-110.465
82945,41.744,-109.051
83001,43.395,-110.63
83011,43.524,-110.456
83012,43.732,-110.791
83013,43.994,-110.465
83014,43.449,-110.967
83025,43.594,-110.846
83101,41.959,-110.553
83110,42.726,-110.849
83111,42.772,-111.174
83112,42.921,-110.832
83113,42.532,-110.258
83114,42.265,-110.985
83115,42.892,-110.315
83116,41.77,-110.533
83118,43.048,-110.998
83119,42.644,-110.988
83120,42.916,-111.117
83121,41.82,-110.534
83122,42.82,-110.947
83123,42.221,-110.25
83124,41.773,-110.234
83126,42.594,-110.831
83127,42.96,-110.964
83128,43.04,-110.722
83201,42.905,-112.38
83202,42.926,-112.183
83203,43.042,-112.496
83204,42.856,-112.63
83209,42.858,-112.426
83210,43.02,-112.869
83211,42.701,-113.028
83212,42.539,-112.544
83213,43.539,-113.267
83214,42.54,-112.308
83215,43.443,-112.812
83217,42.778,-111.943
83218,43.318,-112.165
83220,42.377,-111.423
83221,43.324,-112.552
83223,42.182,-111.407
83226,44.632,-114.35
83227,44.249,-114.507
83228,42.234,-112.06
83232,42.138,-111.971
83233,42.135,-111.238
83234,42.423,-112.101
83235,44.575,-113.699
83236,43.191,-111.872
83237,42.027,-111.779
83238,42.321,-111.116
83239,42.534,-111.29
83241,42.515,-111.765
83243,42.297,-112.651
83244,44.117,-113.124
83245,42.818,-112.208
83246,42.611,-112.025
83250,42.673,-112.205
83251,43.944,-113.881
83252,42.174,-112.407
83253,44.315,-113.691
83254,42.329,-111.272
83255,43.686,-113.584
83261,42.216,-111.433
83262,43.226,-112.774
83263,42.181,-111.753
83271,42.442,-112.913
83272,42.166,-111.511
83274,43.349,-112.098
83276,42.748,-111.509
83277,43.067,-112.667
83278,44.336,-114.814
83281,42.33,-111.965
83283,42.371,-111.632
83285,43.072,-111.303
83286,42.063,-112.016
83287,42.042,-111.399
83301,42.401,-114.525
83302,42.227,-115.009
83311,42.392,-113.565
83312,41.976,-113.651
83313,43.351,-114.261
83314,42.985,-114.952
83316,42.62,-114.883
83318,42.44,-113.816
83320,43.481,-113.873
83321,42.464,-114.915
83322,43.349,-114.979
83323,42.503,-113.392
83324,42.873,-114.272
83325,42.588,-114.241
83327,43.493,-114.809
83328,42.57,-114.613
83330,42.952,-114.708
83332,42.803,-114.925
83333,43.568,-114.311
83334,42.444,-114.292
83335,42.58,-114.067
83336,42.565,-113.825
83337,43.224,-115.152
83338,42.725,-114.432
83340,43.742,-114.638
83341,42.419,-114.371
83342,42.177,-113.255
83344,42.447,-114.138
83346,42.285,-113.824
83347,42.664,-113.809
83348,43.249,-114.108
83349,43.097,-114.181
83350,42.694,-113.58
83352,43.07,-114.412
83353,43.692,-114.325
83354,43.67,-114.322
83355,42.757,-114.722
83401,43.542,-111.878
83402,43.535,-112.174
83404,43.422,-112.012
83406,43.444,-111.812
83414,43.837,-110.938
83420,44.077,-111.346
83421,44.02,-111.529
83422,43.729,-111.231
83423,44.3,-112.281
83424,43.91,-111.168
83425,43.912,-112.242
83427,43.525,-111.933
83428,43.47,-111.172
83429,44.476,-111.398
83431,43.688,-112.033
83433,44.484,-111.333
83434,43.753,-112.006
83435,43.989,-112.569
83436,43.857,-111.472
83440,43.815,-111.823
83442,43.672,-111.893
83443,43.516,-111.518
83444,43.719,-112.302
83445,43.979,-111.767
83446,44.473,-112.188
83448,43.85,-111.693
83449,43.259,-111.417
83450,43.831,-112.406
83451,43.867,-111.633
83452,43.835,-111.218
83454,43.595,-111.952
83455,43.614,-111.184
83460,43.817,-111.782
83462,45.301,-113.809
83463,45.581,-114.054
83464,44.534,-113.256
83465,44.793,-113.672
83466,45.415,-114.047
83467,44.98,-113.896
83468,44.922,-113.592
83469,45.342,-114.43
83501,46.209,-116.914
83520,46.544,-116.326
83522,45.92,-116.512
83523,46.249,-116.444
83524,46.366,-116.666
83525,45.789,-115.517
83526,46.148,-116.412
83530,45.92,-116.084
83533,46.094,-116.237
83535,46.534,-116.724
83536,46.224,-116.001
83537,46.638,-116.551
83539,46.178,-114.98
83540,46.345,-116.783
83541,46.513,-116.469
83542,45.569,-116.357
83543,46.273,-116.233
83544,46.491,-116.151
83545,46.426,-116.422
83546,46.56,-115.822
83547,45.174,-116.218
83548,46.361,-116.505
83549,45.344,-116.191
83552,46.008,-115.933
83553,46.39,-115.892
83554,45.72,-116.275
83555,46.128,-116.689
83601,43.891,-115.26
83602,44.071,-116.109
83604,42.515,-115.748
83605,43.662,-116.656
83607,43.709,-116.751
83610,44.743,-116.774
83611,44.727,-115.368
83612,44.921,-116.586
83615,44.72,-116.055
83616,43.776,-116.395
83617,43.937,-116.505
83619,43.966,-116.91
83622,44.101,-115.885
83623,43.082,-115.393
83624,42.905,-116.155
83626,43.667,-116.832
83627,42.918,-115.547
83628,43.595,-116.986
83629,43.912,-116.13
83631,43.865,-115.64
83632,44.54,-116.413
83633,43.015,-115.205
83634,43.456,-116.329
83636,43.907,-116.659
83637,44.11,-115.25
83638,45.067,-115.966
83639,43.397,-116.867
83641,43.354,-116.585
83642,43.568,-116.404
83643,44.631,-116.439
83644,43.751,-116.58
83645,44.369,-116.583
83646,43.65,-116.432
83647,43.401,-115.523
83648,43.05,-115.866
83650,42.846,-116.676
83651,43.588,-116.62
83654,45.1,-116.351
83655,43.951,-116.788
83656,43.726,-116.799
83657,44.223,-116.296
83660,43.798,-116.93
83661,44.081,-116.709
83666,43.963,-115.976
83669,43.725,-116.489
83670,44.019,-116.313
83671,45.282,-115.271
83672,44.374,-116.957
83676,43.656,-116.908
83677,45.081,-115.482
83686,43.492,-116.608
83687,43.61,-116.529
83702,43.68,-116.16
83703,43.666,-116.243
83704,43.627,-116.288
83705,43.562,-116.214
83706,43.591,-116.194
83709,43.551,-116.29
83712,43.611,-116.119
83713,43.64,-116.334
83714,43.733,-116.289
83716,43.546,-115.944
83801,47.937,-116.666
83802,47.05,-115.572
83803,48.032,-116.444
83804,48.045,-116.971
83805,48.867,-116.541
83806,46.894,-116.361
83808,47.321,-116.064
83809,48.064,-116.574
83810,47.542,-116.451
83811,48.108,-116.138
83812,47.023,-116.234
83813,48.085,-116.673
83814,47.686,-116.628
83815,47.726,-116.79
83821,48.539,-116.851
83822,48.179,-116.991
83823,46.821,-116.541
83824,47.114,-116.91
83825,48.246,-116.595
83826,48.976,-116.189
83827,46.778,-116.174
83830,47.087,-116.365
83832,46.552,-116.91
83833,47.51,-116.718
83834,46.991,-116.638
83835,47.797,-116.66
83836,48.251,-116.269
83837,47.507,-116.11
83839,47.609,-116.164
83840,48.311,-116.515
83841,48.202,-116.751
83842,47.445,-116.547
83843,46.722,-116.94
83844,46.73,-117.015
83845,48.805,-116.091
83846,47.481,-115.767
83847,48.578,-116.449
83848,48.672,-116.892
83849,47.538,-115.992
83850,47.454,-116.234
83851,47.297,-116.923
83852,48.311,-116.543
83854,47.719,-116.967
83855,46.995,-116.888
83856,48.297,-116.911
83857,46.897,-116.796
83858,47.863,-116.949
83860,48.181,-116.536
83861,47.265,-116.541
83864,48.477,-116.514
83866,47.155,-116.425
83867,47.512,-115.947
83868,47.516,-116.183
83869,47.982,-116.892
83870,47.126,-116.832
83871,46.742,-116.743
83872,46.867,-116.977
83873,47.583,-115.844
83874,47.643,-115.805
83876,47.457,-116.931
84001,40.347,-110.276
84002,40.452,-110.307
84003,40.472,-111.681
84004,40.509,-111.751
84005,40.325,-111.997
84006,40.601,-112.117
84007,40.324,-110.208
84010,40.868,-111.868
84013,40.296,-112.094
84014,40.932,-111.884
84015,41.12,-112.061
84017,40.93,-111.224
84018,41.215,-111.446
84020,40.5,-111.87
84021,40.108,-110.534
84022,40.392,-112.627
84023,40.939,-109.19
84024,41.008,-111.447
84025,40.981,-111.905
84026,40.283,-109.838
84027,40.154,-110.82
84028,41.924,-111.412
84029,40.646,-112.729
84031,40.564,-110.811
84032,40.539,-111.321
84033,40.986,-111.501
84034,40.06,-113.878
84035,40.354,-109.183
84036,40.692,-111.053
84037,41.028,-111.951
84038,41.923,-111.306
84039,40.48,-109.804
84040,41.092,-111.928
84041,41.07,-111.981
84042,40.341,-111.725
84043,40.411,-111.877
84044,40.721,-112.165
84045,40.336,-111.911
84046,40.921,-109.831
84047,40.615,-111.891
84049,40.524,-111.52
84050,41.023,-111.677
84051,40.389,-110.427
84052,40.167,-109.998
84053,40.455,-110.01
84054,40.839,-111.917
84055,40.71,-111.21
84056,41.129,-111.992
84057,40.314,-111.71
84058,40.288,-111.728
84060,40.652,-111.502
84061,40.764,-111.321
84062,40.441,-111.67
84063,39.85,-109.681
84064,41.679,-111.138
84065,40.494,-111.944
84066,40.328,-110.027
84067,41.171,-112.048
84069,40.39,-112.521
84070,40.577,-111.889
84071,40.394,-112.307
84072,40.355,-110.66
84073,40.355,-110.435
84074,40.556,-112.266
84075,41.081,-112.081
84076,40.466,-109.846
84078,40.628,-109.48
84080,40.1,-112.43
84081,40.603,-112.038
84082,40.366,-111.395
84083,40.816,-113.569
84084,40.623,-111.965
84085,40.591,-109.952
84086,41.474,-111.233
84087,40.885,-111.932
84088,40.595,-111.961
84092,40.554,-111.706
84093,40.595,-111.829
84094,40.572,-111.862
84095,40.557,-111.979
84096,40.516,-112.102
84097,40.305,-111.673
84098,40.734,-111.533
84101,40.756,-111.9
84102,40.76,-111.864
84103,40.795,-111.843
84104,40.749,-111.982
84105,40.738,-111.86
84106,40.707,-111.856
84107,40.658,-111.884
84108,40.809,-111.729
84109,40.706,-111.705
84111,40.756,-111.884
84112,40.765,-111.841
84113,40.765,-111.834
84115,40.714,-111.893
84116,40.803,-111.957
84117,40.661,-111.835
84118,40.654,-112.013
84119,40.7,-111.946
84120,40.697,-112.001
84121,40.613,-111.664
84123,40.659,-111.922
84124,40.677,-111.813
84128,40.7,-112.047
84144,40.768,-111.893
84180,40.77,-111.901
84301,41.608,-112.13
84302,41.554,-112.051
84304,41.819,-111.998
84305,41.944,-112.076
84306,41.785,-112.054
84307,41.459,-112.505
84308,41.967,-112.009
84309,41.714,-112.099
84310,41.336,-111.847
84311,41.824,-112.116
84312,41.777,-112.156
84313,41.66,-113.962
84314,41.648,-112.093
84315,41.168,-112.138
84316,41.771,-112.484
84317,41.308,-111.62
84318,41.803,-111.814
84319,41.606,-111.663
84320,41.965,-111.846
84321,41.718,-111.836
84324,41.488,-111.953
84325,41.725,-111.989
84326,41.671,-111.818
84327,41.87,-111.993
84328,41.546,-111.835
84329,41.76,-113.419
84330,41.926,-112.163
84331,41.948,-112.274
84332,41.7,-111.812
84333,41.907,-111.812
84334,41.783,-112.148
84335,41.836,-111.875
84336,41.913,-112.771
84337,41.765,-112.317
84338,41.914,-111.941
84339,41.626,-111.946
84340,41.364,-112.036
84341,41.776,-111.807
84401,41.212,-112.035
84403,41.215,-111.89
84404,41.269,-112.118
84405,41.157,-111.966
84414,41.322,-111.976
84501,39.546,-110.758
84511,37.586,-109.408
84512,37.094,-109.618
84513,39.238,-111.014
84515,38.975,-109.13
84516,39.143,-111.069
84518,39.389,-110.877
84520,39.533,-110.429
84521,39.417,-110.762
84522,38.924,-111.211
84523,39.094,-111.198
84525,39.081,-110.054
84526,39.74,-110.936
84528,39.402,-111.076
84529,39.679,-110.821
84530,38.28,-109.143
84531,37.174,-109.884
84532,38.527,-109.549
84533,37.565,-110.443
84534,37.254,-109.232
84535,38.0,-109.557
84536,37.127,-110.351
84537,39.33,-111.231
84539,39.613,-110.338
84540,39.243,-109.436
84542,39.542,-110.735
84601,40.227,-111.697
84604,40.319,-111.577
84606,40.214,-111.626
84620,38.915,-111.928
84621,39.051,-111.826
84622,39.104,-111.822
84623,39.454,-111.588
84624,39.46,-112.643
84626,39.904,-111.999
84627,39.353,-111.561
84628,39.942,-112.131
84629,39.783,-111.476
84630,39.287,-111.829
84631,38.958,-112.389
84632,39.62,-111.658
84633,39.967,-111.907
84634,39.158,-111.811
84635,39.402,-112.723
84636,39.141,-112.339
84637,38.678,-112.518
84638,39.512,-112.256
84639,39.508,-111.9
84640,39.497,-112.389
84642,39.286,-111.619
84643,39.115,-111.713
84645,39.836,-111.844
84646,39.541,-111.609
84647,39.541,-111.416
84648,39.686,-111.864
84649,39.344,-112.329
84651,39.958,-111.715
84652,39.017,-111.868
84653,40.027,-111.644
84654,38.876,-111.671
84655,39.971,-111.807
84656,39.136,-112.068
84657,38.819,-111.939
84660,40.121,-111.696
84662,39.429,-111.472
84663,40.166,-111.495
84664,40.115,-111.565
84665,39.196,-111.67
84667,39.5,-111.665
84701,38.601,-111.698
84710,37.482,-112.478
84711,38.67,-112.023
84712,37.993,-111.932
84713,38.322,-112.651
84714,37.848,-113.724
84715,38.29,-111.549
84716,37.944,-111.442
84718,37.54,-112.045
84719,37.673,-112.81
84720,37.591,-113.191
84721,37.77,-113.079
84722,37.458,-113.605
84723,38.18,-112.252
84724,38.675,-112.149
84725,37.54,-113.78
84726,37.739,-111.588
84728,39.295,-113.907
84729,37.363,-112.659
84730,38.736,-112.019
84731,38.253,-112.853
84732,38.445,-111.902
84733,37.259,-113.775
84734,38.305,-110.652
84735,37.641,-112.431
84736,37.55,-111.998
84737,37.045,-113.206
84738,37.174,-113.706
84739,38.629,-112.206
84740,38.298,-112.259
84741,37.187,-112.249
84742,37.54,-113.208
84743,38.174,-112.138
84744,38.62,-111.943
84745,37.232,-113.245
84746,37.243,-113.356
84747,38.407,-111.644
84749,38.431,-111.529
84750,38.439,-112.192
84751,38.383,-112.928
84752,38.187,-112.873
84753,37.995,-113.817
84754,38.624,-112.109
84755,37.23,-112.77
84756,37.574,-113.569
84757,37.459,-113.264
84758,37.319,-112.722
84759,37.907,-112.399
84760,37.955,-112.669
84761,37.875,-112.848
84762,37.48,-112.729
84763,37.142,-113.071
84764,37.611,-112.153
84765,37.126,-113.676
84766,38.576,-112.317
84767,37.237,-112.987
84770,37.186,-113.61
84772,37.774,-112.938
84773,38.226,-111.341
84774,37.29,-113.281
84775,37.934,-110.949
84776,37.636,-112.077
84779,37.335,-113.122
84780,37.126,-113.494
84781,37.412,-113.462
84782,37.349,-113.664
84783,37.24,-113.701
84784,37.025,-112.964
84790,37.044,-113.577
85003,33.451,-112.078
85004,33.452,-112.07
85006,33.465,-112.049
85007,33.448,-112.091
85008,33.463,-111.985
85009,33.443,-112.128
85012,33.508,-112.071
85013,33.511,-112.085
85014,33.507,-112.058
85015,33.509,-112.102
85016,33.512,-112.019
85017,33.509,-112.123
85018,33.506,-111.985
85019,33.509,-112.145
85020,33.567,-112.054
85021,33.559,-112.093
85022,33.627,-112.048
85023,33.635,-112.094
85024,33.736,-112.03
85027,33.68,-112.093
85028,33.576,-112.008
85029,33.595,-112.11
85031,33.494,-112.167
85032,33.626,-112.003
85033,33.493,-112.21
85034,33.43,-112.014
85035,33.471,-112.195
85037,33.487,-112.268
85040,33.406,-112.025
85041,33.386,-112.11
85042,33.369,-112.044
85043,33.432,-112.197
85044,33.353,-112.019
85045,33.299,-112.106
85048,33.313,-112.057
85050,33.683,-111.998
85051,33.559,-112.132
85053,33.63,-112.132
85054,33.679,-111.941
85083,33.725,-112.159
85085,33.751,-112.091
85086,33.816,-112.12
85087,33.925,-112.127
85118,33.402,-111.352
85119,33.41,-111.502
85120,33.402,-111.568
85121,33.144,-111.922
85122,32.917,-111.744
85123,32.715,-111.698
85128,32.99,-111.538
85131,32.673,-111.547
85132,32.927,-111.215
85135,33.004,-110.786
85137,33.136,-111.023
85138,33.008,-111.99
85139,32.98,-112.145
85140,33.245,-111.544
85141,32.643,-111.437
85142,33.2,-111.636
85143,33.159,-111.519
85145,32.546,-111.348
85147,33.129,-111.733
85172,32.883,-111.953
85173,33.27,-111.123
85192,32.963,-110.679
85193,32.803,-111.818
85194,32.901,-111.628
85201,33.434,-111.85
85202,33.38,-111.875
85203,33.45,-111.803
85204,33.396,-111.787
85205,33.432,-111.719
85206,33.396,-111.717
85207,33.455,-111.638
85208,33.403,-111.628
85209,33.375,-111.639
85210,33.39,-111.844
85212,33.322,-111.635
85213,33.449,-111.769
85215,33.512,-111.579
85224,33.324,-111.878
85225,33.317,-111.83
85226,33.252,-112.01
85233,33.354,-111.811
85234,33.362,-111.741
85248,33.215,-111.87
85249,33.225,-111.796
85250,33.534,-111.887
85251,33.494,-111.919
85253,33.545,-111.958
85254,33.615,-111.952
85255,33.668,-111.823
85256,33.501,-111.844
85257,33.462,-111.916
85258,33.564,-111.896
85259,33.601,-111.809
85260,33.611,-111.891
85262,33.835,-111.806
85263,33.84,-111.524
85264,33.635,-111.532
85266,33.766,-111.918
85268,33.606,-111.743
85281,33.427,-111.934
85282,33.394,-111.933
85283,33.365,-111.932
85284,33.338,-111.935
85286,33.272,-111.832
85295,33.303,-111.742
85296,33.332,-111.75
85297,33.278,-111.731
85298,33.241,-111.727
85301,33.535,-112.182
85302,33.568,-112.178
85303,33.533,-112.221
85304,33.6,-112.178
85305,33.532,-112.256
85306,33.625,-112.177
85307,33.54,-112.314
85308,33.66,-112.185
85309,33.535,-112.377
85310,33.708,-112.159
85320,33.91,-113.21
85321,32.238,-112.653
85322,33.159,-112.872
85323,33.419,-112.327
85324,34.119,-112.044
85325,33.992,-113.911
85326,33.294,-112.591
85328,33.253,-114.62
85331,33.879,-111.913
85332,34.181,-112.905
85333,33.022,-113.284
85334,33.517,-114.516
85335,33.592,-112.328
85336,32.549,-114.789
85337,32.964,-112.704
85338,33.373,-112.411
85339,33.238,-112.159
85340,33.516,-112.414
85341,31.879,-112.799
85342,33.945,-112.451
85343,33.337,-112.686
85344,34.081,-114.216
85345,33.573,-112.246
85346,33.636,-114.146
85347,32.798,-113.79
85348,33.714,-113.721
85349,32.509,-114.744
85350,32.561,-114.694
85351,33.606,-112.284
85352,32.719,-113.839
85353,33.418,-112.277
85354,33.43,-113.046
85355,33.576,-112.455
85356,32.689,-114.162
85357,34.021,-113.451
85360,34.739,-113.464
85361,33.764,-112.615
85362,34.28,-112.835
85363,33.585,-112.305
85364,32.702,-114.658
85365,33.096,-114.125
85367,32.672,-114.396
85371,33.829,-114.376
85373,33.671,-112.3
85374,33.641,-112.378
85375,33.686,-112.366
85377,33.823,-111.913
85379,33.603,-112.369
85381,33.609,-112.23
85382,33.654,-112.249
85383,33.807,-112.252
85387,33.709,-112.451
85388,33.602,-112.432
85390,33.904,-112.876
85392,33.478,-112.309
85395,33.479,-112.395
85396,33.528,-112.701
85501,33.559,-110.769
85530,33.065,-110.2
85531,32.884,-109.79
85533,33.354,-109.406
85534,32.754,-109.142
85535,32.986,-109.913
85536,33.121,-110.016
85539,33.341,-110.897
85540,33.003,-109.382
85541,34.195,-111.304
85542,33.325,-110.311
85543,32.979,-109.989
85544,34.304,-111.561
85545,33.565,-111.141
85546,32.814,-109.355
85550,33.58,-110.452
85551,32.724,-109.588
85552,32.82,-109.771
85553,33.847,-111.187
85554,33.977,-110.96
85601,31.589,-111.315
85602,32.167,-110.412
85603,31.433,-109.919
85605,32.303,-109.482
85606,32.043,-109.899
85607,31.521,-109.379
85608,31.457,-109.581
85609,32.069,-110.097
85610,31.728,-109.734
85611,31.665,-110.51
85613,31.568,-110.377
85614,31.814,-110.919
85615,31.403,-110.212
85616,31.702,-110.323
85617,31.52,-109.709
85618,32.72,-110.538
85619,32.408,-110.733
85620,31.337,-109.941
85621,31.388,-110.912
85622,31.827,-111.076
85623,32.706,-110.805
85624,31.505,-110.693
85625,31.887,-109.615
85626,31.358,-109.567
85627,32.008,-110.236
85629,31.918,-111.019
85630,31.887,-110.181
85631,32.591,-110.551
85632,32.094,-109.133
85633,31.613,-111.503
85634,32.034,-111.994
85635,31.571,-110.17
85637,31.719,-110.691
85638,31.716,-110.052
85640,31.557,-111.048
85641,32.049,-110.623
85643,32.407,-109.965
85645,31.686,-111.161
85646,31.647,-110.941
85648,31.49,-111.038
85650,31.501,-110.202
85653,32.399,-111.386
85654,32.415,-111.154
85658,32.551,-111.143
85701,32.217,-110.971
85704,32.339,-110.985
85705,32.271,-110.994
85706,32.148,-110.933
85707,32.179,-110.887
85708,32.182,-110.866
85710,32.214,-110.824
85711,32.215,-110.883
85712,32.253,-110.887
85713,32.195,-111.015
85714,32.167,-110.951
85715,32.247,-110.836
85716,32.242,-110.923
85718,32.333,-110.917
85719,32.247,-110.949
85723,32.18,-110.965
85724,32.241,-110.946
85726,32.205,-110.946
85730,32.182,-110.747
85735,32.094,-111.349
85736,31.91,-111.364
85737,32.415,-110.947
85739,32.621,-110.99
85741,32.335,-111.042
85742,32.394,-111.065
85743,32.302,-111.182
85745,32.254,-111.08
85746,32.092,-111.044
85747,32.095,-110.765
85748,32.219,-110.752
85749,32.29,-110.734
85750,32.3,-110.836
85755,32.468,-110.981
85756,32.079,-110.899
85757,32.129,-111.122
85901,34.315,-110.024
85911,34.173,-110.367
85912,34.435,-109.899
85920,33.862,-109.177
85922,33.468,-109.151
85923,34.325,-110.341
85924,34.567,-109.672
85925,34.088,-109.323
85926,33.769,-109.979
85927,34.006,-109.464
85928,34.545,-110.551
85929,34.185,-109.94
85930,34.047,-109.721
85931,34.37,-110.916
85932,33.953,-109.213
85933,34.357,-110.509
85934,34.3,-110.246
85935,34.12,-109.897
85936,34.653,-109.269
85937,34.574,-110.064
85938,34.149,-109.337
85939,34.431,-110.085
85940,34.252,-109.682
85941,33.821,-109.97
85942,34.736,-109.955
86001,35.288,-111.639
86003,35.19,-111.224
86004,35.381,-111.373
86011,35.18,-111.655
86015,35.232,-111.84
86016,35.752,-111.641
86017,34.889,-111.626
86018,35.189,-111.916
86020,35.993,-111.498
86021,36.972,-113.024
86022,36.856,-112.837
86023,36.033,-112.023
86024,34.669,-111.312
86025,34.931,-110.105
86028,35.074,-109.765
86029,35.021,-109.993
86030,35.968,-110.73
86031,35.387,-110.052
86032,35.08,-110.284
86033,36.676,-110.228
86034,35.794,-110.126
86035,35.457,-110.944
86036,36.738,-111.823
86038,34.984,-111.43
86039,36.056,-110.525
86040,36.705,-111.428
86042,35.862,-110.384
86043,35.81,-110.533
86044,36.693,-110.81
86045,36.096,-111.116
86046,35.416,-112.125
86047,35.113,-110.671
86052,36.147,-112.03
86053,36.735,-111.055
86054,36.725,-110.612
86301,34.587,-112.429
86303,34.482,-112.45
86305,34.864,-112.912
86313,34.554,-112.452
86314,34.626,-112.306
86315,34.703,-112.27
86320,35.346,-112.645
86321,34.493,-113.103
86322,34.5,-111.801
86323,34.778,-112.407
86324,34.857,-112.12
86325,34.735,-111.898
86326,34.7,-112.024
86327,34.571,-112.105
86329,34.472,-112.225
86331,34.727,-112.144
86332,34.321,-112.633
86333,34.323,-112.082
86334,34.949,-112.545
86335,34.695,-111.673
86336,34.91,-111.867
86337,35.36,-113.031
86338,34.582,-112.754
86343,34.177,-112.3
86351,34.778,-111.785
86401,35.132,-113.704
86403,34.48,-114.349
86404,34.59,-114.308
86406,34.423,-114.11
86409,35.461,-114.018
86411,35.544,-113.753
86413,35.211,-114.346
86426,35.008,-114.569
86429,35.164,-114.485
86431,35.416,-114.22
86432,36.367,-113.447
86433,34.918,-114.349
86434,35.677,-113.621
86435,36.044,-112.904
86436,34.757,-114.385
86437,35.379,-113.614
86438,34.549,-113.805
86440,34.897,-114.525
86441,35.571,-114.372
86442,35.09,-114.561
86443,35.949,-114.445
86444,35.897,-114.047
86445,35.776,-114.502
86502,35.218,-109.592
86503,36.153,-109.685
86504,35.932,-109.135
86505,35.624,-109.707
86506,35.358,-109.22
86507,36.41,-109.264
86508,35.329,-109.096
86510,36.258,-110.22
86511,35.55,-109.154
86512,35.095,-109.243
86514,36.88,-109.333
86515,35.679,-108.954
86520,36.11,-109.936
86535,36.794,-109.855
86538,36.402,-109.596
86540,35.941,-109.444
86544,36.619,-109.164
86545,36.711,-109.607
86547,36.513,-109.494
86556,36.288,-109.255
87001,35.377,-106.337
87002,34.612,-106.652
87004,35.369,-106.597
87005,35.268,-107.977
87006,34.49,-106.844
87007,35.024,-107.509
87008,35.12,-106.407
87010,35.408,-106.13
87011,34.064,-105.947
87012,36.127,-106.652
87013,35.932,-107.367
87014,35.231,-107.39
87015,35.077,-106.183
87016,34.806,-105.955
87017,36.317,-106.765
87018,36.166,-107.564
87020,34.865,-107.948
87021,35.193,-107.879
87022,34.902,-106.703
87023,34.599,-106.758
87024,35.673,-106.723
87025,35.841,-106.628
87026,34.965,-107.234
87027,36.126,-106.948
87028,34.38,-106.767
87029,36.397,-106.999
87031,34.692,-107.018
87032,34.851,-106.011
87034,34.776,-107.565
87035,34.916,-105.953
87036,34.398,-106.244
87037,36.168,-107.764
87038,35.088,-107.412
87040,35.104,-107.384
87041,35.686,-106.334
87042,34.828,-106.687
87043,35.275,-106.462
87044,35.665,-106.644
87045,35.352,-108.089
87046,36.251,-106.912
87047,35.251,-106.289
87048,35.24,-106.627
87049,35.114,-107.597
87051,35.036,-107.853
87052,35.494,-106.314
87053,35.632,-107.02
87056,35.183,-105.876
87059,34.997,-106.301
87061,34.731,-106.38
87062,34.44,-106.659
87063,34.555,-105.891
87064,36.179,-106.581
87068,34.861,-106.587
87070,35.022,-105.778
87072,35.607,-106.397
87083,35.648,-106.343
87102,35.081,-106.647
87104,35.103,-106.676
87105,34.977,-106.608
87106,35.058,-106.621
87107,35.138,-106.643
87108,35.072,-106.578
87109,35.153,-106.576
87110,35.108,-106.578
87111,35.144,-106.487
87112,35.101,-106.516
87113,35.181,-106.594
87114,35.194,-106.686
87116,35.063,-106.543
87117,35.008,-106.564
87120,35.141,-106.761
87121,35.089,-106.872
87122,35.191,-106.502
87123,35.068,-106.471
87124,35.268,-106.784
87144,35.325,-106.705
87301,35.535,-108.738
87305,35.379,-108.804
87310,35.805,-108.54
87311,35.607,-108.516
87312,35.423,-108.323
87313,35.804,-108.079
87315,34.767,-108.685
87316,35.362,-108.377
87317,35.588,-108.761
87319,35.471,-108.949
87320,35.808,-108.876
87321,35.009,-108.361
87322,35.526,-108.653
87323,35.458,-108.194
87325,35.994,-108.614
87326,35.262,-108.821
87327,35.005,-108.782
87328,35.979,-108.981
87347,35.427,-108.446
87357,34.908,-108.297
87364,36.141,-108.698
87375,35.676,-108.759
87401,36.74,-108.179
87402,36.784,-108.144
87410,36.868,-107.882
87412,36.698,-107.476
87413,36.416,-107.979
87415,36.817,-108.094
87416,36.705,-108.429
87417,36.749,-108.346
87418,36.951,-108.15
87419,36.865,-107.492
87420,36.851,-108.898
87421,36.766,-108.513
87455,36.331,-108.656
87461,36.329,-108.945
87499,36.345,-108.216
87501,35.744,-105.857
87505,35.617,-105.877
87506,35.813,-105.984
87507,35.595,-106.109
87508,35.527,-105.969
87510,36.283,-106.412
87511,36.106,-105.93
87512,36.924,-105.344
87513,36.58,-105.687
87514,36.541,-105.525
87515,36.497,-106.393
87516,36.154,-106.463
87517,36.395,-105.788
87518,36.508,-106.562
87519,36.77,-105.628
87520,36.875,-106.627
87521,36.017,-105.613
87522,35.931,-105.79
87523,36.014,-105.843
87524,36.932,-105.672
87525,36.569,-105.457
87527,36.151,-105.838
87528,36.672,-106.983
87529,36.47,-105.623
87530,36.349,-106.191
87531,36.247,-105.84
87532,35.994,-106.089
87533,36.024,-106.067
87535,35.529,-105.748
87537,36.052,-106.189
87538,35.495,-105.571
87539,36.377,-106.043
87540,35.45,-105.908
87543,36.107,-105.661
87544,35.841,-106.288
87548,36.172,-106.138
87549,36.237,-106.009
87551,36.695,-106.669
87552,35.646,-105.602
87553,36.215,-105.687
87554,36.483,-106.019
87556,36.786,-105.48
87557,36.294,-105.684
87558,36.64,-105.428
87560,35.237,-105.526
87562,35.417,-105.684
87564,36.608,-105.628
87565,35.414,-105.49
87566,36.072,-106.069
87567,35.994,-106.02
87569,35.346,-105.301
87571,36.396,-105.442
87573,35.789,-105.686
87574,35.822,-105.899
87575,36.74,-106.371
87577,36.67,-106.011
87578,36.047,-105.77
87579,36.095,-105.563
87580,36.57,-105.566
87581,36.513,-106.14
87582,36.156,-106.016
87583,35.231,-105.336
87701,35.542,-104.933
87710,36.371,-105.248
87711,35.229,-105.105
87712,35.85,-105.183
87713,36.167,-105.365
87714,36.39,-104.91
87715,36.017,-105.429
87718,36.6,-105.292
87722,36.192,-105.261
87723,36.059,-105.376
87724,35.173,-105.077
87728,36.597,-104.619
87729,36.303,-104.818
87730,36.153,-104.214
87731,35.76,-105.413
87732,35.958,-105.364
87733,35.86,-103.851
87734,36.178,-105.115
87735,36.069,-105.153
87736,35.98,-105.197
87740,36.749,-104.407
87742,35.902,-105.511
87743,35.974,-104.091
87745,35.811,-105.214
87746,35.776,-104.047
87747,36.356,-104.472
87749,36.545,-105.104
87750,35.825,-104.927
87752,36.022,-104.65
87753,35.863,-104.954
87801,34.127,-106.826
87820,33.938,-108.587
87821,33.98,-108.063
87823,34.207,-106.986
87824,33.829,-108.982
87825,33.877,-107.656
87827,34.407,-108.097
87828,34.206,-106.917
87829,34.354,-108.647
87830,33.727,-108.744
87831,34.265,-106.933
87832,33.767,-106.821
87901,33.216,-107.095
87930,32.851,-107.444
87931,32.953,-107.427
87933,32.79,-107.278
87935,33.255,-107.229
87936,32.753,-107.264
87937,32.591,-107.195
87939,33.413,-107.489
87940,32.622,-107.007
87941,32.721,-107.22
87942,33.061,-107.349
87943,33.369,-107.781
88001,32.29,-106.754
88002,32.463,-106.486
88003,32.281,-106.746
88004,32.223,-106.987
88005,32.258,-106.823
88007,32.441,-106.921
88008,31.839,-106.682
88009,31.996,-108.575
88011,32.322,-106.656
88012,32.583,-106.771
88020,31.772,-108.839
88021,31.952,-107.016
88022,32.808,-108.176
88023,32.73,-108.145
88024,32.071,-106.639
88025,33.047,-108.743
88026,32.752,-108.163
88027,32.044,-106.79
88028,32.933,-108.636
88029,31.845,-107.695
88030,32.173,-107.727
88032,32.4,-106.819
88033,32.32,-107.029
88034,32.613,-107.938
88038,33.122,-108.383
88039,33.298,-108.803
88040,31.597,-108.355
88041,32.79,-107.912
88042,32.812,-107.578
88043,32.61,-108.1
88044,32.148,-106.806
88045,32.385,-108.756
88046,32.25,-106.802
88047,32.21,-106.715
88048,32.163,-106.66
88049,33.031,-107.925
88051,33.0,-108.92
88052,32.425,-106.599
88053,32.903,-108.206
88055,32.728,-108.741
88056,31.844,-108.983
88061,32.654,-108.334
88063,31.818,-106.599
88065,32.677,-108.329
88072,32.138,-106.616
88081,32.231,-106.231
88101,34.499,-103.275
88103,34.384,-103.318
88112,34.843,-103.179
88113,33.772,-103.085
88114,33.524,-103.199
88115,33.931,-103.345
88116,33.916,-103.879
88118,34.23,-103.689
88119,34.309,-104.411
88120,34.793,-103.355
88121,34.715,-103.981
88124,34.543,-103.652
88125,33.706,-103.225
88126,33.811,-103.372
88130,34.129,-103.299
88132,33.907,-103.167
88134,34.323,-104.019
88135,34.586,-103.1
88136,34.463,-104.741
88201,33.643,-104.397
88203,33.309,-104.092
88210,32.772,-104.22
88220,32.311,-104.432
88230,33.219,-104.398
88231,32.452,-103.263
88232,33.067,-104.476
88240,32.704,-103.485
88242,32.813,-103.162
88250,32.702,-104.956
88252,32.155,-103.378
88253,32.935,-104.626
88254,32.613,-104.452
88255,32.814,-103.996
88256,32.198,-103.908
88260,32.991,-103.382
88262,33.119,-103.403
88263,32.098,-104.082
88264,32.891,-103.712
88265,32.62,-103.303
88267,33.337,-103.425
88268,32.176,-104.379
88301,33.779,-105.791
88310,32.641,-106.073
88311,32.812,-105.991
88312,33.422,-105.738
88314,33.11,-105.867
88316,33.798,-105.323
88317,32.924,-105.637
88318,34.207,-105.397
88321,34.78,-105.446
88323,33.495,-105.528
88324,33.39,-105.439
88325,32.857,-105.858
88330,32.837,-106.077
88336,33.331,-105.277
88337,32.997,-105.885
88338,33.474,-105.399
88339,32.962,-105.231
88340,33.176,-105.583
88341,33.474,-105.845
88342,32.389,-106.112
88343,33.226,-105.077
88344,32.559,-105.292
88345,33.348,-105.681
88346,33.354,-105.54
88347,32.756,-105.658
88348,33.396,-105.358
88349,32.779,-105.802
88350,32.641,-105.678
88351,33.549,-105.088
88352,33.166,-105.994
88353,34.571,-105.116
88354,32.751,-105.498
88355,33.36,-105.667
88401,35.119,-103.822
88410,35.878,-103.323
88411,35.142,-103.148
88414,36.767,-104.0
88415,36.312,-103.327
88416,35.286,-104.195
88417,35.059,-104.377
88418,36.726,-103.685
88419,36.899,-103.542
88421,35.298,-104.481
88422,36.345,-103.992
88424,36.413,-103.656
88426,35.544,-103.508
88427,34.771,-103.774
88430,35.582,-103.179
88431,35.17,-104.275
88434,35.152,-103.304
88435,34.915,-104.695
88436,36.137,-103.123
89001,37.277,-115.394
89002,35.998,-114.961
89003,36.971,-116.744
89004,36.103,-115.487
89005,35.987,-114.809
89007,36.667,-114.227
89008,37.286,-114.513
89010,37.783,-118.075
89011,36.075,-114.985
89012,36.012,-115.043
89013,37.415,-117.347
89014,36.062,-115.058
89015,36.039,-114.928
89017,37.744,-115.251
89018,36.511,-115.645
89019,35.766,-115.735
89020,36.532,-116.444
89021,36.64,-114.471
89022,38.541,-117.021
89025,36.563,-114.886
89026,35.755,-115.29
89027,36.814,-114.12
89029,35.129,-114.657
89030,36.212,-115.124
89031,36.259,-115.172
89032,36.223,-115.173
89039,35.288,-114.88
89040,36.357,-114.579
89042,37.745,-114.332
89043,38.256,-114.473
89044,35.902,-115.179
89045,38.881,-116.969
89046,35.498,-114.89
89047,37.766,-117.648
89048,36.165,-116.003
89049,38.347,-116.259
89052,35.955,-115.057
89054,35.927,-115.208
89060,36.386,-116.06
89061,36.086,-115.898
89074,36.037,-115.081
89081,36.258,-115.108
89084,36.297,-115.174
89085,36.31,-115.198
89086,36.292,-115.109
89101,36.173,-115.122
89102,36.145,-115.187
89103,36.112,-115.212
89104,36.151,-115.109
89106,36.182,-115.163
89107,36.171,-115.209
89108,36.205,-115.224
89109,36.132,-115.168
89110,36.171,-115.048
89113,36.061,-115.264
89115,36.254,-115.041
89117,36.141,-115.281
89118,36.077,-115.214
89119,36.085,-115.146
89120,36.081,-115.095
89121,36.122,-115.091
89122,36.106,-115.04
89123,36.035,-115.149
89124,36.115,-115.613
89128,36.197,-115.264
89129,36.233,-115.29
89130,36.254,-115.227
89131,36.31,-115.25
89134,36.203,-115.308
89135,36.101,-115.376
89138,36.167,-115.361
89139,36.035,-115.212
89141,35.988,-115.207
89142,36.148,-115.036
89143,36.322,-115.293
89144,36.179,-115.321
89145,36.168,-115.278
89146,36.143,-115.227
89147,36.113,-115.28
89148,36.08,-115.297
89149,36.272,-115.293
89156,36.163,-114.988
89161,36.0,-115.364
89166,36.381,-115.507
89169,36.124,-115.141
89178,35.998,-115.286
89179,35.895,-115.332
89183,35.996,-115.158
89191,36.24,-115.026
89301,39.54,-114.77
89310,39.431,-117.163
89311,38.986,-114.2
89314,38.823,-115.772
89316,39.828,-115.901
89317,38.798,-115.025
89318,39.444,-114.811
89319,39.296,-114.976
89402,39.224,-120.003
89403,39.227,-119.476
89404,41.903,-118.669
89405,40.481,-119.425
89406,39.538,-118.264
89408,39.565,-119.174
89409,38.802,-118.11
89410,38.872,-119.604
89411,39.019,-119.85
89412,41.103,-119.695
89413,39.073,-119.923
89414,41.045,-117.181
89415,38.48,-118.638
89418,40.548,-118.034
89419,40.375,-118.189
89420,38.545,-118.227
89421,42.049,-117.86
89422,38.178,-118.454
89423,39.019,-119.756
89424,39.888,-119.284
89425,41.633,-117.918
89426,41.488,-117.425
89427,38.9,-118.646
89428,39.261,-119.635
89429,39.325,-119.297
89430,38.775,-119.305
89431,39.54,-119.749
89433,39.609,-119.777
89434,39.541,-119.65
89436,39.604,-119.689
89438,40.799,-117.093
89439,39.52,-120.0
89440,39.296,-119.659
89441,39.676,-119.676
89442,39.665,-119.427
89444,38.67,-119.386
89445,41.169,-118.264
89446,41.217,-117.87
89447,38.811,-119.131
89448,38.996,-119.917
89449,38.955,-119.911
89450,39.24,-119.939
89451,39.242,-119.934
89460,38.902,-119.792
89501,39.526,-119.813
89502,39.491,-119.744
89503,39.541,-119.84
89506,39.712,-119.821
89508,39.781,-119.914
89509,39.496,-119.828
89510,40.082,-119.613
89511,39.385,-119.877
89512,39.551,-119.801
89519,39.481,-119.858
89521,39.385,-119.692
89523,39.525,-119.914
89701,39.129,-119.725
89702,39.159,-119.736
89703,39.167,-119.839
89704,39.263,-119.816
89705,39.112,-119.861
89706,39.223,-119.702
89801,41.248,-115.761
89815,40.615,-115.594
89820,40.412,-116.977
89821,40.495,-116.468
89822,40.531,-116.194
89823,41.007,-115.281
89825,41.876,-114.777
89826,41.891,-115.385
89828,40.78,-115.297
89830,41.27,-114.286
89831,41.716,-116.098
89832,41.976,-116.158
89833,40.483,-115.332
89834,41.38,-116.203
89835,41.115,-114.853
89883,40.849,-114.158
90001,33.974,-118.25
90002,33.949,-118.247
90003,33.964,-118.273
90004,34.076,-118.311
90005,34.059,-118.307
90006,34.048,-118.294
90007,34.028,-118.285
90008,34.01,-118.347
90010,34.062,-118.316
90011,34.007,-118.259
90012,34.066,-118.239
90013,34.045,-118.24
90014,34.043,-118.252
90015,34.039,-118.266
90016,34.028,-118.354
90017,34.053,-118.264
90018,34.029,-118.317
90019,34.05,-118.338
90020,34.066,-118.31
90021,34.029,-118.238
90022,34.024,-118.156
90023,34.023,-118.2
90024,34.066,-118.435
90025,34.045,-118.446
90026,34.08,-118.263
90027,34.127,-118.296
90028,34.1,-118.327
90029,34.09,-118.295
90031,34.086,-118.207
90032,34.078,-118.186
90033,34.05,-118.212
90034,34.031,-118.4
90035,34.052,-118.384
90036,34.07,-118.35
90037,34.003,-118.287
90038,34.088,-118.326
90039,34.112,-118.261
90040,33.995,-118.15
90041,34.137,-118.208
90042,34.115,-118.192
90043,33.989,-118.336
90044,33.953,-118.292
90045,33.942,-118.417
90046,34.108,-118.362
90047,33.954,-118.308
90048,34.073,-118.373
90049,34.093,-118.491
90056,33.988,-118.37
90057,34.062,-118.277
90058,34.003,-118.216
90059,33.926,-118.25
90061,33.921,-118.274
90062,34.004,-118.309
90063,34.045,-118.186
90064,34.037,-118.424
90065,34.112,-118.225
90066,34.002,-118.431
90067,34.058,-118.414
90068,34.13,-118.331
90069,34.094,-118.382
90071,34.053,-118.255
90073,34.055,-118.457
90077,34.108,-118.457
90079,34.041,-118.255
90089,34.02,-118.286
90090,34.073,-118.241
90094,33.975,-118.417
90095,34.071,-118.444
90201,33.97,-118.171
90210,34.101,-118.415
90211,34.065,-118.383
90212,34.062,-118.402
90220,33.882,-118.234
90221,33.886,-118.206
90222,33.912,-118.237
90230,33.998,-118.394
90232,34.019,-118.392
90240,33.956,-118.118
90241,33.94,-118.129
90242,33.922,-118.141
90245,33.917,-118.404
90247,33.891,-118.298
90248,33.878,-118.284
90249,33.901,-118.316
90250,33.915,-118.348
90254,33.864,-118.399
90255,33.979,-118.217
90260,33.889,-118.352
90262,33.924,-118.201
90263,34.039,-118.708
90265,34.066,-118.846
90266,33.889,-118.402
90270,33.988,-118.187
90272,34.087,-118.544
90274,33.78,-118.372
90275,33.753,-118.368
90277,33.83,-118.387
90278,33.873,-118.37
90280,33.944,-118.193
90290,34.108,-118.616
90291,33.993,-118.465
90292,33.977,-118.455
90293,33.947,-118.44
90301,33.957,-118.359
90302,33.975,-118.355
90303,33.94,-118.331
90304,33.938,-118.359
90305,33.959,-118.331
90401,34.014,-118.494
90402,34.035,-118.504
90403,34.031,-118.492
90404,34.027,-118.474
90405,34.011,-118.47
90501,33.834,-118.314
90502,33.833,-118.292
90503,33.84,-118.354
90504,33.867,-118.331
90505,33.808,-118.348
90506,33.885,-118.33
90601,34.008,-118.03
90602,33.973,-118.022
90603,33.946,-117.991
90604,33.928,-118.014
90605,33.95,-118.024
90606,33.977,-118.066
90620,33.845,-118.015
90621,33.874,-117.993
90623,33.851,-118.04
90630,33.818,-118.038
90631,33.943,-117.952
90638,33.902,-118.009
90640,34.015,-118.111
90650,33.907,-118.083
90660,33.99,-118.089
90670,33.934,-118.063
90680,33.801,-117.995
90701,33.868,-118.081
90703,33.868,-118.069
90704,33.399,-118.436
90706,33.888,-118.127
90710,33.8,-118.299
90712,33.849,-118.148
90713,33.848,-118.113
90715,33.841,-118.079
90716,33.83,-118.073
90717,33.794,-118.317
90720,33.795,-118.063
90723,33.899,-118.167
90731,33.731,-118.279
90732,33.742,-118.313
90740,33.758,-118.075
90742,33.717,-118.077
90743,33.727,-118.09
90744,33.779,-118.262
90745,33.823,-118.264
90746,33.859,-118.252
90747,33.863,-118.251
90755,33.803,-118.17
90802,33.746,-118.208
90803,33.756,-118.131
90804,33.782,-118.148
90805,33.865,-118.181
90806,33.805,-118.188
90807,33.828,-118.175
90808,33.824,-118.111
90810,33.82,-118.222
90813,33.782,-118.197
90814,33.772,-118.144
90815,33.794,-118.116
90822,33.778,-118.119
90831,33.768,-118.202
91001,34.194,-118.138
91006,34.136,-118.027
91007,34.128,-118.048
91008,34.153,-117.969
91010,34.142,-117.958
91011,34.222,-118.205
91016,34.153,-118.0
91020,34.211,-118.231
91024,34.169,-118.05
91030,34.109,-118.157
91040,34.262,-118.336
91042,34.323,-118.238
91046,34.211,-118.241
91101,34.147,-118.139
91103,34.17,-118.165
91104,34.165,-118.124
91105,34.139,-118.167
91106,34.139,-118.129
91107,34.156,-118.086
91108,34.123,-118.113
91201,34.171,-118.289
91202,34.168,-118.268
91203,34.153,-118.263
91204,34.136,-118.261
91205,34.137,-118.246
91206,34.16,-118.214
91207,34.181,-118.26
91208,34.186,-118.239
91210,34.145,-118.257
91214,34.236,-118.249
91301,34.123,-118.759
91302,34.123,-118.671
91303,34.198,-118.601
91304,34.224,-118.632
91306,34.21,-118.578
91307,34.201,-118.665
91311,34.293,-118.603
91316,34.16,-118.515
91320,34.176,-118.945
91321,34.368,-118.489
91324,34.238,-118.55
91325,34.238,-118.518
91326,34.281,-118.556
91330,34.248,-118.526
91331,34.255,-118.421
91335,34.2,-118.541
91340,34.287,-118.435
91342,34.327,-118.382
91343,34.238,-118.482
91344,34.295,-118.507
91345,34.266,-118.457
91350,34.441,-118.502
91351,34.442,-118.448
91352,34.231,-118.366
91354,34.466,-118.554
91355,34.44,-118.644
91356,34.155,-118.548
91360,34.213,-118.882
91361,34.136,-118.889
91362,34.193,-118.819
91364,34.154,-118.593
91367,34.177,-118.616
91371,34.185,-118.576
91377,34.185,-118.767
91381,34.385,-118.647
91384,34.507,-118.699
91387,34.403,-118.363
91390,34.546,-118.42
91401,34.178,-118.432
91402,34.223,-118.445
91403,34.147,-118.463
91405,34.2,-118.448
91406,34.196,-118.491
91411,34.179,-118.459
91423,34.149,-118.433
91436,34.15,-118.49
91501,34.204,-118.288
91502,34.177,-118.309
91504,34.205,-118.326
91505,34.174,-118.347
91506,34.17,-118.324
91601,34.169,-118.372
91602,34.151,-118.368
91604,34.141,-118.393
91605,34.207,-118.401
91606,34.186,-118.388
91607,34.166,-118.4
91608,34.139,-118.351
91701,34.138,-117.6
91702,34.28,-117.866
91706,34.097,-117.968
91708,33.953,-117.639
91709,33.964,-117.739
91710,34.004,-117.685
91711,34.128,-117.715
91722,34.097,-117.907
91723,34.085,-117.887
91724,34.08,-117.855
91730,34.101,-117.579
91731,34.079,-118.043
91732,34.073,-118.015
91733,34.046,-118.054
91737,34.153,-117.578
91739,34.173,-117.521
91740,34.119,-117.855
91741,34.157,-117.842
91744,34.031,-117.936
91745,33.999,-117.972
91746,34.044,-117.985
91748,33.975,-117.901
91750,34.18,-117.774
91752,33.996,-117.531
91754,34.053,-118.143
91755,34.051,-118.114
91759,34.264,-117.699
91761,34.036,-117.592
91762,34.059,-117.674
91763,34.072,-117.698
91764,34.074,-117.606
91765,33.986,-117.821
91766,34.042,-117.756
91767,34.083,-117.738
91768,34.064,-117.79
91770,34.065,-118.085
91773,34.11,-117.81
91775,34.115,-118.088
91776,34.091,-118.095
91780,34.102,-118.058
91784,34.141,-117.656
91786,34.105,-117.662
91789,34.018,-117.855
91790,34.067,-117.937
91791,34.062,-117.892
91792,34.023,-117.902
91801,34.091,-118.128
91803,34.075,-118.146
91901,32.809,-116.71
91902,32.666,-117.019
91905,32.678,-116.307
91906,32.655,-116.466
91910,32.638,-117.058
91911,32.608,-117.055
91913,32.619,-116.986
91914,32.674,-116.944
91915,32.623,-116.949
91916,32.888,-116.621
91917,32.609,-116.72
91931,32.846,-116.558
91932,32.574,-117.121
91934,32.649,-116.153
91935,32.722,-116.788
91941,32.759,-116.997
91942,32.778,-117.022
91945,32.733,-117.034
91948,32.867,-116.448
91950,32.671,-117.095
91962,32.735,-116.415
91963,32.626,-116.61
91977,32.726,-116.994
91978,32.724,-116.94
91980,32.589,-116.619
92003,33.285,-117.198
92004,33.142,-116.106
92007,33.023,-117.275
92008,33.147,-117.322
92009,33.095,-117.244
92010,33.158,-117.277
92011,33.108,-117.292
92014,32.963,-117.25
92019,32.776,-116.881
92020,32.796,-116.97
92021,32.839,-116.87
92024,33.056,-117.26
92025,33.102,-117.08
92026,33.212,-117.116
92027,33.131,-116.977
92028,33.39,-117.209
92029,33.082,-117.128
92036,33.022,-116.494
92037,32.856,-117.25
92040,32.909,-116.892
92054,33.196,-117.355
92055,33.388,-117.445
92056,33.201,-117.297
92057,33.255,-117.283
92058,33.343,-117.317
92059,33.376,-117.066
92060,33.347,-116.853
92061,33.299,-116.925
92064,32.984,-117.019
92065,33.053,-116.851
92066,33.219,-116.535
92067,33.021,-117.19
92069,33.171,-117.159
92070,33.147,-116.717
92071,32.852,-116.988
92075,32.997,-117.261
92078,33.117,-117.181
92081,33.164,-117.24
92082,33.254,-117.003
92083,33.198,-117.248
92084,33.22,-117.203
92086,33.323,-116.666
92091,33.016,-117.244
92101,32.724,-117.171
92102,32.716,-117.117
92103,32.747,-117.167
92104,32.742,-117.128
92105,32.738,-117.093
92106,32.711,-117.238
92107,32.739,-117.245
92108,32.774,-117.142
92109,32.787,-117.234
92110,32.765,-117.2
92111,32.806,-117.169
92113,32.697,-117.118
92114,32.708,-117.055
92115,32.765,-117.074
92116,32.765,-117.123
92117,32.825,-117.2
92118,32.699,-117.21
92119,32.818,-117.032
92120,32.795,-117.072
92121,32.9,-117.201
92122,32.862,-117.171
92123,32.807,-117.135
92124,32.824,-117.092
92126,32.908,-117.141
92127,33.012,-117.133
92128,33.0,-117.072
92129,32.967,-117.126
92130,32.946,-117.214
92131,32.886,-117.086
92132,32.714,-117.172
92134,32.724,-117.147
92135,32.698,-117.193
92139,32.68,-117.049
92140,32.739,-117.197
92145,32.931,-117.008
92147,32.725,-117.22
92154,32.557,-117.006
92155,32.675,-117.162
92173,32.553,-117.042
92201,33.711,-116.205
92203,33.754,-116.246
92210,33.692,-116.341
92211,33.765,-116.334
92220,33.949,-116.832
92222,32.786,-114.546
92223,33.948,-116.988
92225,33.736,-114.688
92227,32.99,-115.359
92230,33.91,-116.766
92231,32.688,-115.541
92233,33.173,-115.554
92234,33.818,-116.467
92236,33.686,-116.173
92239,33.762,-115.466
92240,33.952,-116.52
92241,33.843,-116.293
92242,34.163,-114.319
92243,32.77,-115.599
92249,32.726,-115.473
92250,32.777,-115.128
92251,32.881,-115.675
92252,34.168,-116.288
92253,33.642,-116.274
92254,33.544,-115.994
92256,34.077,-116.607
92257,33.294,-115.296
92258,33.916,-116.56
92259,32.738,-115.932
92260,33.708,-116.404
92262,33.861,-116.566
92264,33.709,-116.498
92266,33.345,-114.916
92267,34.274,-114.197
92268,34.222,-116.564
92270,33.769,-116.43
92273,32.817,-115.7
92274,33.461,-116.085
92275,33.292,-115.844
92276,33.822,-116.364
92277,34.141,-115.621
92278,34.23,-116.055
92280,34.113,-114.633
92281,33.052,-115.609
92282,33.984,-116.691
92283,32.892,-114.773
92284,34.186,-116.432
92285,34.34,-116.54
92301,34.585,-117.454
92304,34.541,-115.645
92305,34.142,-116.818
92307,34.571,-117.133
92308,34.424,-117.161
92309,35.332,-116.039
92310,35.261,-116.69
92311,34.98,-116.964
92313,34.031,-117.313
92314,34.261,-116.809
92315,34.233,-116.903
92316,34.059,-117.391
92320,33.99,-117.052
92321,34.254,-117.151
92322,34.254,-117.326
92324,34.025,-117.289
92325,34.243,-117.281
92327,34.864,-116.862
92328,36.598,-116.827
92332,34.912,-115.342
92333,34.271,-116.949
92335,34.086,-117.465
92336,34.148,-117.465
92337,34.05,-117.471
92338,34.783,-116.191
92339,34.094,-116.936
92341,34.237,-117.063
92342,34.757,-117.35
92344,34.391,-117.406
92345,34.376,-117.294
92346,34.127,-117.183
92347,34.957,-117.22
92352,34.26,-117.199
92354,34.051,-117.249
92356,34.511,-116.897
92358,34.259,-117.521
92359,34.083,-117.073
92363,34.894,-114.64
92364,35.34,-115.426
92365,34.9,-116.655
92368,34.651,-117.321
92371,34.443,-117.542
92372,34.448,-117.624
92373,34.012,-117.16
92374,34.067,-117.172
92376,34.112,-117.377
92377,34.158,-117.406
92378,34.226,-117.226
92382,34.205,-117.117
92384,36.008,-116.178
92385,34.215,-117.192
92386,34.237,-116.828
92389,35.901,-116.186
92391,34.238,-117.235
92392,34.48,-117.408
92394,34.556,-117.354
92395,34.501,-117.292
92397,34.374,-117.628
92398,34.916,-116.866
92399,34.032,-117.011
92401,34.105,-117.292
92404,34.177,-117.255
92405,34.145,-117.301
92407,34.212,-117.381
92408,34.083,-117.27
92410,34.107,-117.298
92411,34.123,-117.32
92501,33.995,-117.373
92503,33.883,-117.442
92504,33.903,-117.398
92505,33.936,-117.494
92506,33.934,-117.367
92507,33.971,-117.325
92508,33.891,-117.327
92509,34.003,-117.442
92518,33.889,-117.278
92530,33.65,-117.377
92532,33.693,-117.303
92536,33.492,-116.838
92539,33.528,-116.648
92543,33.667,-116.964
92544,33.648,-116.895
92545,33.73,-117.034
92548,33.759,-117.109
92549,33.769,-116.753
92551,33.883,-117.225
92553,33.923,-117.245
92555,33.89,-117.113
92557,33.972,-117.258
92561,33.637,-116.627
92562,33.548,-117.344
92563,33.58,-117.147
92567,33.811,-117.105
92570,33.787,-117.321
92571,33.828,-117.208
92582,33.808,-117.015
92583,33.795,-116.933
92584,33.653,-117.174
92585,33.747,-117.172
92586,33.709,-117.199
92587,33.694,-117.25
92590,33.483,-117.226
92591,33.535,-117.105
92592,33.511,-117.042
92595,33.618,-117.259
92596,33.666,-117.05
92602,33.754,-117.752
92603,33.624,-117.781
92604,33.691,-117.789
92606,33.705,-117.824
92610,33.696,-117.676
92612,33.658,-117.826
92614,33.68,-117.833
92617,33.643,-117.842
92618,33.667,-117.732
92620,33.715,-117.749
92624,33.451,-117.659
92625,33.602,-117.864
92626,33.68,-117.909
92627,33.648,-117.92
92629,33.475,-117.706
92630,33.646,-117.686
92637,33.613,-117.731
92646,33.662,-117.968
92647,33.723,-118.009
92648,33.679,-118.015
92649,33.725,-118.052
92651,33.571,-117.773
92653,33.591,-117.698
92655,33.745,-117.985
92656,33.576,-117.73
92657,33.595,-117.829
92660,33.635,-117.875
92661,33.602,-117.913
92662,33.605,-117.892
92663,33.623,-117.934
92672,33.424,-117.607
92673,33.467,-117.614
92675,33.502,-117.609
92676,33.752,-117.613
92677,33.529,-117.701
92678,33.68,-117.526
92679,33.607,-117.604
92683,33.752,-117.994
92688,33.62,-117.612
92691,33.612,-117.666
92692,33.606,-117.643
92694,33.547,-117.624
92701,33.748,-117.858
92703,33.747,-117.907
92704,33.721,-117.905
92705,33.766,-117.79
92706,33.765,-117.882
92707,33.71,-117.87
92708,33.711,-117.951
92780,33.734,-117.819
92782,33.74,-117.785
92801,33.845,-117.952
92802,33.808,-117.924
92804,33.818,-117.975
92805,33.83,-117.906
92806,33.838,-117.87
92807,33.849,-117.788
92808,33.856,-117.74
92821,33.928,-117.887
92823,33.928,-117.809
92831,33.88,-117.896
92832,33.869,-117.929
92833,33.879,-117.962
92835,33.902,-117.917
92840,33.787,-117.932
92841,33.787,-117.982
92843,33.764,-117.931
92844,33.765,-117.97
92845,33.783,-118.026
92860,33.926,-117.552
92861,33.818,-117.81
92865,33.826,-117.851
92866,33.785,-117.845
92867,33.801,-117.844
92868,33.788,-117.877
92869,33.808,-117.792
92870,33.881,-117.855
92879,33.883,-117.528
92880,33.925,-117.607
92881,33.827,-117.524
92882,33.84,-117.602
92883,33.748,-117.468
92886,33.896,-117.796
92887,33.886,-117.73
93001,34.037,-119.801
93003,34.284,-119.223
93004,34.279,-119.166
93010,34.228,-119.08
93012,34.196,-118.993
93013,34.441,-119.514
93015,34.404,-118.898
93021,34.296,-118.898
93022,34.408,-119.307
93023,34.53,-119.31
93030,34.205,-119.174
93033,34.15,-119.128
93035,34.182,-119.225
93036,34.239,-119.186
93040,34.474,-118.797
93041,34.107,-119.1
93042,33.256,-119.504
93043,34.171,-119.202
93060,34.402,-119.095
93063,34.309,-118.687
93064,34.248,-118.701
93065,34.258,-118.775
93066,34.298,-119.015
93067,34.422,-119.593
93101,34.419,-119.709
93103,34.439,-119.679
93105,34.533,-119.792
93108,34.448,-119.617
93109,34.406,-119.727
93110,34.446,-119.763
93111,34.449,-119.805
93117,34.479,-120.084
93201,35.857,-119.508
93202,36.313,-119.708
93203,35.113,-118.832
93204,35.89,-120.069
93205,35.518,-118.43
93206,35.437,-119.478
93207,35.89,-118.631
93208,36.057,-118.568
93210,36.198,-120.422
93212,36.042,-119.528
93215,35.78,-119.201
93218,35.861,-119.036
93219,35.874,-119.282
93220,35.404,-118.757
93221,36.295,-119.026
93222,34.842,-119.204
93223,36.305,-119.205
93224,35.228,-119.569
93225,34.769,-119.03
93226,35.736,-118.738
93230,36.292,-119.623
93234,36.191,-120.09
93235,36.39,-119.22
93238,35.729,-118.392
93239,36.047,-119.99
93240,35.618,-118.452
93241,35.255,-118.913
93242,36.442,-119.728
93243,34.773,-118.792
93244,36.489,-118.998
93245,36.292,-119.829
93247,36.206,-119.071
93249,35.622,-119.888
93250,35.665,-119.198
93251,35.336,-119.758
93252,34.71,-119.244
93254,34.967,-119.81
93255,35.677,-118.101
93256,35.961,-119.313
93257,35.988,-118.86
93258,36.054,-119.15
93260,35.817,-118.669
93261,35.809,-119.128
93262,36.616,-118.698
93263,35.493,-119.287
93265,36.245,-118.693
93266,36.145,-119.867
93267,36.151,-119.049
93268,35.162,-119.425
93270,35.952,-119.073
93271,36.469,-118.801
93272,36.047,-119.344
93274,36.178,-119.371
93276,35.299,-119.358
93277,36.301,-119.373
93280,35.652,-119.446
93283,35.592,-118.298
93285,35.715,-118.507
93286,36.463,-119.093
93287,35.758,-118.988
93291,36.392,-119.373
93292,36.376,-119.212
93301,35.384,-119.021
93304,35.34,-119.023
93305,35.39,-118.985
93306,35.468,-118.78
93307,35.245,-118.941
93308,35.621,-118.79
93309,35.343,-119.065
93311,35.192,-119.176
93312,35.393,-119.12
93313,35.163,-119.046
93314,35.394,-119.245
93401,35.236,-120.616
93402,35.295,-120.835
93405,35.297,-120.733
93410,35.301,-120.661
93420,35.176,-120.477
93422,35.464,-120.693
93424,35.186,-120.732
93426,35.849,-120.939
93427,34.61,-120.22
93428,35.585,-121.041
93429,34.868,-120.54
93430,35.485,-120.944
93432,35.487,-120.485
93433,35.121,-120.62
93434,34.92,-120.605
93436,34.596,-120.353
93437,34.738,-120.544
93440,34.712,-120.23
93441,34.771,-119.985
93442,35.402,-120.799
93444,35.037,-120.505
93445,35.044,-120.62
93446,35.663,-120.75
93449,35.166,-120.656
93450,36.085,-120.819
93451,35.887,-120.609
93452,35.746,-121.223
93453,35.304,-120.257
93454,34.923,-120.259
93455,34.832,-120.434
93458,34.959,-120.49
93460,34.654,-120.007
93461,35.653,-120.266
93463,34.624,-120.138
93465,35.539,-120.74
93501,35.067,-118.185
93505,35.164,-117.887
93510,34.451,-118.228
93512,37.892,-118.555
93513,37.132,-118.156
93514,37.492,-118.39
93516,35.002,-117.63
93517,38.281,-119.384
93518,35.385,-118.491
93519,35.294,-117.926
93522,36.316,-117.592
93523,34.957,-117.827
93524,34.932,-117.907
93526,36.824,-118.281
93527,36.12,-118.177
93528,35.372,-117.643
93529,37.816,-119.096
93530,36.476,-117.86
93531,35.222,-118.583
93532,34.69,-118.534
93534,34.713,-118.153
93535,34.714,-117.865
93536,34.747,-118.369
93541,37.988,-119.114
93543,34.481,-117.982
93544,34.496,-117.757
93545,36.556,-118.054
93546,37.549,-118.84
93549,36.212,-117.949
93550,34.409,-118.124
93551,34.604,-118.239
93552,34.571,-118.024
93553,34.407,-117.912
93554,35.414,-117.764
93555,35.607,-117.683
93558,35.348,-117.621
93560,34.867,-118.34
93561,35.119,-118.494
93562,35.746,-117.387
93563,34.403,-117.766
93591,34.594,-117.814
93592,35.853,-117.225
93601,37.393,-119.741
93602,37.029,-119.317
93603,36.623,-118.957
93604,37.344,-119.422
93605,37.203,-119.249
93606,36.803,-120.019
93608,36.492,-120.356
93609,36.527,-119.864
93610,37.098,-120.281
93611,36.825,-119.68
93612,36.815,-119.711
93614,37.21,-119.75
93615,36.503,-119.286
93616,36.655,-119.594
93618,36.521,-119.389
93619,36.918,-119.593
93620,37.02,-120.625
93621,36.789,-119.14
93622,36.815,-120.575
93623,37.495,-119.644
93624,36.378,-120.117
93625,36.625,-119.672
93626,37.043,-119.691
93627,36.474,-120.061
93628,36.772,-118.936
93630,36.727,-120.123
93631,36.478,-119.521
93633,36.822,-118.649
93634,37.224,-119.001
93635,37.068,-120.844
93636,36.985,-119.874
93637,36.918,-120.186
93638,37.043,-120.034
93640,36.673,-120.447
93641,36.697,-119.023
93643,37.225,-119.471
93644,37.378,-119.632
93645,37.182,-119.641
93646,36.645,-119.289
93647,36.601,-119.175
93648,36.621,-119.521
93650,36.841,-119.8
93651,36.999,-119.519
93652,36.595,-119.905
93653,37.248,-119.945
93654,36.659,-119.401
93656,36.45,-119.934
93657,36.818,-119.458
93660,36.585,-120.174
93662,36.537,-119.639
93664,37.129,-119.22
93665,36.96,-120.648
93666,36.547,-119.336
93667,36.956,-119.335
93668,36.65,-120.284
93669,37.291,-119.548
93673,36.453,-119.482
93675,36.725,-119.193
93701,36.75,-119.788
93702,36.739,-119.754
93703,36.769,-119.762
93704,36.799,-119.802
93705,36.787,-119.828
93706,36.652,-119.907
93710,36.822,-119.76
93711,36.834,-119.833
93720,36.862,-119.761
93721,36.733,-119.784
93722,36.799,-119.875
93723,36.793,-119.957
93725,36.627,-119.732
93726,36.794,-119.761
93727,36.752,-119.681
93728,36.757,-119.818
93730,36.905,-119.749
93901,36.636,-121.624
93905,36.682,-121.606
93906,36.723,-121.634
93907,36.769,-121.668
93908,36.652,-121.599
93920,36.093,-121.55
93921,36.553,-121.924
93923,36.449,-121.85
93924,36.416,-121.638
93925,36.588,-121.399
93926,36.526,-121.397
93927,36.249,-121.387
93928,36.039,-121.244
93930,36.205,-121.01
93932,35.99,-121.056
93933,36.687,-121.787
93940,36.575,-121.841
93943,36.597,-121.874
93950,36.621,-121.925
93953,36.585,-121.945
93954,36.133,-120.929
93955,36.614,-121.787
93960,36.39,-121.343
93962,36.625,-121.646
94002,37.514,-122.299
94005,37.689,-122.409
94010,37.57,-122.366
94014,37.691,-122.447
94015,37.681,-122.481
94019,37.469,-122.412
94020,37.275,-122.232
94021,37.271,-122.281
94022,37.357,-122.144
94024,37.352,-122.094
94025,37.458,-122.177
94027,37.454,-122.205
94028,37.377,-122.21
94030,37.599,-122.402
94037,37.554,-122.497
94038,37.527,-122.512
94040,37.381,-122.085
94041,37.389,-122.076
94043,37.414,-122.071
94044,37.607,-122.477
94060,37.247,-122.273
94061,37.461,-122.237
94062,37.414,-122.295
94063,37.493,-122.196
94065,37.534,-122.247
94066,37.625,-122.434
94070,37.496,-122.273
94074,37.332,-122.341
94080,37.655,-122.422
94085,37.389,-122.018
94086,37.372,-122.023
94087,37.352,-122.037
94089,37.412,-122.016
94102,37.78,-122.419
94103,37.773,-122.411
94104,37.791,-122.402
94105,37.79,-122.394
94107,37.76,-122.4
94108,37.792,-122.409
94109,37.795,-122.422
94110,37.75,-122.415
94111,37.799,-122.398
94112,37.72,-122.443
94114,37.758,-122.435
94115,37.786,-122.437
94116,37.745,-122.486
94117,37.769,-122.448
94118,37.78,-122.463
94121,37.777,-122.495
94122,37.759,-122.485
94123,37.801,-122.438
94124,37.729,-122.383
94127,37.736,-122.459
94128,37.626,-122.386
94129,37.797,-122.464
94130,37.821,-122.37
94131,37.746,-122.441
94132,37.722,-122.484
94133,37.805,-122.411
94134,37.721,-122.414
94158,37.768,-122.387
94301,37.444,-122.15
94303,37.458,-122.115
94304,37.375,-122.182
94305,37.418,-122.171
94306,37.416,-122.131
94401,37.577,-122.317
94402,37.524,-122.345
94403,37.538,-122.305
94404,37.556,-122.268
94501,37.774,-122.278
94502,37.738,-122.246
94503,38.187,-122.264
94505,37.872,-121.597
94506,37.81,-121.913
94507,37.85,-122.021
94508,38.577,-122.444
94509,37.997,-121.812
94510,38.098,-122.136
94511,38.029,-121.641
94512,38.135,-121.834
94513,37.922,-121.668
94514,37.826,-121.623
94515,38.635,-122.615
94516,37.834,-122.165
94517,37.89,-121.878
94518,37.95,-122.022
94519,37.988,-122.013
94520,37.995,-122.041
94521,37.956,-121.956
94523,37.954,-122.076
94525,38.053,-122.232
94526,37.815,-121.991
94528,37.846,-121.951
94530,37.922,-122.298
94531,37.966,-121.776
94533,38.281,-122.006
94534,38.245,-122.136
94535,38.282,-121.925
94536,37.571,-121.981
94538,37.501,-121.957
94539,37.517,-121.912
94541,37.674,-122.085
94542,37.66,-122.037
94544,37.634,-122.057
94545,37.606,-122.127
94546,37.715,-122.08
94547,38.01,-122.262
94548,37.974,-121.651
94549,37.897,-122.114
94550,37.52,-121.576
94551,37.751,-121.749
94552,37.723,-122.022
94553,37.994,-122.136
94555,37.548,-122.099
94556,37.841,-122.115
94558,38.442,-122.238
94559,38.246,-122.313
94560,37.505,-122.033
94561,37.994,-121.691
94563,37.88,-122.185
94564,37.994,-122.283
94565,38.015,-121.906
94566,37.648,-121.85
94567,38.707,-122.394
94568,37.715,-121.915
94569,38.044,-122.199
94571,38.149,-121.738
94572,38.033,-122.252
94573,38.459,-122.429
94574,38.542,-122.42
94575,37.841,-122.11
94576,38.549,-122.476
94577,37.713,-122.167
94578,37.706,-122.126
94579,37.686,-122.157
94580,37.676,-122.133
94582,37.762,-121.916
94583,37.755,-121.973
94585,38.192,-121.928
94586,37.575,-121.854
94587,37.603,-122.019
94588,37.793,-121.861
94589,38.187,-122.224
94590,38.103,-122.249
94591,38.123,-122.197
94592,38.09,-122.277
94595,37.872,-122.069
94596,37.889,-122.038
94597,37.918,-122.072
94598,37.9,-121.999
94599,38.41,-122.362
94601,37.776,-122.219
94602,37.804,-122.208
94603,37.737,-122.179
94605,37.761,-122.15
94606,37.792,-122.245
94607,37.807,-122.301
94608,37.837,-122.289
94609,37.834,-122.264
94610,37.811,-122.242
94611,37.829,-122.204
94612,37.809,-122.269
94613,37.781,-122.183
94618,37.845,-122.238
94619,37.79,-122.141
94621,37.748,-122.217
94702,37.866,-122.286
94703,37.864,-122.276
94704,37.867,-122.258
94705,37.865,-122.238
94706,37.89,-122.296
94707,37.898,-122.279
94708,37.903,-122.262
94709,37.879,-122.267
94710,37.864,-122.306
94720,37.874,-122.255
94801,37.953,-122.382
94803,37.96,-122.284
94804,37.917,-122.341
94805,37.943,-122.323
94806,37.981,-122.338
94850,37.902,-122.317
94901,37.978,-122.498
94903,38.022,-122.556
94904,37.946,-122.56
94920,37.886,-122.469
94922,38.345,-122.949
94923,38.339,-123.035
94924,37.943,-122.724
94925,37.932,-122.508
94928,38.346,-122.694
94929,38.252,-122.963
94930,37.944,-122.616
94931,38.324,-122.715
94933,38.013,-122.687
94937,38.116,-122.93
94938,38.029,-122.727
94939,37.937,-122.532
94940,38.179,-122.883
94941,37.898,-122.563
94945,38.134,-122.527
94946,38.083,-122.672
94947,38.112,-122.634
94949,38.06,-122.508
94950,38.025,-122.76
94951,38.321,-122.646
94952,38.235,-122.76
94954,38.235,-122.557
94956,38.046,-122.861
94957,37.963,-122.564
94960,37.996,-122.578
94963,38.014,-122.67
94964,37.943,-122.492
94965,37.853,-122.547
94970,37.915,-122.647
94971,38.232,-122.928
94972,38.287,-122.969
94973,38.013,-122.64
95002,37.439,-122.012
95003,37.007,-121.878
95004,36.875,-121.631
95005,37.099,-122.092
95006,37.171,-122.15
95007,37.105,-122.107
95008,37.279,-121.955
95010,36.976,-121.953
95012,36.784,-121.759
95013,37.215,-121.742
95014,37.306,-122.081
95017,37.114,-122.237
95018,37.074,-122.059
95019,36.936,-121.783
95020,37.018,-121.554
95023,36.902,-121.351
95030,37.223,-121.983
95032,37.217,-121.927
95033,37.161,-121.984
95035,37.444,-121.869
95037,37.174,-121.599
95039,36.828,-121.777
95041,37.05,-122.058
95043,36.526,-120.952
95045,36.826,-121.519
95046,37.099,-121.599
95050,37.351,-121.952
95051,37.349,-121.984
95053,37.349,-121.938
95054,37.393,-121.965
95060,37.036,-122.122
95062,36.971,-121.987
95064,36.991,-122.059
95065,37.031,-121.983
95066,37.068,-122.014
95070,37.26,-122.046
95073,37.042,-121.93
95075,36.779,-121.142
95076,36.946,-121.756
95110,37.347,-121.91
95111,37.283,-121.826
95112,37.344,-121.884
95113,37.334,-121.891
95116,37.35,-121.853
95117,37.311,-121.962
95118,37.256,-121.89
95119,37.23,-121.785
95120,37.186,-121.844
95121,37.304,-121.81
95122,37.329,-121.835
95123,37.244,-121.832
95124,37.257,-121.923
95125,37.295,-121.891
95126,37.327,-121.917
95127,37.371,-121.801
95128,37.316,-121.936
95129,37.306,-122.001
95130,37.277,-121.986
95131,37.387,-121.897
95132,37.425,-121.749
95133,37.372,-121.861
95134,37.426,-121.951
95135,37.285,-121.658
95136,37.269,-121.851
95138,37.247,-121.734
95139,37.225,-121.764
95140,37.394,-121.62
95148,37.336,-121.778
95202,37.96,-121.288
95203,37.952,-121.33
95204,37.974,-121.319
95205,37.965,-121.26
95206,37.919,-121.417
95207,38.002,-121.325
95209,38.047,-121.353
95210,38.03,-121.298
95211,37.979,-121.313
95212,38.05,-121.233
95215,37.949,-121.157
95219,38.052,-121.483
95220,38.2,-121.235
95222,38.072,-120.631
95223,38.434,-119.968
95224,38.231,-120.323
95225,38.194,-120.876
95226,38.229,-120.857
95227,38.21,-121.051
95228,37.907,-120.688
95230,38.0,-120.898
95231,37.874,-121.29
95232,38.355,-120.594
95233,38.162,-120.368
95234,37.926,-121.528
95236,38.03,-121.024
95237,38.162,-121.15
95240,38.114,-121.145
95242,38.137,-121.385
95245,38.299,-120.627
95246,38.227,-120.515
95247,38.139,-120.453
95248,38.318,-120.461
95249,38.189,-120.639
95250,38.238,-120.429
95251,38.078,-120.443
95252,38.15,-120.847
95254,38.193,-120.958
95255,38.42,-120.474
95257,38.38,-120.448
95258,38.174,-121.312
95301,37.321,-120.654
95303,37.47,-120.671
95304,37.671,-121.407
95305,37.794,-120.269
95306,37.366,-120.16
95307,37.554,-120.952
95310,38.086,-120.379
95311,37.714,-120.081
95312,37.421,-120.653
95313,37.431,-121.051
95314,38.319,-119.796
95315,37.422,-120.769
95316,37.553,-120.714
95317,37.127,-120.506
95318,37.653,-119.784
95319,37.639,-120.903
95320,37.826,-121.005
95321,37.864,-120.005
95322,37.166,-121.024
95323,37.608,-120.685
95324,37.395,-120.891
95325,37.466,-120.226
95326,37.589,-120.855
95327,37.862,-120.48
95328,37.558,-120.91
95329,37.667,-120.412
95330,37.809,-121.313
95333,37.242,-120.24
95334,37.347,-120.743
95335,38.125,-120.093
95336,37.83,-121.201
95337,37.743,-121.238
95338,37.509,-119.982
95340,37.346,-120.424
95341,37.231,-120.501
95345,37.584,-119.977
95346,38.066,-120.171
95348,37.392,-120.498
95350,37.672,-121.007
95351,37.624,-120.996
95354,37.639,-120.965
95355,37.673,-120.947
95356,37.718,-121.033
95357,37.673,-120.887
95358,37.613,-121.109
95360,37.326,-121.193
95361,37.787,-120.759
95363,37.453,-121.23
95364,38.258,-119.783
95365,37.331,-120.295
95366,37.763,-121.125
95367,37.729,-120.943
95368,37.713,-121.085
95369,37.532,-120.437
95370,37.985,-120.349
95372,37.991,-120.263
95374,37.317,-120.856
95375,38.187,-120.026
95376,37.737,-121.433
95377,37.674,-121.517
95379,37.94,-120.188
95380,37.474,-120.876
95382,37.528,-120.853
95383,38.113,-120.226
95385,37.611,-121.247
95386,37.667,-120.629
95387,37.519,-121.297
95388,37.415,-120.587
95389,37.626,-119.681
95391,37.768,-121.61
95401,38.449,-122.794
95403,38.504,-122.754
95404,38.526,-122.69
95405,38.437,-122.666
95407,38.393,-122.745
95409,38.469,-122.581
95410,39.199,-123.702
95412,38.713,-123.35
95415,39.015,-123.371
95417,39.69,-123.61
95420,39.366,-123.805
95421,38.628,-123.161
95422,38.973,-122.624
95423,39.064,-122.627
95425,38.823,-123.064
95426,38.833,-122.734
95427,39.244,-123.564
95428,39.825,-123.18
95429,39.721,-123.3
95430,38.461,-123.047
95431,38.348,-122.517
95432,39.108,-123.645
95435,39.007,-122.87
95436,38.487,-122.906
95437,39.487,-123.742
95439,38.493,-122.778
95441,38.732,-122.907
95442,38.372,-122.487
95443,39.054,-122.751
95444,38.433,-122.869
95445,38.833,-123.473
95446,38.527,-123.008
95448,38.623,-122.889
95449,38.936,-123.119
95450,38.501,-123.171
95451,38.922,-122.79
95452,38.426,-122.535
95453,39.046,-122.941
95454,39.806,-123.516
95456,39.258,-123.762
95457,38.883,-122.533
95458,39.161,-122.745
95459,38.977,-123.605
95460,39.305,-123.749
95461,38.753,-122.557
95462,38.462,-123.018
95463,39.187,-123.558
95464,39.128,-122.849
95465,38.422,-123.064
95466,39.082,-123.505
95467,38.808,-122.54
95468,38.919,-123.606
95469,39.391,-123.053
95470,39.314,-123.25
95471,38.524,-122.969
95472,38.399,-122.862
95476,38.249,-122.467
95482,39.135,-123.259
95485,39.225,-122.923
95486,38.474,-123.024
95488,39.684,-123.742
95490,39.493,-123.341
95492,38.528,-122.821
95493,39.185,-122.97
95494,38.89,-123.338
95497,38.743,-123.476
95501,40.799,-124.152
95503,40.738,-124.108
95511,40.142,-123.682
95514,40.295,-123.653
95519,40.959,-124.051
95521,40.856,-124.067
95524,40.825,-124.049
95525,40.921,-123.815
95526,40.459,-123.673
95527,41.012,-123.388
95528,40.497,-123.931
95531,41.82,-124.066
95536,40.523,-124.326
95537,40.727,-124.217
95540,40.579,-124.137
95542,40.08,-123.784
95543,41.871,-123.863
95545,40.28,-124.064
95546,41.093,-123.676
95547,40.557,-124.081
95548,41.593,-124.046
95549,40.667,-123.908
95550,40.781,-123.826
95551,40.675,-124.231
95552,40.203,-123.229
95553,40.244,-123.889
95554,40.296,-123.777
95555,41.242,-123.913
95556,41.325,-123.601
95558,40.298,-124.243
95559,40.184,-123.745
95560,40.169,-123.826
95562,40.472,-124.122
95563,40.877,-123.499
95564,40.791,-124.205
95565,40.455,-124.015
95567,41.951,-124.097
95568,41.453,-123.465
95569,40.377,-123.854
95570,41.08,-124.156
95571,40.323,-123.921
95573,40.915,-123.669
95585,39.845,-123.657
95587,39.963,-123.776
95589,40.056,-123.969
95595,40.123,-123.446
95601,38.427,-120.826
95602,38.99,-121.114
95603,38.916,-121.08
95604,39.243,-120.071
95605,38.594,-121.54
95606,38.756,-122.195
95607,38.83,-122.127
95608,38.624,-121.325
95610,38.695,-121.272
95612,38.385,-121.579
95614,38.886,-120.98
95615,38.319,-121.555
95616,38.554,-121.798
95618,38.543,-121.681
95619,38.681,-120.814
95620,38.413,-121.756
95621,38.696,-121.308
95623,38.604,-120.857
95624,38.428,-121.315
95625,38.358,-121.912
95626,38.733,-121.468
95627,38.735,-122.025
95628,38.652,-121.254
95629,38.516,-120.689
95630,38.667,-121.142
95631,39.053,-120.796
95632,38.274,-121.259
95633,38.84,-120.83
95634,38.937,-120.772
95635,38.911,-120.909
95636,38.621,-120.383
95637,38.834,-122.237
95638,38.313,-121.124
95639,38.389,-121.5
95640,38.325,-120.956
95641,38.14,-121.59
95642,38.343,-120.761
95645,38.885,-121.779
95646,38.689,-120.055
95648,38.923,-121.312
95650,38.809,-121.171
95651,38.818,-120.929
95652,38.663,-121.401
95653,38.698,-121.978
95655,38.549,-121.279
95658,38.881,-121.169
95659,38.842,-121.572
95660,38.679,-121.38
95661,38.741,-121.248
95662,38.689,-121.218
95663,38.856,-121.182
95664,38.801,-121.038
95665,38.401,-120.648
95666,38.524,-120.377
95667,38.735,-120.79
95668,38.834,-121.498
95669,38.483,-120.899
95670,38.604,-121.28
95672,38.722,-120.979
95673,38.689,-121.459
95674,38.954,-121.482
95675,38.545,-120.74
95677,38.791,-121.235
95678,38.764,-121.288
95679,38.896,-122.365
95680,38.24,-121.588
95681,38.996,-121.354
95682,38.612,-120.965
95683,38.512,-121.096
95684,38.592,-120.585
95685,38.434,-120.762
95686,38.158,-121.52
95687,38.333,-121.92
95688,38.409,-122.023
95689,38.479,-120.612
95690,38.2,-121.618
95691,38.628,-121.593
95692,39.047,-121.403
95693,38.399,-121.21
95694,38.569,-122.08
95695,38.687,-121.857
95697,38.732,-121.81
95698,38.816,-121.911
95699,38.437,-120.858
95701,39.227,-120.767
95703,38.986,-120.979
95709,38.75,-120.675
95713,39.112,-120.878
95714,39.201,-120.841
95715,39.27,-120.678
95717,39.145,-120.853
95720,38.767,-120.224
95721,38.844,-120.073
95722,39.01,-121.035
95724,39.312,-120.328
95726,38.8,-120.504
95728,39.319,-120.399
95735,38.84,-120.15
95736,39.039,-120.978
95742,38.578,-121.202
95746,38.748,-121.18
95747,38.782,-121.373
95757,38.345,-121.431
95758,38.428,-121.445
95762,38.685,-121.064
95765,38.816,-121.28
95776,38.699,-121.699
95811,38.583,-121.478
95814,38.581,-121.496
95815,38.605,-121.448
95816,38.572,-121.466
95817,38.551,-121.456
95818,38.554,-121.497
95819,38.57,-121.44
95820,38.535,-121.444
95821,38.626,-121.385
95822,38.513,-121.494
95823,38.474,-121.443
95824,38.518,-121.441
95825,38.592,-121.408
95826,38.544,-121.378
95827,38.556,-121.324
95828,38.489,-121.396
95829,38.49,-121.323
95830,38.491,-121.284
95831,38.494,-121.529
95832,38.447,-121.496
95833,38.619,-121.518
95834,38.636,-121.518
95835,38.671,-121.526
95837,38.694,-121.599
95838,38.646,-121.445
95841,38.66,-121.347
95842,38.687,-121.349
95843,38.715,-121.363
95864,38.584,-121.376
95901,39.224,-121.494
95903,39.106,-121.368
95910,39.491,-120.817
95912,39.017,-122.062
95914,39.449,-121.331
95915,40.006,-121.159
95916,39.666,-121.352
95917,39.41,-121.757
95918,39.301,-121.338
95919,39.433,-121.261
95920,39.45,-121.936
95922,39.488,-121.067
95923,40.134,-121.093
95925,39.484,-121.193
95926,39.746,-121.844
95928,39.686,-121.844
95930,39.549,-121.192
95932,39.266,-121.979
95934,40.06,-120.908
95935,39.379,-121.192
95936,39.605,-120.811
95937,38.885,-121.999
95938,39.605,-121.795
95939,39.572,-122.581
95941,39.516,-121.251
95942,40.019,-121.567
95943,39.585,-122.032
95944,39.495,-120.944
95945,39.196,-120.972
95946,39.216,-121.203
95947,40.175,-120.82
95948,39.339,-121.771
95949,39.099,-121.139
95950,39.043,-121.918
95951,39.723,-122.004
95953,39.259,-121.777
95954,39.885,-121.587
95955,39.295,-122.202
95956,39.838,-121.134
95957,39.061,-121.827
95959,39.348,-120.919
95960,39.403,-121.034
95961,39.04,-121.56
95962,39.345,-121.265
95963,39.736,-122.259
95965,39.594,-121.581
95966,39.475,-121.414
95968,39.435,-121.552
95969,39.717,-121.646
95970,39.398,-122.061
95971,39.94,-120.891
95973,39.892,-121.842
95974,39.48,-121.838
95975,39.224,-121.152
95977,39.177,-121.292
95978,39.876,-121.536
95979,39.302,-122.511
95981,39.679,-120.999
95982,39.173,-121.806
95983,40.078,-120.707
95984,40.041,-121.123
95986,39.343,-120.771
95987,39.105,-122.283
95988,39.492,-122.262
95991,38.994,-121.595
95993,39.082,-121.68
96001,40.602,-122.455
96002,40.528,-122.319
96003,40.752,-122.231
96006,41.136,-120.84
96007,40.458,-122.278
96008,40.705,-122.12
96009,41.056,-121.021
96010,40.914,-123.307
96011,41.051,-121.984
96013,40.974,-121.692
96014,41.327,-122.774
96015,41.487,-120.912
96016,40.894,-121.507
96017,41.077,-122.254
96019,40.677,-122.381
96020,40.398,-121.299
96021,39.923,-122.271
96022,40.336,-122.449
96023,41.929,-121.907
96024,40.547,-122.881
96025,41.21,-122.308
96027,41.399,-123.069
96028,41.006,-121.481
96029,39.94,-122.489
96031,41.186,-123.182
96032,41.61,-122.964
96033,40.782,-122.584
96034,41.428,-122.609
96035,40.046,-122.185
96037,41.545,-122.935
96038,41.607,-122.546
96039,41.688,-123.483
96040,40.794,-121.439
96041,40.526,-123.194
96044,41.931,-122.51
96046,40.589,-123.434
96047,40.471,-122.661
96048,40.829,-123.023
96049,41.772,-123.327
96050,41.899,-122.889
96051,40.933,-122.383
96052,40.738,-122.821
96054,41.239,-121.039
96055,40.103,-122.075
96056,41.028,-121.308
96057,41.269,-121.931
96058,41.727,-121.907
96059,40.422,-121.833
96061,40.338,-121.479
96062,40.58,-122.041
96063,40.37,-121.606
96064,41.755,-122.366
96065,40.879,-121.893
96067,41.314,-122.381
96068,41.118,-121.208
96069,40.685,-122.016
96071,40.664,-121.461
96073,40.603,-122.187
96074,39.885,-122.587
96075,40.343,-121.852
96076,40.392,-122.938
96080,40.182,-122.377
96084,40.845,-121.97
96085,41.741,-123.077
96086,41.924,-123.261
96087,40.62,-122.644
96088,40.511,-121.876
96090,40.022,-122.128
96091,41.035,-122.791
96092,39.963,-122.017
96093,40.765,-122.941
96094,41.457,-122.469
96096,40.654,-121.823
96097,41.756,-122.659
96101,41.453,-120.538
96103,39.806,-120.666
96104,41.506,-120.143
96105,39.754,-120.055
96106,39.737,-120.544
96107,38.425,-119.476
96108,41.77,-120.431
96109,40.02,-120.099
96110,41.3,-120.079
96111,39.483,-120.038
96112,41.859,-120.105
96113,40.143,-120.159
96114,40.297,-120.5
96115,41.702,-120.134
96116,41.258,-120.372
96117,40.533,-120.235
96118,39.64,-120.247
96119,41.023,-120.524
96120,38.743,-119.868
96121,40.164,-120.38
96122,39.825,-120.477
96123,40.728,-120.396
96124,39.642,-120.445
96125,39.603,-120.636
96126,39.53,-120.454
96128,40.359,-120.408
96129,39.789,-120.357
96130,40.552,-120.676
96132,40.915,-120.402
96133,38.621,-119.505
96134,41.767,-121.441
96135,39.809,-120.206
96136,40.346,-120.081
96137,40.271,-121.039
96140,39.232,-120.096
96141,39.067,-120.178
96142,38.997,-120.13
96143,39.254,-120.022
96145,39.148,-120.171
96146,39.198,-120.238
96148,39.249,-120.06
96150,38.87,-120.009
96155,38.763,-120.087
96161,39.313,-120.208
96701,21.406,-157.885
96703,22.146,-159.386
96704,19.337,-155.838
96705,21.9,-159.569
96706,21.345,-158.022
96707,21.363,-158.082
96708,20.852,-156.224
96710,19.842,-155.248
96712,21.621,-158.048
96713,20.739,-156.045
96714,22.131,-159.521
96716,22.049,-159.592
96717,21.558,-157.905
96719,20.234,-155.836
96720,19.66,-155.232
96722,22.188,-159.461
96725,19.626,-155.91
96726,19.428,-155.821
96727,20.11,-155.636
96728,19.861,-155.125
96729,21.174,-157.117
96730,21.543,-157.85
96731,21.677,-157.968
96732,20.884,-156.463
96734,21.395,-157.758
96737,19.065,-155.78
96738,19.872,-155.802
96740,19.757,-155.92
96741,21.957,-159.514
96742,21.177,-156.966
96743,19.862,-155.699
96744,21.452,-157.824
96746,22.093,-159.385
96747,21.93,-159.624
96748,21.131,-156.835
96749,19.621,-154.99
96750,19.532,-155.715
96751,22.105,-159.303
96752,21.971,-159.715
96753,20.712,-156.438
96754,22.179,-159.412
96755,20.197,-155.79
96756,21.907,-159.452
96757,21.154,-156.977
96759,21.467,-158.072
96760,19.555,-155.056
96761,20.897,-156.614
96762,21.619,-157.944
96763,20.836,-156.927
96764,19.912,-155.277
96765,21.911,-159.478
96766,21.992,-159.399
96768,20.832,-156.298
96769,21.896,-160.153
96770,21.134,-157.217
96771,19.524,-155.123
96772,19.155,-155.623
96773,19.88,-155.239
96774,19.972,-155.32
96776,19.994,-155.4
96777,19.252,-155.457
96778,19.439,-155.028
96779,20.909,-156.385
96780,19.97,-155.216
96781,19.786,-155.218
96782,21.417,-157.937
96783,19.831,-155.144
96785,19.454,-155.408
96786,21.564,-157.979
96789,21.484,-157.934
96790,20.685,-156.305
96791,21.564,-158.185
96792,21.469,-158.167
96793,20.895,-156.53
96795,21.335,-157.711
96796,22.094,-159.719
96797,21.431,-157.973
96799,14.32,-170.75
96813,21.317,-157.845
96814,21.293,-157.849
96815,21.273,-157.822
96816,21.291,-157.788
96817,21.356,-157.822
96818,21.343,-157.942
96819,21.347,-157.877
96821,21.311,-157.75
96822,21.32,-157.811
96825,21.295,-157.689
96826,21.292,-157.827
96850,21.304,-157.863
96853,21.334,-157.939
96857,21.487,-158.052
96859,21.36,-157.891
96860,21.356,-157.941
96863,21.448,-157.762
96910,13.451,144.751
96913,13.478,144.815
96915,13.377,144.702
96916,13.26,144.701
96917,13.3,144.74
96921,13.459,144.794
96928,13.385,144.661
96929,13.565,144.876
96932,13.475,144.742
96950,15.187,145.754
96951,14.152,145.213
96952,15.01,145.631
97001,44.99,-120.604
97002,45.24,-122.794
97004,45.255,-122.449
97005,45.491,-122.804
97006,45.517,-122.86
97007,45.454,-122.88
97008,45.46,-122.804
97009,45.423,-122.333
97011,45.387,-122.026
97013,45.221,-122.668
97014,45.569,-122.045
97015,45.414,-122.537
97016,46.06,-123.267
97017,45.177,-122.39
97018,45.899,-122.812
97019,45.516,-122.243
97020,45.223,-122.834
97021,45.386,-121.142
97022,45.347,-122.32
97023,45.278,-122.323
97024,45.547,-122.442
97026,45.106,-122.96
97027,45.386,-122.593
97028,45.288,-121.807
97029,45.287,-120.802
97030,45.509,-122.433
97031,45.627,-121.55
97032,45.177,-122.784
97033,45.28,-120.596
97034,45.409,-122.683
97035,45.413,-122.725
97037,45.067,-121.028
97038,45.095,-122.559
97039,45.452,-120.665
97040,45.617,-121.388
97041,45.436,-121.625
97042,45.208,-122.537
97045,45.32,-122.536
97048,46.045,-122.982
97049,45.345,-121.863
97050,45.674,-120.782
97051,45.876,-122.949
97053,45.828,-122.883
97054,45.942,-122.95
97055,45.389,-122.155
97056,45.772,-122.969
97057,45.003,-120.75
97058,45.536,-121.155
97060,45.531,-122.369
97062,45.369,-122.762
97063,45.225,-121.301
97064,45.859,-123.236
97065,45.608,-120.645
97067,45.298,-122.059
97068,45.353,-122.669
97070,45.306,-122.773
97071,45.134,-122.826
97080,45.478,-122.391
97086,45.445,-122.528
97089,45.426,-122.443
97101,45.09,-123.229
97102,45.796,-123.96
97103,46.134,-123.711
97106,45.666,-123.119
97107,45.553,-123.879
97108,45.269,-123.709
97109,45.738,-123.181
97110,45.901,-123.955
97111,45.285,-123.195
97112,45.271,-123.868
97113,45.497,-123.044
97114,45.188,-123.077
97115,45.275,-123.039
97116,45.581,-123.166
97117,45.631,-123.288
97118,45.561,-123.911
97119,45.469,-123.2
97121,46.172,-123.952
97122,45.161,-123.826
97123,45.44,-122.98
97124,45.569,-122.947
97125,45.671,-123.197
97127,45.246,-123.111
97128,45.212,-123.282
97130,45.672,-123.933
97131,45.737,-123.817
97132,45.324,-122.987
97133,45.702,-123.03
97134,45.458,-123.977
97135,45.222,-123.963
97136,45.631,-123.921
97137,45.22,-122.948
97138,45.854,-123.569
97140,45.353,-122.866
97141,45.511,-123.743
97144,45.742,-123.3
97145,45.851,-123.951
97146,46.13,-123.946
97147,45.688,-123.879
97148,45.358,-123.248
97149,45.113,-123.939
97201,45.508,-122.691
97202,45.483,-122.644
97203,45.604,-122.738
97204,45.518,-122.674
97205,45.521,-122.71
97206,45.482,-122.599
97208,45.529,-122.679
97209,45.531,-122.684
97210,45.544,-122.727
97211,45.581,-122.637
97212,45.544,-122.643
97213,45.538,-122.6
97214,45.515,-122.643
97215,45.515,-122.601
97216,45.514,-122.558
97217,45.602,-122.701
97218,45.576,-122.601
97219,45.454,-122.699
97220,45.55,-122.559
97221,45.498,-122.729
97222,45.441,-122.618
97223,45.44,-122.777
97224,45.406,-122.795
97225,45.503,-122.77
97227,45.543,-122.678
97229,45.551,-122.809
97230,45.558,-122.505
97231,45.688,-122.824
97232,45.529,-122.644
97233,45.515,-122.502
97236,45.483,-122.511
97239,45.49,-122.69
97266,45.483,-122.558
97267,45.408,-122.613
97301,44.949,-123.004
97302,44.903,-123.065
97303,45.03,-123.024
97304,45.007,-123.112
97305,45.014,-122.929
97306,44.843,-123.095
97317,44.903,-122.907
97321,44.653,-123.14
97322,44.628,-123.018
97324,44.365,-123.623
97325,44.834,-122.852
97326,44.619,-123.603
97327,44.375,-122.948
97329,44.411,-122.385
97330,44.648,-123.26
97331,44.565,-123.28
97333,44.468,-123.294
97338,44.927,-123.347
97341,44.809,-124.051
97342,44.739,-121.879
97343,44.575,-123.751
97344,44.869,-123.465
97345,44.412,-122.579
97346,44.788,-122.335
97347,45.077,-123.656
97348,44.383,-123.122
97350,44.631,-121.864
97351,44.815,-123.129
97352,44.749,-123.028
97355,44.532,-122.821
97357,44.753,-123.826
97358,44.804,-122.414
97360,44.766,-122.499
97361,44.767,-123.345
97362,45.063,-122.771
97364,44.999,-123.987
97365,44.666,-124.011
97366,44.576,-124.058
97367,44.915,-123.974
97368,45.024,-123.903
97369,44.762,-124.052
97370,44.564,-123.445
97371,44.991,-123.191
97373,45.057,-122.772
97374,44.676,-122.778
97375,44.977,-122.596
97376,44.498,-123.975
97377,44.463,-123.106
97378,45.071,-123.421
97380,44.786,-123.93
97381,44.939,-122.721
97383,44.794,-122.722
97384,44.791,-122.619
97385,44.866,-122.724
97386,44.359,-122.727
97388,44.904,-124.018
97389,44.533,-123.09
97390,44.309,-123.829
97391,44.625,-123.898
97392,44.796,-122.93
97394,44.444,-123.907
97396,45.105,-123.549
97401,44.068,-123.08
97402,44.048,-123.231
97403,44.036,-123.053
97404,44.105,-123.133
97405,43.94,-123.193
97406,42.616,-124.021
97408,44.143,-123.058
97410,42.799,-123.148
97411,43.076,-124.359
97412,44.205,-123.548
97413,44.125,-122.072
97414,42.961,-124.203
97415,42.084,-124.175
97416,43.034,-123.687
97417,42.948,-123.231
97419,44.181,-123.413
97420,43.351,-124.137
97423,43.194,-124.173
97424,43.741,-123.019
97426,43.899,-123.03
97429,42.968,-123.064
97430,44.175,-123.705
97431,43.87,-122.841
97434,43.621,-122.703
97435,43.69,-123.328
97436,43.64,-123.585
97437,44.093,-123.409
97438,43.944,-122.682
97439,44.09,-124.048
97441,43.752,-124.166
97442,42.78,-123.425
97443,43.25,-123.004
97444,42.506,-124.337
97446,44.261,-123.055
97447,43.155,-122.21
97448,44.208,-123.28
97449,43.563,-124.041
97450,42.906,-124.397
97451,43.815,-123.268
97452,43.874,-122.75
97453,43.98,-123.85
97454,44.222,-122.822
97455,43.969,-122.92
97456,44.339,-123.366
97457,43.065,-123.229
97458,43.049,-124.009
97459,43.484,-124.183
97461,44.109,-123.48
97462,43.49,-123.379
97463,43.741,-122.387
97465,42.764,-124.345
97466,42.849,-124.085
97467,43.816,-123.824
97469,42.911,-123.446
97470,43.251,-123.242
97471,43.218,-123.488
97473,43.676,-123.853
97476,42.842,-124.403
97477,44.058,-123.012
97478,44.089,-122.842
97479,43.39,-123.208
97480,44.122,-123.825
97481,43.115,-123.566
97484,42.94,-122.85
97486,43.383,-123.532
97487,43.989,-123.387
97488,44.129,-122.417
97489,44.165,-122.621
97490,44.004,-123.612
97492,43.718,-122.485
97493,43.89,-124.025
97494,43.33,-123.328
97495,43.281,-123.315
97496,43.066,-123.473
97497,42.666,-123.425
97498,44.285,-124.023
97499,43.595,-123.248
97501,42.266,-122.901
97502,42.415,-122.955
97503,42.605,-122.924
97504,42.328,-122.8
97520,42.182,-122.577
97522,42.575,-122.531
97523,42.123,-123.567
97524,42.467,-122.648
97525,42.451,-123.061
97526,42.536,-123.338
97527,42.371,-123.414
97530,42.152,-123.057
97531,42.2,-123.646
97532,42.574,-123.521
97534,42.119,-123.786
97535,42.268,-122.811
97536,42.782,-122.495
97537,42.546,-123.138
97538,42.271,-123.567
97539,42.576,-122.786
97540,42.193,-122.817
97541,42.775,-122.755
97543,42.375,-123.562
97544,42.161,-123.302
97601,42.443,-122.076
97603,42.152,-121.684
97604,42.954,-122.213
97620,42.204,-119.788
97621,42.469,-121.294
97622,42.419,-121.026
97623,42.202,-121.271
97624,43.003,-121.636
97625,42.315,-121.581
97626,42.667,-122.028
97627,42.14,-122.05
97630,42.331,-120.367
97632,42.036,-121.434
97633,42.034,-121.563
97634,42.128,-121.815
97635,41.93,-120.294
97636,42.617,-120.514
97637,42.703,-119.89
97638,43.136,-120.987
97639,42.448,-121.429
97640,42.848,-120.663
97641,43.26,-120.514
97701,44.112,-121.206
97702,44.001,-121.234
97707,43.826,-121.492
97710,42.175,-118.471
97711,44.705,-120.664
97712,43.789,-120.456
97720,43.585,-118.888
97721,42.526,-118.446
97722,42.948,-118.716
97730,44.502,-121.647
97731,43.146,-121.797
97732,43.397,-118.443
97733,43.371,-122.0
97734,44.542,-121.336
97735,43.411,-120.926
97736,42.742,-119.007
97737,43.497,-121.744
97738,43.484,-119.156
97739,43.695,-121.461
97741,44.658,-121.054
97750,44.658,-120.197
97751,44.145,-119.869
97752,44.143,-120.254
97753,44.241,-121.018
97754,44.16,-120.586
97756,44.283,-121.217
97758,43.339,-119.872
97759,44.501,-121.898
97760,44.376,-121.244
97761,44.839,-121.262
97801,45.671,-118.824
97810,45.714,-118.458
97812,45.575,-120.25
97813,45.85,-118.528
97814,44.828,-117.758
97817,44.729,-118.606
97818,45.785,-119.89
97819,44.485,-117.76
97820,44.073,-119.473
97823,45.24,-120.217
97824,45.354,-117.756
97825,44.385,-119.496
97826,45.664,-119.232
97827,45.575,-117.838
97828,45.717,-117.222
97830,44.967,-120.183
97833,44.929,-118.015
97834,44.972,-117.161
97835,45.91,-118.787
97836,45.321,-119.475
97837,44.557,-118.067
97838,45.853,-119.287
97839,45.591,-119.593
97840,44.885,-116.918
97841,45.465,-117.945
97842,45.399,-116.737
97843,45.502,-119.903
97844,45.884,-119.549
97845,44.402,-118.903
97846,45.463,-117.04
97848,44.722,-119.581
97850,45.304,-118.113
97856,44.815,-119.125
97857,45.385,-117.48
97859,45.527,-118.421
97862,45.922,-118.316
97864,44.805,-119.436
97865,44.461,-119.18
97867,45.078,-117.994
97868,45.409,-118.854
97869,44.398,-118.634
97870,44.788,-117.187
97873,44.132,-119.003
97874,44.778,-119.868
97875,45.819,-119.133
97876,45.516,-118.036
97877,44.712,-118.411
97880,45.089,-118.883
97882,45.897,-119.366
97883,45.192,-117.634
97884,44.455,-118.222
97885,45.656,-117.512
97886,45.802,-118.272
97901,43.621,-117.107
97903,44.247,-117.647
97904,43.886,-118.523
97905,44.574,-117.46
97906,43.537,-117.775
97907,44.42,-117.346
97908,44.312,-117.928
97909,44.247,-117.419
97910,42.749,-117.511
97911,43.736,-118.041
97913,43.614,-117.323
97914,44.114,-117.084
97918,44.037,-117.351
97920,44.072,-117.854
98001,47.311,-122.263
98002,47.308,-122.217
98003,47.305,-122.317
98004,47.618,-122.205
98005,47.615,-122.169
98006,47.558,-122.151
98007,47.614,-122.144
98008,47.606,-122.099
98010,47.312,-122.001
98011,47.753,-122.202
98012,47.841,-122.199
98014,47.662,-121.892
98019,47.734,-121.855
98020,47.802,-122.374
98021,47.793,-122.208
98022,47.216,-121.913
98023,47.311,-122.363
98024,47.573,-121.899
98026,47.841,-122.333
98027,47.494,-121.999
98028,47.756,-122.248
98029,47.557,-122.008
98030,47.367,-122.198
98031,47.405,-122.196
98032,47.392,-122.257
98033,47.676,-122.194
98034,47.716,-122.214
98036,47.81,-122.28
98037,47.839,-122.285
98038,47.419,-121.958
98039,47.632,-122.24
98040,47.568,-122.233
98042,47.368,-122.117
98043,47.791,-122.308
98045,47.388,-121.606
98047,47.262,-122.249
98050,47.545,-121.939
98051,47.346,-121.881
98052,47.681,-122.121
98053,47.669,-122.008
98055,47.447,-122.202
98056,47.513,-122.19
98057,47.472,-122.222
98058,47.443,-122.124
98059,47.499,-122.11
98065,47.584,-121.792
98068,47.432,-121.374
98070,47.407,-122.473
98072,47.761,-122.131
98074,47.623,-122.044
98075,47.586,-122.037
98077,47.752,-122.06
98087,47.86,-122.267
98092,47.287,-122.114
98101,47.611,-122.336
98102,47.637,-122.322
98103,47.678,-122.338
98104,47.602,-122.329
98105,47.66,-122.285
98106,47.544,-122.35
98107,47.668,-122.378
98108,47.535,-122.306
98109,47.632,-122.344
98110,47.647,-122.535
98112,47.633,-122.289
98115,47.686,-122.282
98116,47.574,-122.4
98117,47.688,-122.385
98118,47.54,-122.269
98119,47.639,-122.371
98121,47.615,-122.351
98122,47.611,-122.293
98125,47.717,-122.296
98126,47.556,-122.38
98133,47.74,-122.343
98134,47.578,-122.338
98136,47.536,-122.394
98144,47.586,-122.292
98146,47.5,-122.358
98148,47.444,-122.325
98154,47.606,-122.334
98155,47.754,-122.3
98158,47.45,-122.308
98164,47.606,-122.332
98166,47.452,-122.353
98168,47.49,-122.3
98174,47.605,-122.335
98177,47.742,-122.377
98178,47.499,-122.244
98188,47.446,-122.272
98195,47.649,-122.31
98198,47.391,-122.315
98199,47.651,-122.407
98201,48.006,-122.21
98203,47.946,-122.231
98204,47.901,-122.261
98205,47.989,-122.15
98207,47.988,-122.223
98208,47.902,-122.187
98220,48.685,-122.195
98221,48.505,-122.659
98222,48.571,-122.817
98223,48.217,-121.954
98224,47.596,-121.471
98225,48.751,-122.501
98226,48.799,-122.446
98229,48.696,-122.414
98230,48.953,-122.705
98232,48.571,-122.411
98233,48.501,-122.346
98235,48.463,-122.234
98236,47.948,-122.413
98237,48.557,-121.592
98238,48.335,-122.345
98239,48.196,-122.658
98240,48.948,-122.621
98241,48.204,-121.14
98243,48.609,-123.004
98244,48.832,-121.934
98245,48.62,-122.872
98247,48.912,-122.33
98248,48.864,-122.619
98249,48.014,-122.543
98250,48.571,-123.113
98251,47.912,-121.606
98252,48.073,-121.69
98253,48.092,-122.577
98255,48.522,-121.989
98256,47.821,-121.407
98257,48.406,-122.512
98258,48.044,-122.077
98260,48.036,-122.453
98261,48.482,-122.884
98262,48.675,-122.646
98263,48.524,-122.066
98264,48.95,-122.46
98266,48.964,-122.123
98267,48.439,-121.296
98270,48.057,-122.147
98271,48.09,-122.238
98272,47.849,-121.895
98273,48.403,-122.376
98274,48.349,-122.145
98275,47.917,-122.303
98276,48.927,-122.326
98277,48.317,-122.623
98278,48.34,-122.672
98279,48.637,-122.818
98280,48.608,-122.91
98281,48.992,-123.051
98282,48.213,-122.5
98283,48.802,-121.26
98284,48.547,-122.135
98286,48.569,-122.958
98288,47.662,-121.279
98290,47.955,-121.979
98292,48.217,-122.314
98294,47.874,-121.754
98295,48.984,-122.193
98296,47.841,-122.101
98297,48.702,-123.027
98303,47.157,-122.694
98304,46.885,-121.737
98305,48.063,-124.439
98310,47.592,-122.626
98311,47.631,-122.631
98312,47.574,-122.786
98314,47.556,-122.637
98315,47.725,-122.716
98320,47.719,-122.967
98321,47.153,-122.072
98323,47.043,-121.828
98325,47.967,-122.76
98326,48.18,-124.412
98327,47.104,-122.665
98328,46.866,-122.158
98329,47.361,-122.744
98330,46.776,-122.169
98331,47.777,-124.192
98332,47.372,-122.596
98333,47.258,-122.647
98335,47.297,-122.624
98336,46.598,-122.078
98337,47.569,-122.632
98338,47.034,-122.277
98339,48.024,-122.749
98340,47.91,-122.571
98342,47.755,-122.511
98345,47.699,-122.624
98346,47.821,-122.525
98349,47.273,-122.765
98350,47.906,-124.622
98351,47.2,-122.774
98353,47.539,-122.493
98354,47.252,-122.317
98355,46.704,-122.04
98356,46.561,-122.29
98357,48.334,-124.635
98358,48.064,-122.713
98359,47.431,-122.575
98360,47.051,-122.153
98361,46.538,-121.505
98362,47.931,-123.365
98363,48.004,-123.823
98364,47.847,-122.588
98365,47.885,-122.701
98366,47.541,-122.577
98367,47.461,-122.698
98368,48.034,-122.839
98370,47.754,-122.627
98371,47.199,-122.324
98372,47.206,-122.266
98373,47.148,-122.324
98374,47.129,-122.264
98375,47.103,-122.333
98376,47.847,-122.852
98377,46.526,-121.917
98380,47.579,-122.903
98381,48.274,-124.475
98382,48.023,-123.106
98383,47.662,-122.715
98385,47.136,-122.09
98387,47.061,-122.389
98388,47.21,-122.684
98390,47.21,-122.228
98391,47.177,-122.166
98392,47.732,-122.562
98394,47.311,-122.778
98396,47.095,-122.002
98402,47.25,-122.439
98403,47.266,-122.459
98404,47.209,-122.412
98405,47.246,-122.472
98406,47.264,-122.513
98407,47.29,-122.518
98408,47.197,-122.447
98409,47.211,-122.482
98416,47.263,-122.481
98418,47.223,-122.447
98421,47.261,-122.4
98422,47.29,-122.392
98424,47.235,-122.354
98430,47.118,-122.567
98433,47.113,-122.589
98438,47.132,-122.497
98439,47.133,-122.513
98443,47.205,-122.373
98444,47.153,-122.449
98445,47.14,-122.41
98446,47.13,-122.379
98447,47.144,-122.443
98465,47.252,-122.536
98466,47.224,-122.541
98467,47.203,-122.568
98498,47.159,-122.553
98499,47.169,-122.503
98501,46.975,-122.876
98502,47.087,-123.022
98503,47.022,-122.797
98506,47.108,-122.871
98512,46.975,-123.064
98513,46.977,-122.734
98516,47.11,-122.794
98520,47.206,-123.754
98524,47.355,-122.861
98526,47.454,-123.991
98527,46.586,-123.925
98528,47.446,-122.897
98530,46.791,-122.821
98531,46.73,-122.903
98532,46.626,-123.053
98533,46.661,-122.396
98535,47.106,-124.138
98536,47.195,-124.104
98537,46.832,-123.597
98538,46.483,-123.146
98541,47.061,-123.39
98542,46.525,-122.791
98544,46.739,-123.027
98546,47.319,-122.925
98547,46.784,-124.036
98548,47.383,-123.412
98550,47.094,-123.926
98552,47.315,-123.924
98555,47.533,-123.063
98557,47.044,-123.268
98558,46.934,-122.557
98559,46.959,-123.327
98560,47.31,-123.423
98562,47.238,-124.204
98563,47.194,-123.615
98564,46.449,-122.42
98565,46.578,-122.902
98568,46.855,-123.314
98569,46.994,-124.137
98570,46.631,-122.651
98571,47.195,-124.171
98572,46.546,-123.314
98575,47.416,-123.803
98576,46.837,-122.638
98577,46.642,-123.61
98579,46.788,-123.125
98580,46.999,-122.522
98581,46.358,-123.067
98582,46.524,-122.626
98583,47.001,-123.487
98584,47.239,-123.146
98585,46.551,-122.477
98586,46.551,-123.831
98587,47.309,-124.202
98588,47.456,-123.025
98589,46.833,-122.795
98590,46.708,-123.999
98591,46.442,-122.747
98592,47.326,-123.07
98593,46.403,-123.01
98595,46.888,-124.113
98596,46.492,-122.953
98597,46.844,-122.493
98601,45.943,-122.363
98602,45.867,-121.265
98603,46.056,-122.415
98604,45.806,-122.511
98605,45.777,-121.666
98606,45.73,-122.456
98607,45.642,-122.38
98610,45.866,-122.065
98611,46.305,-122.901
98612,46.216,-123.325
98613,45.737,-120.966
98614,46.297,-123.909
98616,46.254,-122.181
98617,45.643,-121.167
98619,45.976,-121.275
98620,45.874,-120.776
98621,46.379,-123.538
98624,46.351,-123.992
98625,46.037,-122.733
98626,46.172,-122.774
98628,45.888,-121.082
98629,45.877,-122.619
98631,46.405,-124.032
98632,46.21,-123.056
98635,45.75,-121.186
98638,46.394,-123.761
98639,45.67,-121.99
98640,46.583,-124.027
98641,46.546,-124.03
98642,45.808,-122.694
98643,46.295,-123.618
98644,46.33,-124.057
98645,46.332,-122.76
98647,46.315,-123.401
98648,45.706,-121.956
98649,46.314,-122.535
98650,45.948,-121.541
98651,45.74,-121.583
98660,45.679,-122.72
98661,45.64,-122.625
98662,45.688,-122.578
98663,45.657,-122.663
98664,45.62,-122.577
98665,45.68,-122.661
98670,45.859,-121.141
98671,45.614,-122.238
98672,45.839,-121.452
98673,45.656,-121.028
98674,45.951,-122.666
98675,45.828,-122.343
98682,45.673,-122.482
98683,45.603,-122.51
98684,45.631,-122.515
98685,45.715,-122.693
98686,45.723,-122.624
98801,47.424,-120.337
98802,47.486,-120.18
98811,47.714,-120.376
98812,48.152,-119.743
98813,48.041,-119.561
98814,48.207,-120.158
98815,47.461,-120.478
98816,48.003,-120.34
98817,47.792,-119.994
98819,48.615,-119.821
98821,47.55,-120.559
98822,47.98,-120.624
98823,47.309,-119.649
98824,47.078,-119.859
98826,47.783,-120.843
98827,48.869,-119.771
98828,47.31,-120.178
98829,48.303,-119.811
98830,47.895,-119.523
98831,47.96,-120.103
98832,47.372,-119.024
98833,48.773,-120.64
98834,48.12,-120.067
98836,47.472,-120.438
98837,47.15,-119.306
98840,48.315,-119.58
98841,48.36,-119.269
98843,47.757,-120.058
98844,48.927,-119.228
98845,47.432,-119.938
98846,48.015,-119.971
98847,47.42,-120.643
98848,47.169,-119.843
98849,48.541,-119.41
98850,47.31,-120.076
98851,47.414,-119.432
98852,48.251,-120.53
98853,47.46,-119.264
98855,48.675,-119.253
98856,48.343,-120.264
98857,46.983,-119.058
98858,47.649,-119.901
98859,48.798,-118.956
98860,47.462,-119.2
98862,48.603,-120.321
98901,46.723,-120.406
98902,46.597,-120.534
98903,46.544,-121.023
98908,46.615,-120.724
98921,46.431,-120.319
98922,47.267,-120.879
98923,46.666,-120.718
98925,47.257,-121.271
98926,47.014,-120.459
98929,46.882,-121.285
98930,46.269,-119.892
98932,46.333,-120.156
98933,46.402,-120.631
98934,46.982,-120.415
98935,46.133,-120.086
98936,46.538,-120.144
98937,46.793,-121.226
98938,46.388,-120.094
98939,46.497,-120.466
98940,47.477,-121.08
98941,47.223,-120.982
98942,46.801,-120.665
98943,47.184,-120.965
98944,46.498,-119.627
98946,47.08,-120.725
98947,46.687,-120.802
98948,46.298,-120.313
98950,46.896,-119.988
98951,46.456,-120.514
98952,46.356,-120.763
98953,46.442,-120.227
99001,47.636,-117.586
99003,47.92,-117.293
99004,47.42,-117.631
99005,47.844,-117.366
99006,47.984,-117.502
99008,47.503,-117.933
99009,48.026,-117.252
99011,47.619,-117.648
99012,47.382,-117.193
99013,47.894,-117.831
99016,47.597,-117.121
99017,47.184,-117.887
99018,47.29,-117.155
99019,47.643,-117.076
99020,47.563,-117.497
99021,47.848,-117.19
99022,47.6,-117.709
99023,47.561,-117.172
99025,47.794,-117.075
99026,47.811,-117.627
99027,47.71,-117.128
99029,47.694,-117.831
99030,47.484,-117.11
99031,47.423,-117.362
99032,47.327,-118.034
99033,47.232,-117.099
99034,47.872,-117.751
99036,47.525,-117.276
99037,47.636,-117.198
99039,47.345,-117.266
99040,47.898,-118.004
99101,48.32,-117.921
99102,46.792,-117.25
99103,47.756,-118.928
99105,46.868,-118.074
99109,48.293,-117.699
99110,48.012,-117.576
99111,46.838,-117.421
99113,46.593,-117.19
99114,48.655,-117.736
99115,47.647,-119.417
99116,48.031,-118.927
99117,47.722,-118.532
99118,48.897,-118.639
99119,48.509,-117.315
99121,48.936,-118.469
99122,47.688,-118.208
99123,47.846,-119.144
99124,48.0,-118.953
99125,46.931,-117.765
99126,48.73,-117.972
99128,47.098,-117.081
99129,48.015,-118.193
99130,46.997,-117.184
99131,48.277,-118.131
99133,48.021,-119.054
99134,47.398,-118.278
99135,47.665,-119.099
99136,46.675,-117.956
99137,48.148,-118.115
99138,48.206,-118.396
99139,48.753,-117.408
99140,48.111,-118.646
99141,48.737,-118.139
99143,46.766,-117.848
99144,47.378,-118.504
99146,48.958,-118.298
99147,47.874,-118.509
99148,48.1,-117.597
99149,47.217,-117.464
99150,48.805,-118.557
99151,48.664,-118.064
99152,48.845,-117.397
99153,48.911,-117.166
99154,47.39,-118.366
99155,48.249,-118.966
99156,48.186,-117.197
99157,48.821,-117.933
99158,47.13,-117.247
99159,47.327,-118.766
99160,48.839,-118.306
99161,46.904,-117.148
99163,46.73,-117.218
99164,46.731,-117.153
99166,48.575,-118.664
99167,48.419,-118.121
99169,47.106,-118.34
99170,47.236,-117.394
99171,47.098,-117.654
99173,48.037,-117.863
99174,47.011,-117.359
99176,47.081,-117.424
99179,46.495,-117.126
99180,48.293,-117.342
99181,48.148,-117.787
99185,47.749,-118.717
99201,47.662,-117.437
99202,47.657,-117.379
99203,47.629,-117.403
99204,47.646,-117.427
99205,47.697,-117.445
99206,47.629,-117.255
99207,47.689,-117.387
99208,47.788,-117.481
99212,47.665,-117.31
99216,47.686,-117.217
99217,47.741,-117.261
99218,47.759,-117.409
99223,47.589,-117.345
99224,47.652,-117.526
99301,46.379,-118.954
99320,46.266,-119.487
99321,46.879,-119.909
99322,45.944,-120.181
99323,46.191,-118.873
99324,46.043,-118.387
99326,46.65,-118.853
99328,46.263,-117.865
99329,46.156,-118.145
99330,46.49,-119.043
99333,46.686,-118.173
99335,46.647,-118.44
99336,46.214,-119.176
99337,46.073,-119.091
99338,46.148,-119.273
99341,46.913,-118.653
99343,46.594,-119.18
99344,46.82,-119.178
99345,45.942,-119.69
99346,45.998,-119.299
99347,46.428,-117.565
99348,46.382,-118.471
99349,46.731,-119.701
99350,46.183,-119.696
99352,46.253,-119.288
99353,46.314,-119.388
99354,46.332,-119.3
99356,45.824,-120.32
99357,46.891,-119.662
99359,46.549,-118.095
99360,46.09,-118.663
99361,46.237,-118.144
99362,46.101,-118.314
99363,46.06,-118.884
99371,46.8,-118.311
99401,46.087,-117.25
99402,46.191,-117.127
99403,46.362,-117.283
99501,61.22,-149.856
99502,61.164,-149.997
99503,62.044,-158.176
99504,61.205,-149.746
99505,61.257,-149.603
99506,61.253,-149.811
99507,61.148,-149.754
99508,61.201,-149.818
99510,70.102,-149.867
99513,61.215,-149.886
99515,61.116,-149.89
99516,61.079,-149.71
99517,61.19,-149.939
99518,61.16,-149.885
99519,69.216,-146.787
99540,60.99,-149.42
99546,51.829,-176.63
99547,52.213,-174.216
99548,56.237,-158.752
99549,56.964,-158.581
99550,57.904,-153.043
99551,60.903,-161.422
99552,60.91,-161.227
99553,54.117,-165.831
99554,62.711,-164.645
99555,59.26,-158.655
99556,59.9,-151.57
99557,61.42,-156.044
99558,62.631,-160.214
99559,60.814,-161.851
99561,60.151,-164.251
99563,61.531,-165.597
99564,56.305,-158.396
99565,56.305,-158.498
99566,61.271,-142.606
99567,61.299,-149.021
99568,60.209,-151.404
99569,58.805,-158.53
99571,55.216,-162.776
99572,60.53,-149.953
99573,61.712,-145.952
99574,60.894,-145.109
99575,61.797,-158.081
99576,60.261,-159.093
99577,61.201,-149.248
99578,60.214,-162.03
99579,58.203,-157.409
99580,59.366,-157.491
99581,62.785,-164.566
99583,54.89,-163.411
99585,61.919,-162.288
99586,62.833,-143.31
99587,60.966,-148.877
99588,62.402,-146.946
99589,59.127,-161.569
99590,62.896,-160.113
99591,56.582,-169.635
99602,62.187,-159.856
99603,59.539,-151.187
99604,61.536,-166.123
99605,60.787,-149.555
99606,59.851,-154.555
99607,61.757,-159.784
99609,60.864,-162.538
99610,60.265,-150.611
99611,60.6,-151.106
99612,55.059,-162.274
99613,59.01,-155.902
99614,59.936,-164.062
99615,57.65,-153.261
99620,63.029,-163.536
99621,60.793,-161.431
99622,59.874,-163.206
99624,57.588,-153.913
99625,59.29,-156.652
99626,61.517,-160.365
99627,63.454,-154.736
99628,58.957,-159.212
99630,60.371,-166.267
99631,60.615,-149.373
99632,62.112,-163.664
99633,58.788,-156.893
99634,60.683,-161.999
99636,59.488,-157.291
99637,60.552,-165.108
99638,52.898,-168.943
99639,60.062,-151.406
99640,60.003,-155.391
99641,60.882,-162.464
99643,57.22,-153.33
99644,57.91,-152.383
99645,61.624,-148.98
99647,59.879,-154.072
99648,55.931,-159.147
99649,57.5,-157.281
99650,61.947,-162.878
99651,59.001,-161.688
99652,61.53,-149.981
99653,60.198,-154.275
99654,61.449,-149.901
99655,59.741,-161.887
99656,61.928,-157.625
99657,61.728,-161.669
99658,62.092,-163.254
99659,63.464,-162.13
99660,57.179,-170.325
99661,55.247,-160.685
99662,61.792,-165.962
99663,59.401,-151.625
99664,60.076,-149.493
99665,62.646,-159.527
99666,62.441,-165.146
99667,61.679,-152.125
99668,61.682,-157.158
99669,60.36,-151.018
99670,58.66,-156.988
99671,63.472,-162.262
99672,60.753,-150.629
99674,61.591,-148.062
99676,62.45,-149.79
99677,60.894,-146.67
99678,59.4,-159.907
99679,61.104,-160.938
99680,60.385,-162.684
99681,60.607,-165.128
99682,60.352,-153.109
99683,62.515,-151.03
99684,63.985,-160.407
99685,53.872,-166.483
99686,61.15,-146.81
99688,61.887,-149.62
99689,59.485,-139.419
99690,60.524,-164.833
99691,62.818,-153.375
99692,53.886,-166.538
99693,60.851,-148.034
99694,61.624,-149.785
99695,55.918,-159.493
99701,67.095,-149.336
99702,64.651,-147.052
99703,64.833,-147.623
99704,64.296,-149.15
99705,64.762,-147.314
99706,64.01,-144.679
99709,64.863,-148.164
99712,65.059,-145.925
99714,64.385,-146.554
99720,66.564,-152.767
99721,68.155,-151.705
99722,68.092,-145.604
99723,71.254,-156.8
99724,66.391,-147.338
99726,67.169,-152.285
99727,65.976,-161.139
99729,63.006,-149.401
99730,65.65,-145.588
99732,64.072,-142.008
99733,65.839,-144.175
99734,70.428,-149.288
99736,66.085,-162.761
99737,63.78,-145.098
99738,65.634,-141.882
99739,65.024,-162.488
99740,67.875,-144.597
99741,64.736,-156.873
99742,63.777,-171.726
99743,63.681,-150.027
99744,64.308,-149.163
99745,66.045,-154.237
99746,65.6,-158.19
99747,70.118,-143.687
99748,64.346,-158.771
99749,66.978,-160.432
99750,67.729,-164.543
99751,66.923,-156.875
99752,67.263,-161.919
99753,64.94,-161.151
99754,64.902,-157.694
99755,63.785,-148.521
99756,64.565,-151.752
99757,63.815,-152.646
99758,65.152,-149.372
99759,69.737,-162.835
99760,64.251,-148.128
99761,67.621,-163.058
99762,64.744,-164.659
99763,66.828,-161.029
99764,63.292,-141.454
99765,64.729,-158.132
99766,68.703,-164.807
99767,65.499,-150.154
99768,65.033,-154.913
99769,63.68,-170.481
99770,66.746,-159.511
99771,64.364,-161.205
99772,66.003,-165.911
99773,66.888,-157.165
99774,66.024,-149.08
99775,64.858,-147.825
99776,63.395,-143.403
99777,65.249,-151.999
99778,65.059,-166.43
99780,63.181,-143.102
99781,67.469,-146.065
99782,70.646,-159.899
99783,65.677,-168.08
99784,64.682,-163.406
99785,65.344,-166.508
99786,67.168,-156.338
99788,66.647,-143.789
99789,70.002,-151.935
99790,65.39,-148.327
99791,70.468,-156.795
99801,58.373,-134.178
99820,57.436,-134.227
99824,58.265,-134.4
99825,58.16,-135.736
99826,58.71,-136.737
99827,59.099,-135.577
99829,58.104,-135.4
99830,56.771,-134.09
99832,58.015,-136.166
99833,56.927,-133.12
99835,57.0,-135.077
99836,56.235,-134.653
99840,59.575,-135.335
99841,57.794,-135.184
99901,55.54,-131.105
99903,55.818,-132.066
99918,55.917,-132.696
99919,55.646,-132.497
99921,55.407,-132.766
99922,55.308,-133.047
99923,56.002,-130.041
99925,55.55,-132.946
99926,55.138,-131.47
99927,56.239,-133.458
99929,56.371,-131.693
